#file,rigging_db.csv
version,rev56
id,section,en,it,es,vanguard,victory,agamemnon,bounty,diana
1,BOWSPRIT,BOWSPRIT — Woolding,BOMPRESSO — Cerchiatura/legatura del bompresso,BAUPRÉS — Ligadura del bauprés,,28.30,24.26,16.17,24.26
2,BOWSPRIT,BOWSPRIT — Gammonings,BOMPRESSO — Legature (gammoning) del bompresso,BAUPRÉS — Trincas del bauprés,,64.68,56.60,36.38,48.51
3,BOWSPRIT,"BOWSPRIT — Shrouds, fine",BOMPRESSO — Briglie/sartie del bompresso,BAUPRÉS — Obenques del bauprés,,64.68,60.64,36.38,48.51
4,BOWSPRIT,"BOWSPRIT — Bobstays, cabled fine",BOMPRESSO — Stragli inferiori del bompresso (bobstays),BAUPRÉS — Barbiquejos del bauprés,,68.72,64.68,40.43,56.60
5,SPRITSAIL,SPRITSAIL — Braces,CIVADA — Bracci del pennone di civada,CEBADERA — Brazas de la verga cebadera,,28.30,24.26,20.21,20.21
6,SPRITSAIL,SPRITSAIL — Lifts,CIVADA — Amantigli del pennone di civada,CEBADERA — Amantillos de la verga cebadera,,36.38,24.26,16.17,20.21
7,SPRITSAIL,SPRITSAIL — Halliard,CIVADA — Drizza del pennone di civada,CEBADERA — Driza de la verga cebadera,,44.47,24.26,16.17,20.21
8,SPRITSAIL,SPRITSAIL — Clew-lines,CIVADA — Imbrogli della civada,CEBADERA — Chafaldetes de la cebadera,,36.38,20.21,12.13,16.17
9,SPRITSAIL,SPRITSAIL — Buntlines,CIVADA — Caricaboline della civada,CEBADERA — Cargaderas de la cebadera,,24.26,16.17,8.09,16.17
10,SPRITSAIL,"SPRITSAIL — Sheets, cabled single",CIVADA — Scotte della civada,CEBADERA — Escotas de la cebadera,,44.47,36.38,24.26,28.30
11,FORE MAST,"FORE MAST — Shrouds, cabled fine",ALBERO DI TRINCHETTO — Sartie di trinchetto,PALO TRINQUETE — Obenques del trinquete,,88.94,84.89,56.60,72.77
12,FORE MAST,FORE MAST — Ratling,ALBERO DI TRINCHETTO — Griselle di trinchetto,PALO TRINQUETE — Flechastes del trinquete,,8.09,12.13,12.13,12.13
13,FORE MAST,"FORE MAST — Stay, cabled fine 4 strands",ALBERO DI TRINCHETTO — Strallo di trinchetto,PALO TRINQUETE — Estay del trinquete,,145.53,129.36,76.81,105.11
14,FORE MAST,"FORE MAST — Preventer stay, cabled 4 strands fine",ALBERO DI TRINCHETTO — Controstrallo di trinchetto,PALO TRINQUETE — Contraestay del trinquete,,121.28,84.89,48.51,68.72
15,FORE MAST,FORE MAST — Catharpin legs,ALBERO DI TRINCHETTO — Catarpine di trinchetto,PALO TRINQUETE — Catarpinas del trinquete,,56.60,52.55,28.30,40.43
16,FORE MAST,FORE MAST — Jeers — tye,ALBERO DI TRINCHETTO — Jeers/drizza del pennone di trinchetto,PALO TRINQUETE — Aparejo de izado de la verga de trinquete,,64.68,52.55,0,44.47
17,FORE MAST,FORE MAST — Yard tackle pendants,ALBERO DI TRINCHETTO — Pendenti dei paranchi del pennone di trinchetto,PALO TRINQUETE — Pendientes de aparejos de la verga de trinquete,,56.60,52.55,36.38,44.47
18,FORE MAST,FORE MAST — Braces,ALBERO DI TRINCHETTO — Bracci del pennone di trinchetto,PALO TRINQUETE — Brazas de la verga de trinquete,,36.38,32.34,28.30,28.30
19,FORE MAST,FORE MAST — Brace pendants,ALBERO DI TRINCHETTO — Pendenti dei bracci di trinchetto,PALO TRINQUETE — Pendientes de las brazas de trinquete,,44.47,40.43,28.30,36.38
20,FORE TOPMAST,FORE TOPMAST — Burton pendants,ALBERETTO DI PARROCCHETTO — Pendenti Burton di parrocchetto,MASTELERO DE VELACHO DE PROA — Pendientes Burton del mastelero de proa,,44.47,40.43,40.43,32.34
21,FORE TOPMAST,"FORE TOPMAST — Shrouds, fine",ALBERETTO DI PARROCCHETTO — Sartie di parrocchetto,MASTELERO DE VELACHO DE PROA — Obenques del mastelero de proa,,56.60,52.55,36.38,44.47
22,FORE TOPMAST,FORE TOPMAST — Ratling,ALBERETTO DI PARROCCHETTO — Griselle di parrocchetto,MASTELERO DE VELACHO DE PROA — Flechastes del mastelero de proa,,8.09,8.09,8.09,8.09
23,FORE TOPMAST,"FORE TOPMAST — Standing backstays, fine",ALBERETTO DI PARROCCHETTO — Paterazzi fissi di parrocchetto,MASTELERO DE VELACHO DE PROA — Brandales fijos del mastelero de proa,,56.60,52.55,36.38,44.47
24,FORE TOPMAST,FORE TOPMAST — Breast backstay runners,ALBERETTO DI PARROCCHETTO — Corridori dei paterazzi laterali di parrocchetto,MASTELERO DE VELACHO DE PROA — Corredores de brandales del mastelero de proa,,40.43,32.34,24.26,28.30
25,FORE TOPMAST,"FORE TOPMAST — Stay, cabled 4 strands fine",ALBERETTO DI PARROCCHETTO — Strallo di parrocchetto,MASTELERO DE VELACHO DE PROA — Estay del mastelero de proa,,72.77,60.64,40.43,48.51
26,FORE TOPMAST,"FORE TOPMAST — Preventer stay, cabled 4 strands fine",ALBERETTO DI PARROCCHETTO — Controstrallo di parrocchetto,MASTELERO DE VELACHO DE PROA — Contraestay del mastelero de proa,,52.55,44.47,32.34,36.38
27,FORE TOPMAST,"FORE TOPMAST — Shifting backstays, fine",ALBERETTO DI PARROCCHETTO — Paterazzi volanti di parrocchetto,MASTELERO DE VELACHO DE PROA — Brandales volantes del mastelero de proa,,56.60,52.55,36.38,40.43
28,FORE TOPMAST,"FORE TOPMAST — Futtock shrouds, fine",ALBERETTO DI PARROCCHETTO — Sartie di coffa di parrocchetto,MASTELERO DE VELACHO DE PROA — Obenquillos de cofa del mastelero de proa,,56.60,52.55,36.38,44.47
29,FORE TOPMAST,"FORE TOPMAST — Top rope pendants, fine",ALBERETTO DI PARROCCHETTO — Pendenti del top-rope di parrocchetto,MASTELERO DE VELACHO DE PROA — Pendientes del cabo de izado del mastelero de proa,,72.77,68.72,48.51,56.60
30,FORE TOPMAST,FORE TOPMAST — Tye,ALBERETTO DI PARROCCHETTO — Tye/drizza del parrocchetto,MASTELERO DE VELACHO DE PROA — Driza del mastelero de proa,,48.51,44.47,36.38,36.38
31,FORE TOPMAST,FORE TOPMAST — Braces,ALBERETTO DI PARROCCHETTO — Bracci del parrocchetto,MASTELERO DE VELACHO DE PROA — Brazas de la gavia de proa,,28.30,28.30,16.17,24.26
32,FORE TOPMAST,FORE TOPMAST — Lifts,ALBERETTO DI PARROCCHETTO — Amantigli del parrocchetto,MASTELERO DE VELACHO DE PROA — Amantillos de la gavia de proa,,28.30,28.30,20.21,24.26
33,FORE TOPMAST,FORE TOPMAST — Clewlines,ALBERETTO DI PARROCCHETTO — Imbrogli del parrocchetto,MASTELERO DE VELACHO DE PROA — Chafaldetes de la gavia de proa,,32.34,28.30,16.17,24.26
34,FORE TOPMAST,FORE TOPMAST — Buntlines,ALBERETTO DI PARROCCHETTO — Caricaboline del parrocchetto,MASTELERO DE VELACHO DE PROA — Cargaderas de la gavia de proa,,24.26,24.26,16.17,20.21
35,FORE TOPMAST,FORE TOPMAST — Leechlines,ALBERETTO DI PARROCCHETTO — Caricascotte/leechlines del parrocchetto,MASTELERO DE VELACHO DE PROA — Cargaderas de pujamen de la gavia de proa,,24.26,20.21,12.13,16.17
36,FORE TOPMAST,FORE TOPMAST — Bowlines,ALBERETTO DI PARROCCHETTO — Boline del parrocchetto,MASTELERO DE VELACHO DE PROA — Bolinas de la gavia de proa,,36.38,24.26,16.17,20.21
37,FORE TOPMAST,FORE TOPMAST — Sheets,ALBERETTO DI PARROCCHETTO — Scotte del parrocchetto,MASTELERO DE VELACHO DE PROA — Escotas de la gavia de proa,,64.68,56.60,32.34,44.47
38,MAIN MAST,"MAIN MAST — Shrouds, cabled fine",ALBERO MAESTRO — Sartie maestre,PALO MAYOR — Obenques del palo mayor,,97.02,84.89,56.60,72.77
39,MAIN MAST,MAIN MAST — Ratling,ALBERO MAESTRO — Griselle maestre,PALO MAYOR — Flechastes del palo mayor,,8.09,12.13,12.13,12.13
40,MAIN MAST,"MAIN MAST — Stay, cabled 4 strands fine",ALBERO MAESTRO — Strallo maestro,PALO MAYOR — Estay mayor,,153.62,141.49,80.85,113.19
41,MAIN MAST,"MAIN MAST — Preventer stay, cabled 4 strands fine",ALBERO MAESTRO — Controstrallo maestro,PALO MAYOR — Contraestay mayor,,129.36,97.02,56.60,76.81
42,MAIN MAST,MAIN MAST — Catharpin legs,ALBERO MAESTRO — Catarpine maestre,PALO MAYOR — Catarpinas del palo mayor,,56.60,52.55,28.30,40.43
43,MAIN MAST,MAIN MAST — Jeers — tye,ALBERO MAESTRO — Jeers/drizza del pennone maestro,PALO MAYOR — Aparejo de izado de la verga mayor,,64.68,56.60,56.60,48.51
44,MAIN MAST,MAIN MAST — Yard tackle pendants,ALBERO MAESTRO — Pendenti dei paranchi del pennone maestro,PALO MAYOR — Pendientes de aparejos de la verga mayor,,56.60,52.55,36.38,44.47
45,MAIN MAST,MAIN MAST — Braces,ALBERO MAESTRO — Bracci del pennone maestro,PALO MAYOR — Brazas de la verga mayor,,36.38,32.34,16.17,28.30
46,MAIN MAST,MAIN MAST — Brace pendants,ALBERO MAESTRO — Pendenti dei bracci maestri,PALO MAYOR — Pendientes de las brazas mayores,,44.47,40.43,28.30,36.38
47,MAIN MAST,MAIN MAST — Lifts,ALBERO MAESTRO — Amantigli del pennone maestro,PALO MAYOR — Amantillos de la verga mayor,,36.38,32.34,24.26,28.30
48,MAIN COURSE,MAIN COURSE — Clew-garnets,VELA MAESTRA — Caricascotte della maestra,VELA MAYOR — Chafaldetes de la vela mayor,,32.34,28.30,20.21,24.26
49,MAIN COURSE,MAIN COURSE — Buntline legs,VELA MAESTRA — Caricaboline della maestra,VELA MAYOR — Cargaderas de la vela mayor,,24.26,24.26,16.17,20.21
50,MAIN COURSE,MAIN COURSE — Leechline legs,VELA MAESTRA — Leechlines della maestra,VELA MAYOR — Cargaderas de caída de la vela mayor,,24.26,20.21,16.17,16.17
51,MAIN COURSE,MAIN COURSE — Slablines,VELA MAESTRA — Slablines della maestra,VELA MAYOR — Cargaderas centrales de la vela mayor,,20.21,16.17,12.13,16.17
52,MAIN COURSE,MAIN COURSE — Bowlines,VELA MAESTRA — Boline della maestra,VELA MAYOR — Bolinas de la vela mayor,,36.38,36.38,24.26,28.30
53,MAIN COURSE,"MAIN COURSE — Sheets, cabled",VELA MAESTRA — Scotte della maestra,VELA MAYOR — Escotas de la vela mayor,,60.64,52.55,36.38,44.47
54,MAIN COURSE,"MAIN COURSE — Tacks, taper and cabled",VELA MAESTRA — Mure della maestra,VELA MAYOR — Amuras de la vela mayor,,80.85,68.72,44.47,56.60
55,MAIN TOPMAST,MAIN TOPMAST — Burton pendants,ALBERETTO DI GABBIA MAESTRA — Pendenti Burton di gabbia maestra,MASTELERO DE GAVIA MAYOR — Pendientes Burton de la gavia mayor,,44.47,40.43,24.26,32.34
56,MAIN TOPMAST,"MAIN TOPMAST — Shrouds, fine",ALBERETTO DI GABBIA MAESTRA — Sartie di gabbia maestra,MASTELERO DE GAVIA MAYOR — Obenques de la gavia mayor,,56.60,52.55,36.38,44.47
57,MAIN TOPMAST,MAIN TOPMAST — Ratling,ALBERETTO DI GABBIA MAESTRA — Griselle di gabbia maestra,MASTELERO DE GAVIA MAYOR — Flechastes de la gavia mayor,,8.09,8.09,8.09,8.09
58,MAIN TOPMAST,"MAIN TOPMAST — Standing backstays, fine",ALBERETTO DI GABBIA MAESTRA — Paterazzi fissi di gabbia maestra,MASTELERO DE GAVIA MAYOR — Brandales fijos de la gavia mayor,,56.60,52.55,36.38,44.47
59,MAIN TOPMAST,MAIN TOPMAST — Breast backstay runners,ALBERETTO DI GABBIA MAESTRA — Corridori paterazzi laterali di gabbia,MASTELERO DE GAVIA MAYOR — Corredores de brandales de la gavia mayor,,40.43,32.34,24.26,28.30
60,MAIN TOPMAST,"MAIN TOPMAST — Stay, cabled 4 strands fine",ALBERETTO DI GABBIA MAESTRA — Strallo di gabbia maestra,MASTELERO DE GAVIA MAYOR — Estay de la gavia mayor,,72.77,60.64,44.47,48.51
61,MAIN TOPMAST,"MAIN TOPMAST — Preventer stay, cabled 4 strands fine",ALBERETTO DI GABBIA MAESTRA — Controstrallo di gabbia maestra,MASTELERO DE GAVIA MAYOR — Contraestay de la gavia mayor,,56.60,48.51,32.34,36.38
62,MAIN TOPMAST,"MAIN TOPMAST — Shifting backstays, fine",ALBERETTO DI GABBIA MAESTRA — Paterazzi volanti di gabbia maestra,MASTELERO DE GAVIA MAYOR — Brandales volantes de la gavia mayor,,56.60,52.55,36.38,44.47
63,MAIN TOPMAST,"MAIN TOPMAST — Futtock shrouds, fine",ALBERETTO DI GABBIA MAESTRA — Sartie di coffa di gabbia maestra,MASTELERO DE GAVIA MAYOR — Obenquillos de cofa de la gavia mayor,,56.60,52.55,36.38,44.47
64,MAIN TOPMAST,"MAIN TOPMAST — Top rope pendants, fine",ALBERETTO DI GABBIA MAESTRA — Pendenti top-rope di gabbia maestra,MASTELERO DE GAVIA MAYOR — Pendientes del cabo de izado de la gavia mayor,,72.77,68.72,48.51,56.60
65,MAIN TOPGALLANT,MAIN TOPGALLANT — Shrouds,ALBERETTO DI VELACCIO MAESTRO — Sartie di velaccio maestro,MASTELERILLO DE JUANETE MAYOR — Obenques del juanete mayor,,32.34,28.30,20.21,24.26
66,MAIN TOPGALLANT,MAIN TOPGALLANT — Standing backstays,ALBERETTO DI VELACCIO MAESTRO — Paterazzi fissi di velaccio maestro,MASTELERILLO DE JUANETE MAYOR — Brandales fijos del juanete mayor,,32.34,28.30,20.21,24.26
67,MAIN TOPGALLANT,"MAIN TOPGALLANT — Stay, cabled 4 strands",ALBERETTO DI VELACCIO MAESTRO — Strallo di velaccio maestro,MASTELERILLO DE JUANETE MAYOR — Estay del juanete mayor,,36.38,32.34,24.26,28.30
68,MAIN TOPGALLANT,MAIN TOPGALLANT — Tye,ALBERETTO DI VELACCIO MAESTRO — Tye/drizza del velaccio maestro,MASTELERILLO DE JUANETE MAYOR — Driza del juanete mayor,,32.34,28.30,20.21,24.26
69,MAIN TOPGALLANT,MAIN TOPGALLANT — Braces,ALBERETTO DI VELACCIO MAESTRO — Bracci del velaccio maestro,MASTELERILLO DE JUANETE MAYOR — Brazas del juanete mayor,,20.21,16.17,12.13,12.13
70,MAIN TOPGALLANT,"MAIN TOPGALLANT — Lifts, single",ALBERETTO DI VELACCIO MAESTRO — Amantigli del velaccio maestro,MASTELERILLO DE JUANETE MAYOR — Amantillos del juanete mayor,,20.21,16.17,16.17,20.21
71,MAIN TOPGALLANT,MAIN TOPGALLANT — Clewlines,ALBERETTO DI VELACCIO MAESTRO — Imbrogli del velaccio maestro,MASTELERILLO DE JUANETE MAYOR — Chafaldetes del juanete mayor,,16.17,16.17,8.09,12.13
72,MAIN TOPGALLANT,MAIN TOPGALLANT — Bowlines,ALBERETTO DI VELACCIO MAESTRO — Boline del velaccio maestro,MASTELERILLO DE JUANETE MAYOR — Bolinas del juanete mayor,,16.17,16.17,8.09,12.13
73,MIZEN MAST,"MIZEN MAST — Shrouds, fine",ALBERO DI MEZZANA — Sartie di mezzana,PALO DE MESANA — Obenques de mesana,,56.60,52.55,36.38,44.47
74,MIZEN MAST,MIZEN MAST — Ratling,ALBERO DI MEZZANA — Griselle di mezzana,PALO DE MESANA — Flechastes de mesana,,8.09,8.09,8.09,8.09
75,MIZEN MAST,"MIZEN MAST — Stay, cabled 4 strands fine",ALBERO DI MEZZANA — Strallo di mezzana,PALO DE MESANA — Estay de mesana,,68.72,60.64,44.47,48.51
76,MIZEN MAST,MIZEN MAST — Jeers,ALBERO DI MEZZANA — Jeers della mezzana,PALO DE MESANA — Aparejo de izado de mesana,,48.51,40.43,24.26,32.34
77,MIZEN MAST,MIZEN MAST — Vang pendants,ALBERO DI MEZZANA — Pendenti dei vang della mezzana,PALO DE MESANA — Pendientes de ostas de mesana,,32.34,32.34,24.26,28.30
78,MIZEN MAST,MIZEN MAST — Bowlines,ALBERO DI MEZZANA — Boline della mezzana,PALO DE MESANA — Bolinas de mesana,,24.26,24.26,20.21,20.21
79,CROSS-JACK YARD,CROSS-JACK YARD — Braces,VERGASECCA — Bracci della vergasecca,VERGA SECA — Brazas de la verga seca,,20.21,20.21,12.13,16.17
80,CROSS-JACK YARD,"CROSS-JACK YARD — Lifts, running",VERGASECCA — Amantigli della vergasecca,VERGA SECA — Amantillos de la verga seca,,20.21,20.21,12.13,16.17
81,MIZEN TOPMAST,"MIZEN TOPMAST — Shrouds, fine",ALBERETTO DI CONTROMEZZANA — Sartie di contromezzana,MASTELERO DE MESANA — Obenques del mastelero de mesana,,36.38,32.34,20.21,28.30
82,MIZEN TOPMAST,MIZEN TOPMAST — Ratling,ALBERETTO DI CONTROMEZZANA — Griselle di contromezzana,MASTELERO DE MESANA — Flechastes del mastelero de mesana,,8.09,8.09,8.09,8.09
83,MIZEN TOPMAST,"MIZEN TOPMAST — Standing backstays, fine",ALBERETTO DI CONTROMEZZANA — Paterazzi fissi di contromezzana,MASTELERO DE MESANA — Brandales fijos del mastelero de mesana,,36.38,32.34,20.21,28.30
84,MIZEN TOPMAST,"MIZEN TOPMAST — Stay, cabled 4 strands fine",ALBERETTO DI CONTROMEZZANA — Strallo di contromezzana,MASTELERO DE MESANA — Estay del mastelero de mesana,,40.43,36.38,24.26,32.34
85,MIZEN TOPGALLANT,MIZEN TOPGALLANT — Shrouds,ALBERETTO DI BELVEDERE — Sartie di belvedere,MASTELERILLO DE SOBREMESANA — Obenques de sobremesana,,20.21,20.21,16.17,16.17
86,MIZEN TOPGALLANT,MIZEN TOPGALLANT — Backstays,ALBERETTO DI BELVEDERE — Paterazzi di belvedere,MASTELERILLO DE SOBREMESANA — Brandales de sobremesana,,20.21,20.21,16.17,16.17
87,MIZEN TOPGALLANT,MIZEN TOPGALLANT — Stay,ALBERETTO DI BELVEDERE — Strallo di belvedere,MASTELERILLO DE SOBREMESANA — Estay de sobremesana,,24.26,24.26,20.21,20.21
88,MIZEN TOPGALLANT,MIZEN TOPGALLANT — Tye,ALBERETTO DI BELVEDERE — Tye/drizza di belvedere,MASTELERILLO DE SOBREMESANA — Driza de sobremesana,,24.26,20.21,16.17,16.17
89,NECESSARY ROPES,"NECESSARY ROPES — Viol, cabled",CORDAMI DI SERVIZIO — Viol / grande cavo di tonneggio,CABOS DE SERVICIO — Viol / gran cabo de maniobra,,113.19,105.11,56.59,80.85
90,NECESSARY ROPES,NECESSARY ROPES — Winding tackle pendant,CORDAMI DI SERVIZIO — Pendante del paranco di tonneggio,CABOS DE SERVICIO — Pendiente del aparejo de maniobra,,105.11,97.02,56.59,76.81
91,NECESSARY ROPES,NECESSARY ROPES — Cat falls,CORDAMI DI SERVIZIO — Cavi di caponatura dell'ancora,CABOS DE SERVICIO — Cabos de gata del ancla,,48.51,40.43,24.26,32.34
92,NECESSARY ROPES,NECESSARY ROPES — Fish tackle pendant,CORDAMI DI SERVIZIO — Pendante del paranco di pescaggio dell'ancora,CABOS DE SERVICIO — Pendiente del aparejo de pescante del ancla,,80.85,72.77,44.47,56.60
93,NECESSARY ROPES,NECESSARY ROPES — Fish tackle fall,CORDAMI DI SERVIZIO — Corrente del paranco di pescaggio dell'ancora,CABOS DE SERVICIO — Tira del aparejo de pescante del ancla,,36.38,32.34,24.26,28.30
94,NECESSARY ROPES,NECESSARY ROPES — Anchor stock tackle fall,CORDAMI DI SERVIZIO — Corrente paranco del ceppo d'ancora,CABOS DE SERVICIO — Tira del aparejo del cepo del ancla,,24.26,24.26,16.17,20.21
95,NECESSARY ROPES,NECESSARY ROPES — Bill pendant,CORDAMI DI SERVIZIO — Pendante Bill,CABOS DE SERVICIO — Pendiente Bill,,44.47,40.43,24.26,36.38
96,NECESSARY ROPES,NECESSARY ROPES — Stoppers — sheet/best/small bower/spare,CORDAMI DI SERVIZIO — Bozze delle ancore principali,CABOS DE SERVICIO — Bozas de las anclas principales,,75.47,64.68,40.43,52.55
97,NECESSARY ROPES,"NECESSARY ROPES — Wing, cabled",CORDAMI DI SERVIZIO — Cavo wing,CABOS DE SERVICIO — Cabo wing,,72.77,64.68,40.43,48.51
98,NECESSARY ROPES,NECESSARY ROPES — Dog,CORDAMI DI SERVIZIO — Cavo dog,CABOS DE SERVICIO — Cabo dog,,64.68,60.64,40.43,48.51
99,NECESSARY ROPES,"NECESSARY ROPES — Stream anchor, cabled",CORDAMI DI SERVIZIO — Gomena dell'ancora di corrente,CABOS DE SERVICIO — Cable del ancla de corriente,,40.43,36.38,24.26,32.34
100,NECESSARY ROPES,NECESSARY ROPES — Kedge,CORDAMI DI SERVIZIO — Gomena dell'ancorotto,CABOS DE SERVICIO — Gomena dell'ancorotto,,36.38,28.30,20.21,24.26
101,NECESSARY ROPES,"NECESSARY ROPES — Deck & bit, cabled",CORDAMI DI SERVIZIO — Cavi di coperta e bitte,CABOS DE SERVICIO — Cabos de cubierta y bitas,,97.02,84.89,56.60,68.72
102,NECESSARY ROPES,NECESSARY ROPES — Shank painters — sheet anchor,CORDAMI DI SERVIZIO — Shank painter dell'ancora di posta,CABOS DE SERVICIO — Boza de caña del ancla principal,,72.77,32.34,36.38,44.47
103,NECESSARY ROPES,NECESSARY ROPES — Shank painters — best bower,CORDAMI DI SERVIZIO — Shank painter best bower,CABOS DE SERVICIO — Boza de caña del best bower,,72.77,60.64,36.38,44.47
104,NECESSARY ROPES,NECESSARY ROPES — Shank painters — small bower,CORDAMI DI SERVIZIO — Shank painter small bower,CABOS DE SERVICIO — Boza de caña del small bower,,72.77,60.64,36.38,44.47
105,NECESSARY ROPES,NECESSARY ROPES — Shank painters — spare,CORDAMI DI SERVIZIO — Shank painter di rispetto,CABOS DE SERVICIO — Boza de caña del ancla de respeto,,72.77,60.64,36.38,44.47
106,NECESSARY ROPES,NECESSARY ROPES — Buoy ropes — sheet anchor,CORDAMI DI SERVIZIO — Cima boa dell'ancora di posta,CABOS DE SERVICIO — Cabo de boya del ancla principal,,68.72,60.64,32.34,44.47
107,NECESSARY ROPES,NECESSARY ROPES — Buoy ropes — best bower,CORDAMI DI SERVIZIO — Cima boa best bower,CABOS DE SERVICIO — Cabo de boya del best bower,,64.68,60.64,32.34,44.47
108,NECESSARY ROPES,NECESSARY ROPES — Buoy ropes — small bower,CORDAMI DI SERVIZIO — Cima boa small bower,CABOS DE SERVICIO — Cabo de boya del small bower,,64.68,60.64,32.34,44.47
109,NECESSARY ROPES,"NECESSARY ROPES — Stream anchor, cabled",CORDAMI DI SERVIZIO — Gomena ancora di corrente,CABOS DE SERVICIO — Cable del ancla de corriente,,40.43,36.38,24.26,24.26
110,NECESSARY ROPES,"NECESSARY ROPES — Kedge, cabled",CORDAMI DI SERVIZIO — Gomena ancorotto,CABOS DE SERVICIO — Cable del anclote,,32.34,32.34,20.21,24.26
111,NECESSARY ROPES,"NECESSARY ROPES — Rudder pendants, cabled",CORDAMI DI SERVIZIO — Pendenti del timone,CABOS DE SERVICIO — Pendientes del timón,,60.64,56.60,32.34,40.43
112,NECESSARY ROPES,NECESSARY ROPES — Gun,CORDAMI DI SERVIZIO — Cordame per cannone (voce Steel 'Gun'),CABOS DE SERVICIO — Cabo para cañón (voz Steel 'Gun'),,64.68,64.68,36.38,48.51
113,LONGBOAT,LONGBOAT — Burton pendants,LANCIA — Pendenti Burton della lancia,LANCHA — Pendientes Burton de la lancha,,32.34,32.34,24.25,28.30
114,LONGBOAT,LONGBOAT — Shrouds,LANCIA — Sartie della lancia,LANCHA — Obenques de la lancha,,32.34,28.30,24.25,24.26
115,LONGBOAT,LONGBOAT — Stay,LANCIA — Strallo della lancia,LANCHA — Estay de la lancha,,36.38,32.34,16.17,28.30
116,LONGBOAT,LONGBOAT — Tye,LANCIA — Tye della lancia,LANCHA — Driza de la lancha,,24.26,24.26,12.13,12.13
117,LONGBOAT,LONGBOAT — Main halliard,LANCIA — Drizza maestra della lancia,LANCHA — Driza mayor de la lancha,,16.17,16.17,8.09,12.13
118,LONGBOAT,"LONGBOAT — Boat-rope, cabled",LANCIA — Cavo della lancia,LANCHA — Cabo de la lancha,,72.77,60.64,36.38,48.51
119,PINNACE,PINNACE — Halliards main and fore,PINNACCIA — Drizze maestra e trinchetto della pinnaccia,PINAZA — Drizas mayor y trinquete de la pinaza,,12.13,12.13,12.13,12.13
120,PINNACE,PINNACE — Sheets,PINNACCIA — Scotte della pinnaccia,PINAZA — Escotas de la pinaza,,12.13,12.13,12.13,12.13
121,PINNACE,"PINNACE — Grapnel-rope, cabled",PINNACCIA — Gomena del grappino della pinnaccia,PINAZA — Cabo del rezón de la pinaza,,28.30,28.30,28.30,28.30
122,PINNACE,PINNACE — Painter,PINNACCIA — Barbetta della pinnaccia,PINAZA — Boza de la pinaza,,28.30,28.30,28.30,28.30
123,YAWL OR CUTTER,YAWL OR CUTTER — Halliards (if cutters),IOLE / CUTTER — Drizze della iole/cutter,YOLA / CÚTER — Drizas de la yola/cúter,,16.17,16.17,12.13,8.09
124,YAWL OR CUTTER,YAWL OR CUTTER — Sheets,IOLE / CUTTER — Scotte della iole/cutter,YOLA / CÚTER — Escotas de la yola/cúter,,16.17,14.15,12.13,14.15
125,YAWL OR CUTTER,"YAWL OR CUTTER — Grapnel-rope, cabled",IOLE / CUTTER — Gomena del grappino della iole/cutter,YOLA / CÚTER — Cabo del rezón de la yola/cúter,,28.30,28.30,28.30,40.43
126,YAWL OR CUTTER,YAWL OR CUTTER — Painter,IOLE / CUTTER — Barbetta della iole/cutter,YOLA / CÚTER — Boza de la yola/cúter,,28.30,28.30,28.30,28.30
130,GROUND TACKLE,GROUND TACKLE — Anchor cable,ANCORAGGIO — Gomena/cavo dell'ancora,FONDEO — Cable del ancla,,,,97.02,
#end
#file,ships.csv
id,ship,manufacturer,scale,date,tonnage,unit,data_quality,tonnage_source,steel_class
1,Achilles Pilot Cutter,Mantua / Sergal,1:43,1809 (kit: 1815),92,bm,identificazione probabile,https://en.wikipedia.org/wiki/HMS_Express_(1815),Cutter 200 t
2,Al Bahran Arabian Dhow,Corel,1:50,XX secolo (tipo),65,t,dedotto da range documentato,https://www.modelerscentral.com/it/al-bahran-dhow-arabo/,16/14 guns
3,Alert American Privateer,Mamoli,1:45,1818,75,tons,documentato,https://lcps-stamps.org/wp-content/uploads/2019/05/TheSailingNavy1775-1854Silverstone-2006.pdf,16/14 guns
4,America,BlueJacket,1:48,1851,170,tons register,documentato,https://catalogs.marinersmuseum.org/object/CL14128,16/14 guns
5,America,BlueJacket,1:96,1851,170,tons register,documentato,https://catalogs.marinersmuseum.org/object/CL14128,16/14 guns
6,America Schooner,Mamoli,1:66,1851,170,tons,documentato,https://it.wikipedia.org/wiki/America_(scuna),16/14 guns
7,Amphion,Corel,1:40,1778,249,bm equivalente,dedotto da dimensioni storiche,https://www.sjohistoriska.se/en/visit/exhibitions/amphion/amphion-an-icon,16/14 guns
8,Armed Virginia Sloop,Model Shipways,1:48,1768,60,tons displacement,ricostruzione documentata,https://www.sdshipmodelersguild.org/documents/newsletters/SDSMG200610rc.pdf,Sloop 130 t
9,Astrolabe,Mantua,1:50,1811,380,tonneaux,documentato,https://www.academieoutremer.fr/2026/06/08/nouvelle-acquisition-la-maquette-de-lastrolabe-de-dumont-durville/,22/20 guns
10,Atakebune,Woody Joe,1:100,c. 1593 (tipo),500,t equivalente,tipologico / dedotto,https://zootoyz.jp/contents/en-us/p79915_ATAKE-BUNE-Japanese-Sengoku-era-Warship-Model-Kit-by-Woody-JOE.html,24 guns
11,Baltimore Privateer Schooner Grecian,Vanguard Models,1:64,1812,228,tons/t,documentato,,16/14 guns
12,Belle Poule,Dusek Ship Kits,1:50,1766,620,port tonneaux,documentato,https://en.wikipedia.org/wiki/French_frigate_Belle_Poule_(1766),28 guns
13,Belle Poule,Sail & Sail Model,1:72,1766,620,port tonneaux,documentato,https://en.wikipedia.org/wiki/French_frigate_Belle_Poule_(1766),28 guns
14,Benjamin W. Latham,Model Shipways,1:48,1902,72,gross tons,documentato,https://device.report/m/9413d66c37fae6a51ac52a55468d777b28771d264907875266b5df2b2ceb3674.pdf,16/14 guns
15,Berlin,Corel,1:40,1674,172,bm equivalente,dedotto da dimensioni storiche,https://www.modellmarine.de/index.php/bausatzvorstellungen/230-cor/2830-fregatte-berlin-von-corel-im-massstab-140,16/14 guns
16,Black Prince,Mamoli,1:57,1779 (kit: 1775),120,tons,identificazione probabile,https://founders.archives.gov/documents/Franklin/01-29-02-0556,16/14 guns
17,Blue Shadow,Mamoli,1:64,1778,300,t equivalente,ricostruzione commerciale / dedotto,https://www.cornwallmodelboats.co.uk/acatalog/mamoli_blue_shadow.html,16/14 guns
18,Bluenose,Model Shipways,1:64,1921,285,GT,documentato,,16/14 guns
19,Boeier,Corel,1:25,1714,100,t equivalente,nave identificata / tonnellaggio dedotto,https://www.cornwallmodelboats.co.uk/acatalog/Corel-Boeier-1714-Dutch-Yacht-1-25-SM63.html,16/14 guns
20,Bowdoin,BlueJacket,1:48,1921,88,GT,documentato,,16/14 guns
21,Brigantine Phoenix,Master Korabel,N/D,1787,200,t displacement equivalente,dedotto da dimensioni storiche,https://ru.ruwiki.ru/wiki/%D0%A1%D0%BF%D0%B8%D1%81%D0%BE%D0%BA_%D0%BF%D0%B0%D1%80%D1%83%D1%81%D0%BD%D1%8B%D1%85_%D0%BA%D1%80%D0%B5%D0%B9%D1%81%D0%B5%D1%80%D1%81%D0%BA%D0%B8%D1%85_%D1%81%D1%83%D0%B4%D0%BE%D0%B2_%D0%A0%D0%BE%D1%81%D1%81%D0%B8%D0%B9%D1%81%D0%BA%D0%BE%D0%B3%D0%BE_%D0%B8%D0%BC%D0%BF%D0%B5%D1%80%D0%B0%D1%82%D0%BE%D1%80%D1%81%D0%BA%D0%BE%D0%B3%D0%BE_%D1%84%D0%BB%D0%BE%D1%82%D0%B0,Brig 160 t
22,Britannia,Mamoli,1:64,1893,221,t displacement,documentato,https://en.wikipedia.org/wiki/HMY_Britannia_(1893),16/14 guns
23,Britannia,Mantua,1:60,1893,221,t displacement,documentato,https://en.wikipedia.org/wiki/HMY_Britannia_(1893),16/14 guns
24,Charles P. Notman,BlueJacket,1:96,1894,1518,gross tons,documentato,https://en.wikipedia.org/wiki/Percy_%26_Small_Shipyard,80 guns
25,Charles W. Morgan,Model Shipways,1:64,1841,351,tons,documentato,,22/20 guns
26,CNS Alfred,BlueJacket,1:96,1774,440,tons,documentato,https://www.history.navy.mil/research/histories/ship-histories/danfs/a/alfred-ship.html,22/20 guns
27,Cocca Veneta,Corel,1:70,XVI secolo,200,t,ricostruzione tipologica documentata,https://premiershipmodels.com/product/venetian-cog-wooden-ship-model-kit-corel-sm24/,16/14 guns
28,CSS Alabama,BlueJacket,1:96,1862,1800,GRT,documentato,https://it.wikipedia.org/wiki/CSS_Alabama,74 guns
29,CSS Alabama,Mamoli,1:120,1862,1800,GRT,documentato,https://it.wikipedia.org/wiki/CSS_Alabama,74 guns
30,Cutty Sark,Billing Boats,1:75,1869,963,GT,documentato,,50/44 guns
31,Cutty Sark,Mantua / Sergal,1:78,1869,963,GT,documentato,,50/44 guns
32,D'Halve Maen (Half Moon),Kolderstok,1:50,1609,80,t equivalente da 40 last,conversione da misura storica,https://www.dbnl.org/tekst/_els001190901_01/_els001190901_01_0093.php,16/14 guns
33,De Zeven Provinciën,Kolderstok,1:72,1665,1400,t displacement,documentato,https://kolderstok.com/en/pages/onze-modellen,64 guns
34,Derfflinger,Euromodel,1:66,1681,340,t carrying capacity,documentato,"https://de.wikipedia.org/wiki/Derfflinger_(Schiff,_1681)",16/14 guns
35,Dolphyn,Corel,1:50,1750,180,t equivalente,stazza non reperita / proxy di classe,https://www.modelerscentral.com/products/dolphyn-dutch-privateer-ship-model-kit-corel-sm23,16/14 guns
36,Dutch Statenjacht,Dusek Ship Kits,1:48,XVIII secolo,70,t equivalente,tipologico / dedotto,https://www.dusekshipkits.com/ship-kits,16/14 guns
37,Dutch Whaler,Mantua / Sergal,1:60,1790,300,t equivalente,tipologico / dedotto,https://www.cornwallmodelboats.co.uk/acatalog/sergal_models.html,16/14 guns
38,Duyfken,Kolderstok,1:50,c. 1595,110,t displacement,documentato,https://en.wikipedia.org/wiki/Duyfken,16/14 guns
39,Eagle,Corel,1:85,1814 (kit: 1812),212,tons,documentato,https://upload.wikimedia.org/wikipedia/commons/d/db/The_navy_of_the_United_States%2C_from_the_commencement%2C_1775_to_1853%3B_with_a_brief_history_of_each_vessel%27s_service_and_fate_.._%28IA_cu31924028730962%29.pdf,16/14 guns
40,Falmouth,Euromodel,1:75,1752,499,tons,documentato,https://www.euromodel-ship.com/eng/falmouth.html,24 guns
41,Fluytschip,Kolderstok,1:72,XVII secolo,350,t,tipologico da range storico,https://kolderstok.com/en/collections/modellen,16/14 guns
42,Flying Cloud,Mamoli,1:96,1851,1782,tons register,documentato,,74 guns
43,Friedrich Wilhelm zu Pferde,Euromodel,1:47,1661,900,tons,documentato,https://www.euromodel-ship.com/eng/friedrich-wilhelm.html,50/44 guns
44,Friesland,Mamoli,1:75,1666,925,bm equivalente,identificazione probabile / dedotto da dimensioni,https://threedecks.org/index.php?display_type=show_ship&id=811,50/44 guns
45,Galeone Veneta,Corel,1:70,XVI secolo,500,t equivalente,ricostruzione tipologica / dedotto,https://www.cornwallmodelboats.co.uk/acatalog/corel.html,24 guns
46,Golden Hind,Dusek Ship Kits,1:72,c. 1577,110,bm,documentato,https://forum.finescale.com/t/golden-hind/196401,16/14 guns
47,Golden Hind,Mamoli,1:53,c. 1577,110,bm,documentato,https://forum.finescale.com/t/golden-hind/196401,16/14 guns
48,Greek Bireme,Amati,1:35,V sec. a.C.,35,t displacement equivalente,tipologico / archeologia sperimentale,https://en.wikipedia.org/wiki/Olympias_(trireme),16/14 guns
49,Greek Bireme,Dusek Ship Kits,1:72,V sec. a.C.,35,t displacement equivalente,tipologico / archeologia sperimentale,https://en.wikipedia.org/wiki/Olympias_(trireme),16/14 guns
50,Greek Trireme,Dusek Ship Kits,1:72,V sec. a.C.,47,t displacement,proxy archeologia sperimentale,https://en.wikipedia.org/wiki/Olympias_(trireme),16/14 guns
51,Gretel,Mamoli,1:54,XVIII secolo,50,t equivalente,ricostruzione da piano Chapman / dedotto,https://www.dusekshipkits.com/gretel,16/14 guns
52,Half Moon,Corel,1:50,1609,80,t equivalente da 40 last,conversione da misura storica,https://www.dbnl.org/tekst/_els001190901_01/_els001190901_01_0093.php,16/14 guns
53,Halifax,Mamoli,1:54,1765,83,bm,documentato,https://en.wikipedia.org/wiki/HMS_Halifax_(1768),16/14 guns
54,Hanse Kogge,Dusek Ship Kits,1:72,XIV secolo,140,t displacement,tipologico da ricostruzione archeologica,https://www.researchgate.net/publication/340665198_The_Bremen_Cog_-_an_archaeological_and_technical_study,16/14 guns
55,HM Armed Cutter Sherbourne,Vanguard Models,1:64,1763,85,bm,documentato,,Cutter 200 t
56,HM Bark Endeavour,Artesanía Latina,1:65,1764,367,bm,documentato,,22/20 guns
57,HM Bark Endeavour,Billing Boats,1:50,1764,367,bm,documentato,,22/20 guns
58,HM Bark Endeavour,Caldercraft / Jotika,1:64,1764,367,bm,documentato,,22/20 guns
59,HM Bark Endeavour,Corel,1:50,1764,367,bm,documentato,,22/20 guns
60,HM Bark Endeavour,Mantua,1:60,1764,367,bm,documentato,,22/20 guns
61,HM Brig Badger,Caldercraft / Jotika,1:64,1777,137,tons,documentato,https://www.historicships.com/product/hm-brig-badger-amati/,Brig 160 t
62,HM Brig Harpy,Vanguard Models,1:64,1796,316,bm,documentato,,Brig 160 t
63,HM Brig Supply,Caldercraft / Jotika,1:64,1759,175,tons,documentato,https://archival.sl.nsw.gov.au/Details/archive/110352702,Brig 160 t
64,HM Cutter Sherbourne,Caldercraft / Jotika,1:64,1763,85,bm,documentato,,Cutter 200 t
65,HM Gun Brig Adder,Vanguard Models,1:64,1797,160,bm,documentato,,Brig 160 t
66,HM Gunboat William,Caldercraft / Jotika,1:32,1795,70,bm equivalente,dedotto da tipo / nave identificata,https://www.rmg.co.uk/collections/objects/rmgc-object-86374,16/14 guns
67,HM Mortar Vessel Convulsion,Caldercraft / Jotika,1:64,1804,76,t displacement,documentato,,16/14 guns
68,HM Schooner Pickle,Caldercraft / Jotika,1:64,c. 1799,127,bm,documentato,,16/14 guns
69,HM Trial Cutter,Vanguard Models,1:64,1790,123,bm,documentato,,Cutter 200 t
70,HM Yacht Chatham,Caldercraft / Jotika,1:64,1741,90,tons,documentato,https://www.rmg.co.uk/collections/objects/rmgc-object-66244,16/14 guns
71,HMAV Bounty,Amati,1:60,1784,220,bm,documentato,,16/14 guns
72,HMAV Bounty,Billing Boats,1:50,1784,220,bm,documentato,,16/14 guns
73,HMAV Bounty,Caldercraft / Jotika,1:64,1784,220,bm,documentato,,16/14 guns
74,HMAV Bounty,Corel,1:130,1784,220,bm,documentato,,16/14 guns
75,HMAV Bounty,Mamoli,1:100,1784,220,bm,documentato,,16/14 guns
76,HMAV Bounty,Mamoli,1:64,1784,220,bm,documentato,,16/14 guns
77,HMAV Bounty,Mantua / Sergal,1:60,1784,220,bm,documentato,,16/14 guns
78,HMS Agamemnon,Caldercraft / Jotika,1:64,1781,1384,bm,documentato,,64 guns
79,HMS Alert,Trident Model,1:48,1777,183,tons,documentato,https://doverhistorian.com/2018/11/10/shipbuilding-and-shipbuilders-part-ii/,16/14 guns
80,HMS Alert,Vanguard Models,1:64,1777,183,tons,documentato,https://doverhistorian.com/2018/11/10/shipbuilding-and-shipbuilders-part-ii/,16/14 guns
81,HMS Ballahoo,Caldercraft / Jotika,1:64,1804,70,bm,documentato,,16/14 guns
82,HMS Beagle,Mamoli,1:64,1820,235,bm,documentato,,16/14 guns
83,HMS Beagle,OcCre,1:60,1820,235,bm,documentato,,16/14 guns
84,HMS Bellona,Corel,1:100,1760,1615,bm,documentato,,80 guns
85,HMS Cruiser,Caldercraft / Jotika,1:64,1797,382,bm,documentato,,22/20 guns
86,HMS Cruizer,Caldercraft / Jotika,1:64,1797,382,bm,documentato,,22/20 guns
87,HMS Diana,Caldercraft / Jotika,1:64,1794,999,bm,documentato,,50/44 guns
88,HMS Endeavour,Mamoli,1:100,1764,367,bm,documentato,,22/20 guns
89,HMS Enterprise,CAF Model,1:48,1774,593,bm,documentato,https://en.wikipedia.org/wiki/HMS_Enterprise_(1774),28 guns
90,HMS Flirt,Vanguard Models,1:64,1782,208,bm,documentato,,16/14 guns
91,HMS Fly,Amati / Victory Models,1:64,1776,302,bm,documentato,,16/14 guns
92,HMS Granado,Amati / Victory Models,1:64,1742,268,bm,documentato,,16/14 guns
93,HMS Granado,Caldercraft / Jotika,1:64,1742,268,bm,documentato,,16/14 guns
94,HMS Greyhound,Corel,1:100,1720,371,bm,documentato,,22/20 guns
95,HMS Indefatigable,Vanguard Models,1:64,1784,384,bm,documentato,,22/20 guns
96,HMS Jalouse,Caldercraft / Jotika,1:64,1794,348,bm,documentato,,16/14 guns
97,HMS Mars,Caldercraft / Jotika,1:64,c. 1770s,396,bm,documentato,,22/20 guns
98,HMS Neptune,Corel,1:90,c. 1690,900,bm equivalente,ricostruzione commerciale / dedotto,https://www.modelerscentral.com/products/hms-neptune-ship-model-kit-corel-sm28,50/44 guns
99,HMS Ontario,MarisStella,1:48,1780,226,bm,documentato,https://en.wikipedia.org/wiki/HMS_Ontario_(1780),16/14 guns
100,HMS Pegasus,Amati / Victory Models,1:64,1776,301,bm,documentato,,16/14 guns
101,HMS Peregrine,Corel,1:96,18th century,197,bm,documentato,https://en.wikipedia.org/wiki/HMS_Peregrine_Galley,16/14 guns
102,HMS Prince,Mamoli,1:144,1670,1403,bm,documentato,https://en.wikipedia.org/wiki/HMS_Prince_(1670),64 guns
103,HMS Royal William,Euromodel,1:72,1719,1600,t displacement,documentato,https://www.euromodel-ship.com/eng/royal-william.html,80 guns
104,HMS Snake,Caldercraft / Jotika,1:64,1797,385,bm,documentato,,22/20 guns
105,HMS Speedy,Vanguard Models,1:64,1782,207,bm,documentato,,16/14 guns
106,HMS Sphinx,Vanguard Models,1:64,1775,431,bm,documentato,https://threedecks.org/index.php?display_type=show_class&id=229,22/20 guns
107,HMS Surprise,Mamoli,1:75,1794,578,bm,documentato,,28 guns
108,HMS Surprise,ZHL / ShiCheng Models,1:48,1794,578,bm,documentato,,28 guns
109,HMS Surprise (ex Unité),Vanguard Models,1:64,1794,578,bm,documentato,,28 guns
110,HMS Swift,Mamoli,1:70,1777,302,bm,documentato,https://en.wikipedia.org/wiki/HMS_Swift_(1777),16/14 guns
111,HMS Unicorn,Corel,1:75,1748,581,bm,documentato,,28 guns
112,HMS Vanguard,Amati / Victory Models,1:72,1787,1609,bm,documentato,,80 guns
113,HMS Victory,Artesanía Latina,1:84,1765,2162,bm,documentato,,110/100 guns
114,HMS Victory,Billing Boats,1:75,1765,2162,bm,documentato,,110/100 guns
115,HMS Victory,Caldercraft / Jotika,1:72,1765,2162,bm,documentato,,110/100 guns
116,HMS Victory,Corel,1:98,1765,2162,bm,documentato,,110/100 guns
117,HMS Victory,Mamoli,1:150,1765,2162,bm,documentato,,110/100 guns
118,HMS Victory,Mamoli,1:90,1765,2162,bm,documentato,,110/100 guns
119,HMS Victory,Mantua / Panart,1:78,1765,2162,bm,documentato,,110/100 guns
120,HMS Victory,Mantua / Sergal,1:78,1765,2162,bm,documentato,,110/100 guns
121,HMS Victory,OcCre,1:87,1765,2162,bm,documentato,,110/100 guns
122,Hunter Armed Cutter,Mamoli,1:72,c. 1797,130,tons equivalente,tipologico da range storico,https://www.gutenberg.org/files/43677/43677-h/43677-h.htm,Cutter 200 t
123,King of Prussia,Corel,1:42,XVIII secolo,200,t equivalente,ricostruzione commerciale / dedotto,https://www.cornwallmodelboats.co.uk/acatalog/corel.html,16/14 guns
124,L'Orenoque,Mamoli,1:100,1848,2568,t displacement,documentato,https://navesinkmaritime.org/page-1228113,110/100 guns
125,La Couronne,Corel,1:100,1636,1500,tons,documentato,https://en.wikipedia.org/wiki/French_ship_Couronne_(1636),80 guns
126,La Gloire,Mamoli,1:90,1778,620,tonneaux burthen,documentato,https://threedecks.org/index.php?display_type=show_ship&id=11169,28 guns
127,La Real,Dusek Ship Kits,1:72,1568/1571,237,t empty displacement,documentato,https://en.wikipedia.org/wiki/Real_(galley),16/14 guns
128,La Renommée,Euromodel,1:70,1744,620,port tonneaux,documentato,,28 guns
129,La Toulonnaise,Corel,1:75,1823,250,t displacement,documentato da fonte secondaria,https://www.modelerscentral.com/products/la-toulonnaise-schooner-ship-model-kit-corel-sm17,16/14 guns
130,Le Cerf,Dusek Ship Kits,1:72,1779,300,tonneaux displacement,documentato,https://www.ifmer.org/assets/documents/files/revues_maritime/527/17_Apercu%20d%27architecture%20navale%20aux%20temps%20de%20la%20marine%20en%20bois.pdf,16/14 guns
131,Le Coureur,CAF Model,1:48,1776,65,tonneaux capacity,documentato,https://www.musee-villele.re/fr/notice/1989-180-le-coureur-9f81a585-49bb-4167-9d8b-cc370b573d27,16/14 guns
132,Le Coureur,Mamoli,1:54,1776,65,tonneaux capacity,documentato,https://www.musee-villele.re/fr/notice/1989-180-le-coureur-9f81a585-49bb-4167-9d8b-cc370b573d27,16/14 guns
133,Le Mirage,Corel,1:75,XVIII secolo,1500,t equivalente,ricostruzione commerciale / dedotto,https://shipsofscale.com/sosforums/,80 guns
134,Le Tonnant,Corel,1:50,XVIII secolo,350,t equivalente,ricostruzione da piani / dedotto,https://www.cornwallmodelboats.co.uk/acatalog/corel.html,16/14 guns
135,Lexington,Mamoli,1:100,1775,86,tons,documentato,,16/14 guns
136,Maria HF31,Dusek Ship Kits,1:72,XX secolo,70,GT equivalente,dedotto da dimensioni / nave reale,https://www.dusekshipkits.com/maria-hf31,16/14 guns
137,Mary Rose,Caldercraft / Jotika,1:80,1511,500,tons burthen,documentato,https://www.heritagegateway.org.uk/Gateway/Results_Single.aspx?resourceID=19191&uid=1121974,24 guns
138,Mayflower,Corel,1:130,c. 1615,180,tons burthen,stima storica,https://en.wikipedia.org/wiki/Mayflower,16/14 guns
139,Mayflower,Mamoli,1:70,c. 1615,180,tons burthen,stima storica,https://en.wikipedia.org/wiki/Mayflower,16/14 guns
140,Mayflower,Model Shipways,1:64,c. 1615,180,tons burthen,stima storica,https://en.wikipedia.org/wiki/Mayflower,16/14 guns
141,Mistique,Corel,1:50,1750,200,t equivalente,ricostruzione tipologica / dedotto,https://shipsofscale.com/sosforums/,16/14 guns
142,Montañés,OcCre,1:70,1794,1500,toneladas de arqueo,documentato,https://batalladetrafalgar.com/esp.htm,80 guns
143,Morel,Master Korabel,1:36,1720/21,10,t displacement equivalente,prototipo / dedotto da dimensioni,https://premiershipmodels.com/product/morel-wooden-model-ship-kit-master-korabel/,16/14 guns
144,Niña,Dusek Ship Kits,1:72,1492,55,tons burthen,intervallo storico / valore centrale,https://en.wikipedia.org/wiki/Ni%C3%B1a,16/14 guns
145,Nuestra Señora,Dusek Ship Kits,1:72,1687,1500,t displacement,documentato,https://www.dusekshipkits.com/nuestra-senora,80 guns
146,Nuestra Señora de las Mercedes,OcCre,1:85,1788,984,toneladas de arqueo,documentato,https://www.despertaferro-ediciones.com/revistas/numero/arqueologia-e-historia-n-o3-el-tesoro-de-la-mercedes/,50/44 guns
147,Nuestra Señora del Pilar,OcCre,1:46,1733,1000,t displacement,documentato,,50/44 guns
148,Oseberg Ship,Ships of Pavel Nikitin,1:25,c. 820,20,t displacement equivalente,archeologia / dedotto,https://www.vikingtidsmuseet.no/english/the-collection/oseberg/,16/14 guns
149,Oseberg Ship,Ships of Pavel Nikitin,1:32,c. 820,20,t displacement equivalente,archeologia / dedotto,https://www.vikingtidsmuseet.no/english/the-collection/oseberg/,16/14 guns
150,Oseberg Viking Ship,Amati,1:50,c. 820,20,t displacement equivalente,archeologia / dedotto,https://www.vikingtidsmuseet.no/english/the-collection/oseberg/,16/14 guns
151,Phantom Pilot Boat,Model Shipways,1:96,1867,51,tons,documentato,https://en.wikipedia.org/wiki/Phantom_(pilot_boat),16/14 guns
152,Pinta,Amati,1:65,1492,65,tons burthen,intervallo storico / valore centrale,https://en.wikipedia.org/wiki/Pinta_(ship),16/14 guns
153,Pinta,Dusek Ship Kits,1:72,1492,65,tons burthen,intervallo storico / valore centrale,https://en.wikipedia.org/wiki/Pinta_(ship),16/14 guns
154,Pinta,Mantua,1:50,1492,65,tons burthen,intervallo storico / valore centrale,https://en.wikipedia.org/wiki/Pinta_(ship),16/14 guns
155,Prins Willem,Corel,1:100,1650,1200,tons burthen,documentato,https://en.wikipedia.org/wiki/Prins_Willem,50/44 guns
156,Ragusian Galleon,MarisStella,1:59,XVI secolo,700,t equivalente,tipologico / dedotto,https://shipsofscale.com/sosforums/threads/maristella-ragusian-galleon-16th-century-1-59-scale.7281/,32 guns
157,Ranger,Corel,1:50,1823,150,tons equivalente,tipologico / dedotto,https://www.cornwallmodelboats.co.uk/acatalog/corel.html,16/14 guns
158,Rattlesnake,Mamoli,1:64,1781,199,bm,documentato,https://device.report/m/958ce667235bcbb29ade6c272ccd4d3d5b40b8ef41a721c426d1aa62e7cb1db8,16/14 guns
159,Rattlesnake,Model Shipways,1:64,1780,199,bm,documentato,https://device.report/m/958ce667235bcbb29ade6c272ccd4d3d5b40b8ef41a721c426d1aa62e7cb1db8,16/14 guns
160,Reale de France,Corel,1:60,1694,280,t displacement,documentato,https://fr.wikipedia.org/wiki/La_R%C3%A9ale_(1694),16/14 guns
161,Red Jacket,BlueJacket,1:96,1853,2305,tons register,documentato,,110/100 guns
162,Revenge,Amati / Victory Models,1:64,1577,440,tons burthen,documentato,https://en.wikipedia.org/wiki/English_ship_Revenge_(1577),22/20 guns
163,Royal Caroline,Mantua / Panart,1:47,1750,232,bm,documentato,https://www.smsc.org.au/imagesDB/wysiwyg/SpecialIssue8Feb18-Nemeth-RoyalCaroline.pdf,16/14 guns
164,Royal Caroline,ZHL / YuanQing,1:30,1750,232,bm,documentato,https://www.smsc.org.au/imagesDB/wysiwyg/SpecialIssue8Feb18-Nemeth-RoyalCaroline.pdf,16/14 guns
165,Royal Caroline,ZHL / YuanQing,1:50,1750,232,bm,documentato,https://www.smsc.org.au/imagesDB/wysiwyg/SpecialIssue8Feb18-Nemeth-RoyalCaroline.pdf,16/14 guns
166,Royal Louis,Mamoli,1:90,1780,2400,port tonneaux,documentato,https://en.wikipedia.org/wiki/French_ship_Royal_Louis_(1780),110/100 guns
167,Royal Yacht Duchess of Kingston,Vanguard Models,1:64,1778,206,bm,documentato,,16/14 guns
168,Russian Brig Mercury,Amati / Victory Models,1:64,1820,445,t displacement,documentato,,Brig 160 t
169,San Bartolome,Ships of Pavel Nikitin,1:64,XVII secolo,400,t equivalente,ricostruzione commerciale / dedotto,https://shipsofscale.com/sosforums/,22/20 guns
170,San Felipe,Mantua / Panart,1:75,c. 1690 (kit attribution),1890,t displacement equivalente,commerciale / storicità controversa,https://shipsofscale.com/sosforums/threads/san-felipe-and-santisima-trinidad.7688/,98/90 guns
171,San Felipe,OcCre,1:86,c. 1690 (kit attribution),1890,t displacement equivalente,commerciale / storicità controversa,https://shipsofscale.com/sosforums/threads/san-felipe-and-santisima-trinidad.7688/,98/90 guns
172,San Felipe,ZHL,1:50,c. 1690 (kit attribution),1890,t displacement equivalente,commerciale / storicità controversa,https://shipsofscale.com/sosforums/threads/san-felipe-and-santisima-trinidad.7688/,98/90 guns
173,San Francisco II,Artesanía Latina,1:90,XVI–XVII secolo,400,t equivalente,ricostruzione tipologica / dedotto,https://artesanialatina.net/it/4853-galeone-san-francisco-ii-1-90-modello-di-nave-in-legno.html,22/20 guns
174,San Ildefonso,OcCre,1:70,1785,1620,toneladas,documentato,https://publicaciones.defensa.gob.es/media/downloadable/files/links/r/h/rhn_143.pdf,80 guns
175,San Juan Nepomuceno,Artesanía Latina,1:90,1765,1740,bm,documentato,https://en.wikipedia.org/wiki/Spanish_ship_San_Juan_Nepomuceno,74 guns
176,San Martín,Dusek Ship Kits,1:72,1580,1000,t displacement,documentato,https://it.wikipedia.org/wiki/San_Mart%C3%ADn_(galeone),50/44 guns
177,San Martín,OcCre,1:90,1580 (Spanish service),1000,t displacement,documentato,https://it.wikipedia.org/wiki/San_Mart%C3%ADn_(galeone),50/44 guns
178,Santa Ana,Artesanía Latina,1:84,1784,2112,toneladas,documentato,https://en.wikipedia.org/wiki/Spanish_ship_Santa_Ana_(1784),110/100 guns
179,Santa Maria,Dusek Ship Kits,1:72,1492,100,tons burthen,stima storica,https://en.wikipedia.org/wiki/Santa_Mar%C3%ADa_(ship),16/14 guns
180,Santa Maria,Mamoli,1:50,1492,100,tons burthen,stima storica,https://en.wikipedia.org/wiki/Santa_Mar%C3%ADa_(ship),16/14 guns
181,Santa Maria,Mantua,1:50,1492,100,tons burthen,stima storica,https://en.wikipedia.org/wiki/Santa_Mar%C3%ADa_(ship),16/14 guns
182,Santa Maria,MarisStella,N/D,1492,100,tons burthen,stima storica,https://en.wikipedia.org/wiki/Santa_Mar%C3%ADa_(ship),16/14 guns
183,Santa Maria,Ships of Pavel Nikitin,1:48,1492,100,tons burthen,stima storica,https://en.wikipedia.org/wiki/Santa_Mar%C3%ADa_(ship),16/14 guns
184,Santísima Trinidad,Artesanía Latina,1:84,1769,2475,bm,documentato,https://es.wikipedia.org/wiki/Sant%C3%ADsima_Trinidad_(1769),110/100 guns
185,Santísima Trinidad,OcCre,1:90,1769,2475,bm,documentato,https://es.wikipedia.org/wiki/Sant%C3%ADsima_Trinidad_(1769),110/100 guns
186,Schooner Wyoming,BlueJacket,1:96,1909,3730,GRT,documentato,,110/100 guns
187,Scotland Baltic Ketch,Corel,1:64,1775,100,t equivalente,tipologico / dedotto,https://www.cornwallmodelboats.co.uk/acatalog/corel.html,Ketch 150 t
188,Shenandoah,Corel,1:50,1804,300,t equivalente,ricostruzione commerciale / dedotto,https://www.cornwallmodelboats.co.uk/acatalog/corel.html,16/14 guns
189,Sirene,Corel,1:75,XVIII secolo,650,tonneaux equivalente,progetto / ricostruzione dedotta,https://www.cornwallmodelboats.co.uk/acatalog/corel.html,32 guns
190,Sovereign of the Seas,DeAgostini,1:84,1637,1522,bm,documentato,https://3decks.pbworks.com/w/page/914664/HBMS%20Sovereign%20of%20the%20Seas%20%281637%29,80 guns
191,Sovereign of the Seas,Mantua / Sergal,1:78,1637,1522,bm,documentato,https://3decks.pbworks.com/w/page/914664/HBMS%20Sovereign%20of%20the%20Seas%20%281637%29,80 guns
192,Spray,BlueJacket,1:32,1891,13,tons register,documentato,,16/14 guns
193,St. Gabriel,Master Korabel,1:72,1728,100,t displacement equivalente,dedotto da dimensioni storiche,https://ru.wikipedia.org/wiki/%D0%A1%D0%B2%D1%8F%D1%82%D0%BE%D0%B9_%D0%93%D0%B0%D0%B2%D1%80%D0%B8%D0%B8%D0%BB_(%D0%B1%D0%BE%D1%82),16/14 guns
194,Sultana,Model Shipways,1:64,1767,52,bm,documentato,https://en.wikipedia.org/wiki/HMS_Sultana_(1768),16/14 guns
195,US Brig Syren,Model Shipways,1:64,1803,298,bm,documentato,https://en.wikipedia.org/wiki/USS_Syren_(1803),Brig 160 t
196,USRC Harriet Lane,Model Shipways,N/D,1857,639,bm,documentato,https://en.wikipedia.org/wiki/USRC_Harriet_Lane,32 guns
197,USS Confederacy,Model Shipways,1:64,1778,959,bm,documentato,,50/44 guns
198,USS Constitution,Billing Boats,1:100,1797,1576,tons,documentato,,80 guns
199,USS Constitution,BlueJacket,1:96,1797,1576,tons,documentato,,80 guns
200,USS Constitution,Mamoli,1:93,1797,1576,tons,documentato,,80 guns
201,USS Constitution,Model Shipways,1:76,1797,1576,tons,documentato,,80 guns
202,USS Essex,Model Shipways,1:76,1799,897,bm,documentato,,50/44 guns
203,USS Niagara,Model Shipways,1:64,1813,492,tons burthen,documentato,,24 guns
204,Vasa,Corel,1:75,1628,1225,t displacement,intervallo museale / valore centrale,https://faq.vasamuseet.se/category/45/article/1262?lang=en,64 guns
205,Vasa,Mantua / Sergal,1:60,1628,1225,t displacement,intervallo museale / valore centrale,https://faq.vasamuseet.se/category/45/article/1262?lang=en,64 guns
206,Viking Gokstad,Dusek Ship Kits,1:35,c. 890,30,t displacement,archeologia sperimentale / documentato,https://en.wikipedia.org/wiki/Gokstad_ship,16/14 guns
207,Viking Gokstad,Dusek Ship Kits,1:72,c. 890,30,t displacement,archeologia sperimentale / documentato,https://en.wikipedia.org/wiki/Gokstad_ship,16/14 guns
208,Viking Knarr,Dusek Ship Kits,1:35,XI secolo,26,t displacement,proxy archeologia sperimentale,https://www.vikingeskibsmuseet.dk/en/professions/boatyard/building-projects/ottar,16/14 guns
209,Viking Longship,Dusek Ship Kits,1:35,X secolo,30,t displacement equivalente,tipologico da nave archeologica,https://en.wikipedia.org/wiki/Gokstad_ship,16/14 guns
210,Viking Longship,Dusek Ship Kits,1:72,X secolo,30,t displacement equivalente,tipologico da nave archeologica,https://en.wikipedia.org/wiki/Gokstad_ship,16/14 guns
211,VOC Batavia,Kolderstok,1:72,1628,600,tons / 300 lasten,documentato,https://rgssa.org.au/heritage/treasures/pelsaerts-account-of-the-wreck-of-the-batavia,28 guns
212,Wijdschip / Smalschip,Kolderstok,1:72,XVII secolo,80,t equivalente,tipologico / dedotto,https://kolderstok.com/en/collections/modellen,16/14 guns
213,Willem Barentsz Expedition Ship,Kolderstok,1:50,1596,100,t equivalente,ricostruzione storica / dedotto,https://kolderstok.com/en/collections/modellen,16/14 guns
214,Willie Bennett,Model Shipways,1:32,1899,8,gross tons,documentato,https://www.scribd.com/document/383938742/00031655,16/14 guns
#end
#file,rigging_classes.csv
id,steel_class,section,en,it,es,page,n,circumference_in,length_fathom,real_diameter_mm,source_table,rigging_key,bounty_application,note,tonnage_min,tonnage_max
1,110-100 guns,BOWSPRIT,Woolding,Cerchiatura/legatura del bompresso,,1,,3.50,90,28.30,Tavola Steel 1794 p.1 fornita dall'utente,,,,2164,2290
2,110-100 guns,BOWSPRIT,Gammonings,Legature del bompresso,,1,2,8,160,64.68,Tavola Steel 1794 p.1 fornita dall'utente,,,,2164,2290
3,110-100 guns,BOWSPRIT,Shrouds fine,Briglie/sartie del bompresso,,1,2,8,39,64.68,Tavola Steel 1794 p.1 fornita dall'utente,,,,2164,2290
4,110-100 guns,BOWSPRIT,Bobstays cabled fine,Bobstays del bompresso,,1,3,8.50,38,68.72,Tavola Steel 1794 p.1 fornita dall'utente,,,,2164,2290
5,110-100 guns,SPRITSAIL,Horses,Horses del pennone di civada,,1,2,4,13,32.34,Tavola Steel 1794 p.1 fornita dall'utente,,,,2164,2290
6,110-100 guns,SPRITSAIL,Braces,Bracci del pennone di civada,,1,2,3.50,75,28.30,Tavola Steel 1794 p.1 fornita dall'utente,,,,2164,2290
7,110-100 guns,SPRITSAIL,Lifts,Amantigli del pennone di civada,,1,2,4.50,58,36.38,Tavola Steel 1794 p.1 fornita dall'utente,,,,2164,2290
8,110-100 guns,SPRITSAIL,Halliard,Drizza del pennone di civada,,1,,5.50,140,44.47,Tavola Steel 1794 p.1 fornita dall'utente,,,,2164,2290
9,110-100 guns,SPRITSAIL,Clew-lines,Imbrogli della civada,,1,2,4.50,45,36.38,Tavola Steel 1794 p.1 fornita dall'utente,,,,2164,2290
10,110-100 guns,SPRITSAIL,Buntlines,Caricaboline della civada,,1,2,3,34,24.26,Tavola Steel 1794 p.1 fornita dall'utente,,,,2164,2290
11,110-100 guns,SPRITSAIL,Sheets cabled single,Scotte della civada,,1,2,5.50,40,44.47,Tavola Steel 1794 p.1 fornita dall'utente,,,,2164,2290
12,110-100 guns,FORE MAST,Woolding,Cerchiatura dell'albero di trinchetto,,1,,3.50,80,28.30,Tavola Steel 1794 p.1 fornita dall'utente,,,,2164,2290
13,110-100 guns,FORE MAST,Girdlings,Girdlings del trinchetto,,1,,5,2,40.43,Tavola Steel 1794 p.1 fornita dall'utente,,,,2164,2290
14,110-100 guns,FORE MAST,Shrouds cabled fine,Sartie di trinchetto,,2,7,11,45,88.94,Tavola Steel 1794 p.2 fornita dall'utente,,,,2164,2290
15,110-100 guns,FORE MAST,Ratling,Griselle di trinchetto,,2,,1,1200,8.09,Tavola Steel 1794 p.2 fornita dall'utente,,,,2164,2290
16,110-100 guns,FORE MAST,Stay cabled fine 4 strands,Strallo di trinchetto,,2,1,18,150,145.53,Tavola Steel 1794 p.2 fornita dall'utente,,,,2164,2290
17,110-100 guns,FORE MAST,Preventer stay cabled 4 strands fine,Controstrallo di trinchetto,,2,1,15,160,121.28,Tavola Steel 1794 p.2 fornita dall'utente,,,,2164,2290
18,110-100 guns,FORE MAST,Catharpin legs,Catarpine di trinchetto,,2,8,7,18,56.60,Tavola Steel 1794 p.2 fornita dall'utente,,,,2164,2290
19,110-100 guns,FORE MAST,Crowfoot for the top,Crowfoot della coffa di trinchetto,,2,,1.50,130,12.13,Tavola Steel 1794 p.2 fornita dall'utente,,,,2164,2290
20,110-100 guns,FORE MAST,Jeers — Tye,Jeers / tye del pennone di trinchetto,,2,,8,126,64.68,Tavola Steel 1794 p.2 fornita dall'utente,,,,2164,2290
21,110-100 guns,FORE MAST,Yard tackle pendants,Pendenti paranchi del pennone di trinchetto,,2,2,7,10,56.60,Tavola Steel 1794 p.2 fornita dall'utente,,,,2164,2290
22,110-100 guns,FORE MAST,Braces,Bracci del pennone di trinchetto,,2,2,4.50,110,36.38,Tavola Steel 1794 p.2 fornita dall'utente,,,,2164,2290
23,110-100 guns,FORE MAST,Brace pendants,Pendenti dei bracci di trinchetto,,2,2,5.50,10,44.47,Tavola Steel 1794 p.2 fornita dall'utente,,,,2164,2290
24,110-100 guns,FORE MAST,Lifts,Amantigli del pennone di trinchetto,,2,2,4,100,32.34,Tavola Steel 1794 p.2 fornita dall'utente,,,,2164,2290
25,110-100 guns,FORE MAST,Horses,Horses del pennone di trinchetto,,2,2,4,15,32.34,Tavola Steel 1794 p.2 fornita dall'utente,,,,2164,2290
26,110-100 guns,FORE TOPMAST,Burton pendants,Pendenti Burton di parrocchetto,,3,2,5.50,7,44.47,Tavola Steel 1794 p.3 fornita dall'utente,,,,2164,2290
27,110-100 guns,FORE TOPMAST,Shrouds fine,Sartie di parrocchetto,,3,4,7,114,56.60,Tavola Steel 1794 p.3 fornita dall'utente,,,,2164,2290
28,110-100 guns,FORE TOPMAST,Ratling,Griselle di parrocchetto,,3,,1,150,8.09,Tavola Steel 1794 p.3 fornita dall'utente,,,,2164,2290
29,110-100 guns,FORE TOPMAST,Standing backstays fine,Paterazzi fissi di parrocchetto,,3,3,7,156,56.60,Tavola Steel 1794 p.3 fornita dall'utente,,,,2164,2290
30,110-100 guns,FORE TOPMAST,Breast backstay runners,Corridori dei paterazzi laterali di parrocchetto,,3,2,5,39,40.43,Tavola Steel 1794 p.3 fornita dall'utente,,,,2164,2290
31,110-100 guns,FORE TOPMAST,Stay cabled 4 strands fine,Strallo di parrocchetto,,3,1,9,84,72.77,Tavola Steel 1794 p.3 fornita dall'utente,,,,2164,2290
32,110-100 guns,FORE TOPMAST,Preventer stay cabled 4 strands fine,Controstrallo di parrocchetto,,3,1,6.50,64,52.55,Tavola Steel 1794 p.3 fornita dall'utente,,,,2164,2290
33,110-100 guns,FORE TOPMAST,Shifting backstays fine,Paterazzi volanti di parrocchetto,,3,2,7,60,56.60,Tavola Steel 1794 p.3 fornita dall'utente,,,,2164,2290
34,110-100 guns,FORE TOPMAST,Futtock shrouds fine,Sartie di coffa di parrocchetto,,3,8,7,42,56.60,Tavola Steel 1794 p.3 fornita dall'utente,,,,2164,2290
35,110-100 guns,FORE TOPMAST,Top rope pendants fine,Pendenti top-rope di parrocchetto,,3,2,9,42,72.77,Tavola Steel 1794 p.3 fornita dall'utente,,,,2164,2290
36,110-100 guns,FORE TOPMAST,Tye,Tye/drizza del parrocchetto,,3,,6,44,48.51,Tavola Steel 1794 p.3 fornita dall'utente,,,,2164,2290
37,110-100 guns,FORE TOPMAST,Braces,Bracci del parrocchetto,,3,2,3.50,104,28.30,Tavola Steel 1794 p.3 fornita dall'utente,,,,2164,2290
38,110-100 guns,FORE TOPMAST,Lifts,Amantigli del parrocchetto,,3,2,3.50,72,28.30,Tavola Steel 1794 p.3 fornita dall'utente,,,,2164,2290
39,110-100 guns,FORE TOPMAST,Clewlines,Imbrogli del parrocchetto,,3,2,4,90,32.34,Tavola Steel 1794 p.3 fornita dall'utente,,,,2164,2290
40,110-100 guns,FORE TOPMAST,Buntlines,Caricaboline del parrocchetto,,3,2,3,72,24.26,Tavola Steel 1794 p.3 fornita dall'utente,,,,2164,2290
41,110-100 guns,FORE TOPMAST,Leechlines,Leechlines del parrocchetto,,3,2,3,72,24.26,Tavola Steel 1794 p.3 fornita dall'utente,,,,2164,2290
42,110-100 guns,FORE TOPMAST,Bowlines,Boline del parrocchetto,,3,2,4.50,68,36.38,Tavola Steel 1794 p.3 fornita dall'utente,,,,2164,2290
43,110-100 guns,FORE TOPMAST,Sheets,Scotte del parrocchetto,,3,2,8,55,64.68,Tavola Steel 1794 p.3 fornita dall'utente,,,,2164,2290
44,110-100 guns,FORE TOPGALLANT,Shrouds,Sartie di velaccino,,4,3,4,82,32.34,Tavola Steel 1794 p.4 fornita dall'utente,,,,2164,2290
45,110-100 guns,FORE TOPGALLANT,Standing backstays,Paterazzi fissi di velaccino,,4,2,4,93,32.34,Tavola Steel 1794 p.4 fornita dall'utente,,,,2164,2290
46,110-100 guns,FORE TOPGALLANT,Stay cabled 4 strands,Strallo di velaccino,,4,1,4.50,32,36.38,Tavola Steel 1794 p.4 fornita dall'utente,,,,2164,2290
47,110-100 guns,FORE TOPGALLANT,Tye,Tye/drizza del velaccino,,4,,4,17,32.34,Tavola Steel 1794 p.4 fornita dall'utente,,,,2164,2290
48,110-100 guns,FORE TOPGALLANT,Halliard,Drizza del velaccino,,4,,2.50,20,20.21,Tavola Steel 1794 p.4 fornita dall'utente,,,,2164,2290
49,110-100 guns,FORE TOPGALLANT,Braces,Bracci del velaccino,,4,2,2.50,94,20.21,Tavola Steel 1794 p.4 fornita dall'utente,,,,2164,2290
50,110-100 guns,FORE TOPGALLANT,Lifts single,Amantigli del velaccino,,4,2,2.50,40,20.21,Tavola Steel 1794 p.4 fornita dall'utente,,,,2164,2290
51,110-100 guns,FORE TOPGALLANT,Clewlines,Imbrogli del velaccino,,4,2,2,76,16.17,Tavola Steel 1794 p.4 fornita dall'utente,,,,2164,2290
52,110-100 guns,FORE TOPGALLANT,Bowlines,Boline del velaccino,,4,2,2,75,16.17,Tavola Steel 1794 p.4 fornita dall'utente,,,,2164,2290
53,110-100 guns,MAIN MAST,Woolding,Cerchiatura dell'albero maestro,,4,,3.50,350,28.30,Tavola Steel 1794 p.4 fornita dall'utente,,,,2164,2290
54,110-100 guns,MAIN MAST,Girdlings,Girdlings dell'albero maestro,,4,,5,84,40.43,Tavola Steel 1794 p.4 fornita dall'utente,,,,2164,2290
55,110-100 guns,MAIN MAST,Shrouds cabled fine,Sartie maestre,,4,8,12,50,97.02,Tavola Steel 1794 p.4 fornita dall'utente,,,,2164,2290
56,110-100 guns,MAIN MAST,Ratling,Griselle maestre,,4,,1,1000,8.09,Tavola Steel 1794 p.4 fornita dall'utente,,,,2164,2290
57,110-100 guns,MAIN MAST,Stay cabled 4 strands fine,Strallo maestro,,4,1,19,225,153.62,Tavola Steel 1794 p.4 fornita dall'utente,,,,2164,2290
58,110-100 guns,MAIN MAST,Preventer stay cabled 4 strands fine,Controstrallo maestro,,4,1,16,120,129.36,Tavola Steel 1794 p.4 fornita dall'utente,,,,2164,2290
59,110-100 guns,MAIN MAST,Catharpin legs,Catarpine maestre,,4,8,7,18,56.60,Tavola Steel 1794 p.4 fornita dall'utente,,,,2164,2290
60,110-100 guns,MAIN MAST,Crowfoot for the top,Crowfoot della coffa maestra,,4,,1.50,145,12.13,Tavola Steel 1794 p.4 fornita dall'utente,,,,2164,2290
61,110-100 guns,MAIN MAST,Jeers — Tye,Jeers / tye del pennone maestro,,4,,8,140,64.68,Tavola Steel 1794 p.4 fornita dall'utente,,,,2164,2290
62,110-100 guns,MAIN MAST,Yard tackle pendants,Pendenti paranchi del pennone maestro,,4,2,7,10,56.60,Tavola Steel 1794 p.4 fornita dall'utente,,,,2164,2290
63,110-100 guns,MAIN MAST,Braces,Bracci del pennone maestro,,4,2,4.50,108,36.38,Tavola Steel 1794 p.4 fornita dall'utente,,,,2164,2290
64,110-100 guns,MAIN MAST,Brace pendants,Pendenti dei bracci maestri,,4,2,5.50,10,44.47,Tavola Steel 1794 p.4 fornita dall'utente,,,,2164,2290
65,110-100 guns,MAIN MAST,Lifts,Amantigli del pennone maestro,,4,2,4.50,110,36.38,Tavola Steel 1794 p.4 fornita dall'utente,,,,2164,2290
66,110-100 guns,MAIN COURSE,Clew-garnets,Caricascotte della maestra,,5,2,4,82,32.34,Tavola Steel 1794 p.5 fornita dall'utente,,,,2164,2290
67,110-100 guns,MAIN COURSE,Buntline legs,Caricaboline della maestra,,5,4,3,52,24.26,Tavola Steel 1794 p.5 fornita dall'utente,,,,2164,2290
68,110-100 guns,MAIN COURSE,Leechline legs,Leechlines della maestra,,5,2,3,54,24.26,Tavola Steel 1794 p.5 fornita dall'utente,,,,2164,2290
69,110-100 guns,MAIN COURSE,Slablines,Slablines della maestra,,5,2,2.50,42,20.21,Tavola Steel 1794 p.5 fornita dall'utente,,,,2164,2290
70,110-100 guns,MAIN COURSE,Bowlines,Boline della maestra,,5,2,4.50,60,36.38,Tavola Steel 1794 p.5 fornita dall'utente,,,,2164,2290
71,110-100 guns,MAIN COURSE,Sheets cabled,Scotte della maestra,,5,2,7.50,96,60.64,Tavola Steel 1794 p.5 fornita dall'utente,,,,2164,2290
72,110-100 guns,MAIN COURSE,Tacks taper and cabled,Mure della maestra,,5,2,10,48,80.85,Tavola Steel 1794 p.5 fornita dall'utente,,,,2164,2290
73,110-100 guns,MAIN TOPMAST,Burton pendants,Pendenti Burton di gabbia maestra,,5,2,5.50,74,44.47,Tavola Steel 1794 p.5 fornita dall'utente,,,,2164,2290
74,110-100 guns,MAIN TOPMAST,Shrouds fine,Sartie di gabbia maestra,,5,4,7,123,56.60,Tavola Steel 1794 p.5 fornita dall'utente,,,,2164,2290
75,110-100 guns,MAIN TOPMAST,Ratling,Griselle di gabbia maestra,,5,,1,150,8.09,Tavola Steel 1794 p.5 fornita dall'utente,,,,2164,2290
76,110-100 guns,MAIN TOPMAST,Standing backstays fine,Paterazzi fissi di gabbia maestra,,5,3,7,164,56.60,Tavola Steel 1794 p.5 fornita dall'utente,,,,2164,2290
77,110-100 guns,MAIN TOPMAST,Breast backstay runners,Corridori paterazzi laterali di gabbia,,5,2,5,39,40.43,Tavola Steel 1794 p.5 fornita dall'utente,,,,2164,2290
78,110-100 guns,MAIN TOPMAST,Stay cabled 4 strands fine,Strallo di gabbia maestra,,5,1,9,93,72.77,Tavola Steel 1794 p.5 fornita dall'utente,,,,2164,2290
79,110-100 guns,MAIN TOPMAST,Preventer stay cabled 4 strands fine,Controstrallo di gabbia maestra,,5,1,7,74,56.60,Tavola Steel 1794 p.5 fornita dall'utente,,,,2164,2290
80,110-100 guns,MAIN TOPMAST,Shifting backstays fine,Paterazzi volanti di gabbia maestra,,5,2,7,62,56.60,Tavola Steel 1794 p.5 fornita dall'utente,,,,2164,2290
81,110-100 guns,MAIN TOPMAST,Futtock shrouds fine,Sartie di coffa di gabbia maestra,,5,8,7,48,56.60,Tavola Steel 1794 p.5 fornita dall'utente,,,,2164,2290
82,110-100 guns,MAIN TOPMAST,Top rope pendants fine,Pendenti top-rope di gabbia maestra,,5,2,9,46,72.77,Tavola Steel 1794 p.5 fornita dall'utente,,,,2164,2290
83,110-100 guns,MAIN TOPGALLANT,Shrouds,Sartie di velaccio maestro,,6,3,4,89,32.34,Tavola Steel 1794 p.6 fornita dall'utente,,,,2164,2290
84,110-100 guns,MAIN TOPGALLANT,Standing backstays,Paterazzi fissi di velaccio maestro,,6,2,4,102,32.34,Tavola Steel 1794 p.6 fornita dall'utente,,,,2164,2290
85,110-100 guns,MAIN TOPGALLANT,Stay cabled 4 strands,Strallo di velaccio maestro,,6,1,4.50,26,36.38,Tavola Steel 1794 p.6 fornita dall'utente,,,,2164,2290
86,110-100 guns,MAIN TOPGALLANT,Tye,Tye/drizza del velaccio maestro,,6,,4,19,32.34,Tavola Steel 1794 p.6 fornita dall'utente,,,,2164,2290
87,110-100 guns,MAIN TOPGALLANT,Halliard,Drizza del velaccio maestro,,6,,2.50,35,20.21,Tavola Steel 1794 p.6 fornita dall'utente,,,,2164,2290
88,110-100 guns,MAIN TOPGALLANT,Braces,Bracci del velaccio maestro,,6,2,2.50,100,20.21,Tavola Steel 1794 p.6 fornita dall'utente,,,,2164,2290
89,110-100 guns,MAIN TOPGALLANT,Lifts single,Amantigli del velaccio maestro,,6,2,2.50,65,20.21,Tavola Steel 1794 p.6 fornita dall'utente,,,,2164,2290
90,110-100 guns,MAIN TOPGALLANT,Clewlines,Imbrogli del velaccio maestro,,6,2,2,83,16.17,Tavola Steel 1794 p.6 fornita dall'utente,,,,2164,2290
91,110-100 guns,MAIN TOPGALLANT,Bowlines,Boline del velaccio maestro,,6,2,2,78,16.17,Tavola Steel 1794 p.6 fornita dall'utente,,,,2164,2290
92,110-100 guns,MIZEN MAST,Woolding,Cerchiatura dell'albero di mezzana,,7,,3,162,24.26,Tavola Steel 1794 p.7 fornita dall'utente,,,,2164,2290
93,110-100 guns,MIZEN MAST,Girdlings,Girdlings della mezzana,,7,,3,68,24.26,Tavola Steel 1794 p.7 fornita dall'utente,,,,2164,2290
94,110-100 guns,MIZEN MAST,Shrouds fine,Sartie di mezzana,,7,5,7,112,56.60,Tavola Steel 1794 p.7 fornita dall'utente,,,,2164,2290
95,110-100 guns,MIZEN MAST,Ratling,Griselle di mezzana,,7,,1,182,8.09,Tavola Steel 1794 p.7 fornita dall'utente,,,,2164,2290
96,110-100 guns,MIZEN MAST,Stay cabled 4 strands fine,Strallo di mezzana,,7,1,8.50,115,68.72,Tavola Steel 1794 p.7 fornita dall'utente,,,,2164,2290
97,110-100 guns,MIZEN MAST,Crowfoot for the top,Crowfoot della coffa di mezzana,,7,,1.50,80,12.13,Tavola Steel 1794 p.7 fornita dall'utente,,,,2164,2290
98,110-100 guns,MIZEN MAST,Jeers,Jeers della mezzana,,7,2,6,52,48.51,Tavola Steel 1794 p.7 fornita dall'utente,,,,2164,2290
99,110-100 guns,MIZEN MAST,Vang pendants,Pendenti dei vang della mezzana,,7,2,4,14,32.34,Tavola Steel 1794 p.7 fornita dall'utente,,,,2164,2290
100,110-100 guns,MIZEN MAST,Bowlines,Boline della mezzana,,7,2,3,44,24.26,Tavola Steel 1794 p.7 fornita dall'utente,,,,2164,2290
101,110-100 guns,CROSS-JACK YARD,Braces,Bracci della vergasecca,,7,2,2.50,64,20.21,Tavola Steel 1794 p.7 fornita dall'utente,,,,2164,2290
102,110-100 guns,CROSS-JACK YARD,Lifts running,Amantigli della vergasecca,,7,2,2.50,55,20.21,Tavola Steel 1794 p.7 fornita dall'utente,,,,2164,2290
103,110-100 guns,MIZEN TOPMAST,Shrouds fine,Sartie di contromezzana,,7,3,4.50,57,36.38,Tavola Steel 1794 p.7 fornita dall'utente,,,,2164,2290
104,110-100 guns,MIZEN TOPMAST,Ratling,Griselle di contromezzana,,7,,1,72,8.09,Tavola Steel 1794 p.7 fornita dall'utente,,,,2164,2290
105,110-100 guns,MIZEN TOPMAST,Standing backstays fine,Paterazzi fissi di contromezzana,,7,2,4.50,60,36.38,Tavola Steel 1794 p.7 fornita dall'utente,,,,2164,2290
106,110-100 guns,MIZEN TOPMAST,Stay cabled 4 strands fine,Strallo di contromezzana,,7,1,5,64,40.43,Tavola Steel 1794 p.7 fornita dall'utente,,,,2164,2290
107,110-100 guns,MIZEN TOPGALLANT,Shrouds,Sartie di belvedere,,8,3,2.50,42,20.21,Tavola Steel 1794 p.8 fornita dall'utente,,,,2164,2290
108,110-100 guns,MIZEN TOPGALLANT,Backstays,Paterazzi di belvedere,,8,2,2.50,38,20.21,Tavola Steel 1794 p.8 fornita dall'utente,,,,2164,2290
109,110-100 guns,MIZEN TOPGALLANT,Stay,Strallo di belvedere,,8,1,3,14,24.26,Tavola Steel 1794 p.8 fornita dall'utente,,,,2164,2290
110,110-100 guns,MIZEN TOPGALLANT,Tye,Tye/drizza di belvedere,,8,,3,7,24.26,Tavola Steel 1794 p.8 fornita dall'utente,,,,2164,2290
111,110-100 guns,NECESSARY ROPES,Viol cabled,Viol / grande cavo di tonneggio,,8,,14,46,113.19,Tavola Steel 1794 p.8 fornita dall'utente,,,,2164,2290
112,110-100 guns,NECESSARY ROPES,Winding tackle pendant,Pendante del paranco di tonneggio,,8,,13,13,105.11,Tavola Steel 1794 p.8 fornita dall'utente,,,,2164,2290
113,110-100 guns,NECESSARY ROPES,Cat falls,Cavi di caponatura dell'ancora,,8,2,6,126,48.51,Tavola Steel 1794 p.8 fornita dall'utente,,,,2164,2290
114,110-100 guns,NECESSARY ROPES,Guy's main-head,Guy del main-head,,8,2,5,69,40.43,Tavola Steel 1794 p.8 fornita dall'utente,,,,2164,2290
115,110-100 guns,NECESSARY ROPES,Fish tackle pendant,Pendante del paranco di pescaggio dell'ancora,,8,,10,14,80.85,Tavola Steel 1794 p.8 fornita dall'utente,,,,2164,2290
116,110-100 guns,NECESSARY ROPES,Fish tackle fall,Corrente del paranco di pescaggio dell'ancora,,8,,4.50,52,36.38,Tavola Steel 1794 p.8 fornita dall'utente,,,,2164,2290
117,110-100 guns,NECESSARY ROPES,Anchor stock tackle fall,Corrente paranco del ceppo d'ancora,,8,,3,30,24.26,Tavola Steel 1794 p.8 fornita dall'utente,,,,2164,2290
118,110-100 guns,NECESSARY ROPES,Bill pendant,Pendante Bill,,8,,5.50,12,44.47,Tavola Steel 1794 p.8 fornita dall'utente,,,,2164,2290
119,110-100 guns,NECESSARY ROPES,Stoppers — best bower,Bozze best bower,,8,,9.50,10,76.81,Tavola Steel 1794 p.8 fornita dall'utente,,,,2164,2290
120,110-100 guns,NECESSARY ROPES,Stoppers — small bower,Bozze small bower,,8,,9,10,72.77,Tavola Steel 1794 p.8 fornita dall'utente,,,,2164,2290
121,110-100 guns,NECESSARY ROPES,Stoppers — spare,Bozze ancora di rispetto,,8,,9.50,10,76.81,Tavola Steel 1794 p.8 fornita dall'utente,,,,2164,2290
122,110-100 guns,NECESSARY ROPES,Wing cabled,Cavo wing,,8,2,9,20,72.77,Tavola Steel 1794 p.8 fornita dall'utente,,,,2164,2290
123,110-100 guns,NECESSARY ROPES,Log,Cavo log,,8,2,8,20,64.68,Tavola Steel 1794 p.8 fornita dall'utente,,,,2164,2290
124,110-100 guns,NECESSARY ROPES,Stream anchor cabled,Gomena ancora di corrente,,8,,5.50,7,44.47,Tavola Steel 1794 p.8 fornita dall'utente,,,,2164,2290
125,110-100 guns,NECESSARY ROPES,Kedge,Gomena ancorotto,,8,,4.50,6,36.38,Tavola Steel 1794 p.8 fornita dall'utente,,,,2164,2290
126,110-100 guns,NECESSARY ROPES,Deck & bit cabled,Cavi di coperta e bitte,,8,10,12,36,97.02,Tavola Steel 1794 p.8 fornita dall'utente,,,,2164,2290
127,110-100 guns,NECESSARY ROPES,Shank painters — sheet anchor,Shank painter ancora di posta,,9,2,9,12,72.77,Tavola Steel 1794 p.9 fornita dall'utente,,,,2164,2290
128,110-100 guns,NECESSARY ROPES,Shank painters — best bower,Shank painter best bower,,9,2,9,8,72.77,Tavola Steel 1794 p.9 fornita dall'utente,,,,2164,2290
129,110-100 guns,NECESSARY ROPES,Shank painters — small bower,Shank painter small bower,,9,2,9,8,72.77,Tavola Steel 1794 p.9 fornita dall'utente,,,,2164,2290
130,110-100 guns,NECESSARY ROPES,Shank painters — spare,Shank painter ancora di rispetto,,9,2,9,12,72.77,Tavola Steel 1794 p.9 fornita dall'utente,,,,2164,2290
131,110-100 guns,NECESSARY ROPES,Buoy ropes — sheet anchor,Cima boa ancora di posta,,9,,8.50,24,68.72,Tavola Steel 1794 p.9 fornita dall'utente,,,,2164,2290
132,110-100 guns,NECESSARY ROPES,Buoy ropes — best bower,Cima boa best bower,,9,,8,24,64.68,Tavola Steel 1794 p.9 fornita dall'utente,,,,2164,2290
133,110-100 guns,NECESSARY ROPES,Buoy ropes — small bower,Cima boa small bower,,9,,8,24,64.68,Tavola Steel 1794 p.9 fornita dall'utente,,,,2164,2290
134,110-100 guns,NECESSARY ROPES,Stream anchor cabled,Gomena ancora di corrente,,9,,5,38,40.43,Tavola Steel 1794 p.9 fornita dall'utente,,,,2164,2290
135,110-100 guns,NECESSARY ROPES,Kedge cabled,Gomena ancorotto,,9,,4,30,32.34,Tavola Steel 1794 p.9 fornita dall'utente,,,,2164,2290
136,110-100 guns,NECESSARY ROPES,Rudder pendants cabled,Pendenti del timone,,9,2,7.50,11,60.64,Tavola Steel 1794 p.9 fornita dall'utente,,,,2164,2290
137,110-100 guns,NECESSARY ROPES,Gun,Cordame per cannone (voce Steel 'Gun'),,9,,8,7,64.68,Tavola Steel 1794 p.9 fornita dall'utente,,,,2164,2290
138,110-100 guns,LONGBOAT,Burton pendants,Pendenti Burton della lancia,,9,2,4,31,32.34,Tavola Steel 1794 p.9 fornita dall'utente,,,,2164,2290
139,110-100 guns,LONGBOAT,Runner,Runner Burton della lancia,,9,,3,12,24.26,Tavola Steel 1794 p.9 fornita dall'utente,,,,2164,2290
140,110-100 guns,LONGBOAT,Falls,Correnti dei paranchi della lancia,,9,2,2.50,20,20.21,Tavola Steel 1794 p.9 fornita dall'utente,,,,2164,2290
141,110-100 guns,LONGBOAT,Shrouds,Sartie della lancia,,9,2,4,22,32.34,Tavola Steel 1794 p.9 fornita dall'utente,,,,2164,2290
142,110-100 guns,LONGBOAT,Stay,Strallo della lancia,,9,,4.50,8,36.38,Tavola Steel 1794 p.9 fornita dall'utente,,,,2164,2290
143,110-100 guns,LONGBOAT,Tye,Tye della lancia,,9,,3,7,24.26,Tavola Steel 1794 p.9 fornita dall'utente,,,,2164,2290
144,110-100 guns,LONGBOAT,Main halliard,Drizza maestra della lancia,,9,,2,18,16.17,Tavola Steel 1794 p.9 fornita dall'utente,,,,2164,2290
145,110-100 guns,LONGBOAT,Boat-rope cabled,Cavo della lancia,,9,,9,40,72.77,Tavola Steel 1794 p.9 fornita dall'utente,,,,2164,2290
146,110-100 guns,PINNACE,Halliards main and fore,Drizze maestra e trinchetto della pinnaccia,,10,2,1.50,20,12.13,Tavola Steel 1794 p.10 fornita dall'utente,,,,2164,2290
147,110-100 guns,PINNACE,Sheets,Scotte della pinnaccia,,10,4,1.50,20,12.13,Tavola Steel 1794 p.10 fornita dall'utente,,,,2164,2290
148,110-100 guns,PINNACE,Grapnel-rope cabled,Gomena del grappino della pinnaccia,,10,,3.50,70,28.30,Tavola Steel 1794 p.10 fornita dall'utente,,,,2164,2290
149,110-100 guns,PINNACE,Painter,Barbetta della pinnaccia,,10,,3.50,10,28.30,Tavola Steel 1794 p.10 fornita dall'utente,,,,2164,2290
150,110-100 guns,PINNACE,Sternfast,Cavo di poppa della pinnaccia,,10,,2.50,20,20.21,Tavola Steel 1794 p.10 fornita dall'utente,,,,2164,2290
151,110-100 guns,YAWL OR CUTTER,Halliards (if cutters),Drizze della iole/cutter,,10,2,2,12,16.17,Tavola Steel 1794 p.10 fornita dall'utente,,,,2164,2290
152,110-100 guns,YAWL OR CUTTER,Sheets,Scotte della iole/cutter,,10,4,2,8,16.17,Tavola Steel 1794 p.10 fornita dall'utente,,,,2164,2290
153,110-100 guns,YAWL OR CUTTER,Grapnel-rope cabled,Gomena del grappino della iole/cutter,,10,,3.50,80,28.30,Tavola Steel 1794 p.10 fornita dall'utente,,,,2164,2290
154,110-100 guns,YAWL OR CUTTER,Painter,Barbetta della iole/cutter,,10,,3.50,10,28.30,Tavola Steel 1794 p.10 fornita dall'utente,,,,2164,2290
155,98-90 guns,BOWSPRIT,Woolding,Cerchiatura/legatura del bompresso,,11,,3.50,190,28.30,Tavola Steel 1794 p.11 fornita dall'utente,BOWSPRIT — Woolding,,,1827,1931
156,98-90 guns,BOWSPRIT,Gammonings,Legature del bompresso,,11,2,8,160,64.68,Tavola Steel 1794 p.11 fornita dall'utente,BOWSPRIT — Gammonings,,,1827,1931
157,98-90 guns,BOWSPRIT,Shrouds fine,Briglie/sartie del bompresso,,11,2,8,38,64.68,Tavola Steel 1794 p.11 fornita dall'utente,BOWSPRIT — Shrouds fine,,,1827,1931
158,98-90 guns,BOWSPRIT,Bobstays cabled fine,Bobstays del bompresso,,11,3,8.50,37,68.72,Tavola Steel 1794 p.11 fornita dall'utente,BOWSPRIT — Bobstays cabled fine,,,1827,1931
159,98-90 guns,SPRITSAIL,Horses,Horses del pennone di civada,,11,2,4,13,32.34,Tavola Steel 1794 p.11 fornita dall'utente,SPRITSAIL — Horses,,,1827,1931
160,98-90 guns,SPRITSAIL,Braces,Bracci del pennone di civada,,11,2,3.50,74,28.30,Tavola Steel 1794 p.11 fornita dall'utente,SPRITSAIL — Braces,,,1827,1931
161,98-90 guns,SPRITSAIL,Lifts,Amantigli del pennone di civada,,11,2,3.50,58,28.30,Tavola Steel 1794 p.11 fornita dall'utente,SPRITSAIL — Lifts,,,1827,1931
162,98-90 guns,SPRITSAIL,Halliard,Drizza del pennone di civada,,11,,3.50,138,28.30,Tavola Steel 1794 p.11 fornita dall'utente,SPRITSAIL — Halliard,,,1827,1931
163,98-90 guns,FORE MAST,Woolding,Cerchiatura dell'albero di trinchetto,,11,,3.50,80,28.30,Tavola Steel 1794 p.11 fornita dall'utente,FORE MAST — Woolding,,,1827,1931
164,98-90 guns,FORE MAST,Girdlings,Girdlings del trinchetto,,11,2,5,2,40.43,Tavola Steel 1794 p.11 fornita dall'utente,FORE MAST — Girdlings,,,1827,1931
165,98-90 guns,FORE MAST,Shrouds cabled fine,Sartie di trinchetto,,12,7,11,45,88.94,Tavola Steel 1794 p.12 fornita dall'utente,FORE MAST — Shrouds cabled fine,,,1827,1931
166,98-90 guns,FORE MAST,Ratling,Griselle di trinchetto,,12,,1,1200,8.09,Tavola Steel 1794 p.12 fornita dall'utente,FORE MAST — Ratling,,,1827,1931
167,98-90 guns,FORE MAST,Stay cabled fine 4 strands,Strallo di trinchetto,,12,1,17.50,140,141.49,Tavola Steel 1794 p.12 fornita dall'utente,FORE MAST — Stay cabled fine 4 strands,,,1827,1931
168,98-90 guns,FORE MAST,Preventer stay cabled 4 strands fine,Controstrallo di trinchetto,,12,1,14.50,143,117.23,Tavola Steel 1794 p.12 fornita dall'utente,FORE MAST — Preventer stay cabled 4 strands fine,,,1827,1931
169,98-90 guns,FORE MAST,Catharpin legs,Catarpine di trinchetto,,12,8,7,14,56.60,Tavola Steel 1794 p.12 fornita dall'utente,FORE MAST — Catharpin legs,,,1827,1931
170,98-90 guns,FORE MAST,Crowfoot for the top,Crowfoot della coffa di trinchetto,,12,,1.50,125,12.13,Tavola Steel 1794 p.12 fornita dall'utente,FORE MAST — Crowfoot for the top,,,1827,1931
171,98-90 guns,FORE TOPMAST,Burton Pendants,Pendenti Burton di parrocchetto,,13,1,5.50,7,44.47,Tavola Steel 1794 p.13 fornita dall'utente,FORE TOPMAST — Burton Pendants,,,1827,1931
172,98-90 guns,FORE TOPMAST,Shrouds fine,Sartie di parrocchetto,,13,4,7,107,56.60,Tavola Steel 1794 p.13 fornita dall'utente,FORE TOPMAST — Shrouds fine,,,1827,1931
173,98-90 guns,FORE TOPMAST,Standing Backstays fine,Paterazzi fissi di parrocchetto,,13,3,7,147,56.60,Tavola Steel 1794 p.13 fornita dall'utente,FORE TOPMAST — Standing Backstays fine,,,1827,1931
174,98-90 guns,FORE TOPMAST,Breast Backstay Runners,Corridori paterazzi laterali di parrocchetto,,13,2,5,9,40.43,Tavola Steel 1794 p.13 fornita dall'utente,FORE TOPMAST — Breast Backstay Runners,,,1827,1931
175,98-90 guns,FORE TOPMAST,Stay cabled 4 strands fine,Strallo di parrocchetto,,13,,8.50,23.50,68.72,Tavola Steel 1794 p.13 fornita dall'utente,FORE TOPMAST — Stay cabled 4 strands fine,,,1827,1931
176,98-90 guns,FORE TOPMAST,Preventer stay cabled 4 strands fine,Controstrallo di parrocchetto,,13,,6,23.50,48.51,Tavola Steel 1794 p.13 fornita dall'utente,FORE TOPMAST — Preventer stay cabled 4 strands fine,,,1827,1931
177,98-90 guns,FORE TOPMAST,Shifting Backstays fine,Paterazzi volanti di parrocchetto,,13,1,7,37,56.60,Tavola Steel 1794 p.13 fornita dall'utente,FORE TOPMAST — Shifting Backstays fine,,,1827,1931
178,98-90 guns,FORE TOPMAST,Futtock Shrouds fine,Sartie di coffa di parrocchetto,,13,4,7,40,56.60,Tavola Steel 1794 p.13 fornita dall'utente,FORE TOPMAST — Futtock Shrouds fine,,,1827,1931
179,98-90 guns,FORE TOPMAST,Top Rope Pendants fine,Pendenti top-rope di parrocchetto,,13,2,9,40,72.77,Tavola Steel 1794 p.13 fornita dall'utente,FORE TOPMAST — Top Rope Pendants fine,,,1827,1931
180,98-90 guns,FORE TOPGALLANT,Shrouds,Sartie di velaccino,,14,3,4,76,32.34,Tavola Steel 1794 p.14 fornita dall'utente,FORE TOPGALLANT — Shrouds,,,1827,1931
181,98-90 guns,FORE TOPGALLANT,Standing Backstays,Paterazzi fissi di velaccino,,14,2,4,83,32.34,Tavola Steel 1794 p.14 fornita dall'utente,FORE TOPGALLANT — Standing Backstays,,,1827,1931
182,98-90 guns,FORE TOPGALLANT,Stay cabled,Strallo di velaccino,,14,,4,29,32.34,Tavola Steel 1794 p.14 fornita dall'utente,FORE TOPGALLANT — Stay cabled,,,1827,1931
183,98-90 guns,MAIN MAST,Woolding,Cerchiatura dell'albero maestro,,14,,3.50,356,28.30,Tavola Steel 1794 p.14 fornita dall'utente,MAIN MAST — Woolding,,,1827,1931
184,98-90 guns,MAIN MAST,Girdlings,Girdlings dell'albero maestro,,14,2,5,80,40.43,Tavola Steel 1794 p.14 fornita dall'utente,MAIN MAST — Girdlings,,,1827,1931
185,98-90 guns,MAIN MAST,Shrouds cabled fine,Sartie maestre,,14,7,11,45,88.94,Tavola Steel 1794 p.14 fornita dall'utente,MAIN MAST — Shrouds cabled fine,,,1827,1931
186,98-90 guns,MAIN MAST,Ratling,Griselle maestre,,14,,1,1360,8.09,Tavola Steel 1794 p.14 fornita dall'utente,MAIN MAST — Ratling,,,1827,1931
187,98-90 guns,MAIN MAST,Stay cabled 4 strands fine,Strallo maestro,,14,,18.50,22,149.57,Tavola Steel 1794 p.14 fornita dall'utente,MAIN MAST — Stay cabled 4 strands fine,,,1827,1931
188,98-90 guns,MAIN MAST,Preventer stay cabled 4 strands fine,Controstrallo maestro,,14,,13,19.50,105.11,Tavola Steel 1794 p.14 fornita dall'utente,MAIN MAST — Preventer stay cabled 4 strands fine,,,1827,1931
189,98-90 guns,MAIN MAST,Catharpin legs,Catarpine maestre,,14,8,7,17,56.60,Tavola Steel 1794 p.14 fornita dall'utente,MAIN MAST — Catharpin legs,,,1827,1931
190,98-90 guns,MAIN MAST,Crowfoot for the top,Crowfoot della coffa maestra,,14,,2,140,16.17,Tavola Steel 1794 p.14 fornita dall'utente,MAIN MAST — Crowfoot for the top,,,1827,1931
191,98-90 guns,MAIN TOPMAST,Burton Pendants,Pendenti Burton di gabbia maestra,,15,1,5.50,7.50,44.47,Tavola Steel 1794 p.15 fornita dall'utente,MAIN TOPMAST — Burton Pendants,,,1827,1931
192,98-90 guns,MAIN TOPMAST,Shrouds fine,Sartie di gabbia maestra,,15,4,7,123,56.60,Tavola Steel 1794 p.15 fornita dall'utente,MAIN TOPMAST — Shrouds fine,,,1827,1931
193,98-90 guns,MAIN TOPMAST,Standing Backstays fine,Paterazzi fissi di gabbia maestra,,15,3,7,154,56.60,Tavola Steel 1794 p.15 fornita dall'utente,MAIN TOPMAST — Standing Backstays fine,,,1827,1931
194,98-90 guns,MAIN TOPMAST,Breast Backstay Runners,Corridori paterazzi laterali di gabbia,,15,2,5,9,40.43,Tavola Steel 1794 p.15 fornita dall'utente,MAIN TOPMAST — Breast Backstay Runners,,,1827,1931
195,98-90 guns,MAIN TOPMAST,Stay cabled 4 strands fine,Strallo di gabbia maestra,,15,,8.50,24,68.72,Tavola Steel 1794 p.15 fornita dall'utente,MAIN TOPMAST — Stay cabled 4 strands fine,,,1827,1931
196,98-90 guns,MAIN TOPMAST,Preventer stay cabled 4 strands fine,Controstrallo di gabbia maestra,,15,,6.50,23.50,52.55,Tavola Steel 1794 p.15 fornita dall'utente,MAIN TOPMAST — Preventer stay cabled 4 strands fine,,,1827,1931
197,98-90 guns,MAIN TOPMAST,Shifting Backstays fine,Paterazzi volanti di gabbia maestra,,15,1,7,48,56.60,Tavola Steel 1794 p.15 fornita dall'utente,MAIN TOPMAST — Shifting Backstays fine,,,1827,1931
198,98-90 guns,MAIN TOPMAST,Futtock Shrouds fine,Sartie di coffa di gabbia maestra,,15,4,7,48,56.60,Tavola Steel 1794 p.15 fornita dall'utente,MAIN TOPMAST — Futtock Shrouds fine,,,1827,1931
199,98-90 guns,MAIN TOPMAST,Top Rope Pendants fine,Pendenti top-rope di gabbia maestra,,15,2,9,44,72.77,Tavola Steel 1794 p.15 fornita dall'utente,MAIN TOPMAST — Top Rope Pendants fine,,,1827,1931
200,98-90 guns,MAIN TOPGALLANT,Shrouds,Sartie di velaccio maestro,,16,3,4,85,32.34,Tavola Steel 1794 p.16 fornita dall'utente,MAIN TOPGALLANT — Shrouds,,,1827,1931
201,98-90 guns,MAIN TOPGALLANT,Standing Backstays,Paterazzi fissi di velaccio maestro,,16,2,4,98,32.34,Tavola Steel 1794 p.16 fornita dall'utente,MAIN TOPGALLANT — Standing Backstays,,,1827,1931
202,98-90 guns,MAIN TOPGALLANT,Stay cabled 4 strands,Strallo di velaccio maestro,,16,,4,25,32.34,Tavola Steel 1794 p.16 fornita dall'utente,MAIN TOPGALLANT — Stay cabled 4 strands,,,1827,1931
203,98-90 guns,MIZEN MAST,Woolding,Cerchiatura dell'albero di mezzana,,17,,3,162,24.26,Tavola Steel 1794 p.17 fornita dall'utente,MIZEN MAST — Woolding,,,1827,1931
204,98-90 guns,MIZEN MAST,Girdlings,Girdlings di mezzana,,17,2,3.50,66,28.30,Tavola Steel 1794 p.17 fornita dall'utente,MIZEN MAST — Girdlings,,,1827,1931
205,98-90 guns,MIZEN MAST,Shrouds fine,Sartie di mezzana,,17,5,7,105,56.60,Tavola Steel 1794 p.17 fornita dall'utente,MIZEN MAST — Shrouds fine,,,1827,1931
206,98-90 guns,MIZEN MAST,Ratling,Griselle di mezzana,,17,,1,182,8.09,Tavola Steel 1794 p.17 fornita dall'utente,MIZEN MAST — Ratling,,,1827,1931
207,98-90 guns,MIZEN TOPMAST,Shrouds fine,Sartie di contromezzana,,17,3,4.50,56,36.38,Tavola Steel 1794 p.17 fornita dall'utente,MIZEN TOPMAST — Shrouds fine,,,1827,1931
208,98-90 guns,MIZEN TOPMAST,Standing Backstays fine,Paterazzi fissi di contromezzana,,17,1,4.50,59,36.38,Tavola Steel 1794 p.17 fornita dall'utente,MIZEN TOPMAST — Standing Backstays fine,,,1827,1931
209,98-90 guns,MIZEN TOPMAST,Stay cabled 4 strands fine,Strallo di contromezzana,,17,,4,16,32.34,Tavola Steel 1794 p.17 fornita dall'utente,MIZEN TOPMAST — Stay cabled 4 strands fine,,,1827,1931
210,98-90 guns,MIZEN TOPGALLANT,Shrouds,Sartie di belvedere,,18,2,2.50,39,20.21,Tavola Steel 1794 p.18 fornita dall'utente,MIZEN TOPGALLANT — Shrouds,,,1827,1931
211,98-90 guns,MIZEN TOPGALLANT,Backstays,Paterazzi di belvedere,,18,1,3,36,24.26,Tavola Steel 1794 p.18 fornita dall'utente,MIZEN TOPGALLANT — Backstays,,,1827,1931
212,98-90 guns,MIZEN TOPGALLANT,Stay,Strallo di belvedere,,18,,2.50,16,20.21,Tavola Steel 1794 p.18 fornita dall'utente,MIZEN TOPGALLANT — Stay,,,1827,1931
213,98-90 guns,NECESSARY ROPES,Viol Cabled,Viol / grande cavo di tonneggio,,18,,13.50,46,109.15,Tavola Steel 1794 p.18 fornita dall'utente,NECESSARY ROPES — Viol Cabled,,,1827,1931
214,98-90 guns,NECESSARY ROPES,Cat Falls,Cavi di caponatura dell'ancora,,18,2,5.50,124,44.47,Tavola Steel 1794 p.18 fornita dall'utente,NECESSARY ROPES — Cat Falls,,,1827,1931
215,98-90 guns,NECESSARY ROPES,Fish Tackle Pendant,Pendante del paranco di pescaggio dell'ancora,,18,,9.50,15,76.81,Tavola Steel 1794 p.18 fornita dall'utente,NECESSARY ROPES — Fish Tackle Pendant,,,1827,1931
216,80 guns,BOWSPRIT,Woolding,BOMPRESSO — Cerchiatura/legatura del bompresso,,21,,3.50,,28.30,021-ShipOf80Guns.jpg,BOWSPRIT — Woolding,,,1615,1615
217,80 guns,BOWSPRIT,Gammonings,BOMPRESSO — Legature (gammoning) del bompresso,,21,,8,,64.68,021-ShipOf80Guns.jpg,BOWSPRIT — Gammonings,,,1615,1615
218,80 guns,BOWSPRIT,"Shrouds, fine",BOMPRESSO — Briglie/sartie del bompresso,,21,,7.50,,60.64,021-ShipOf80Guns.jpg,"BOWSPRIT — Shrouds, fine",,,1615,1615
219,80 guns,BOWSPRIT,"Bobstays, cabled fine",BOMPRESSO — Stragli inferiori del bompresso (bobstays),,21,,8,,64.68,021-ShipOf80Guns.jpg,"BOWSPRIT — Bobstays, cabled fine",,,1615,1615
220,80 guns,SPRITSAIL,Braces,CIVADA — Bracci del pennone di civada,,21,,3.50,,28.30,021-ShipOf80Guns.jpg,SPRITSAIL — Braces,,,1615,1615
221,80 guns,SPRITSAIL,Lifts,CIVADA — Amantigli del pennone di civada,,21,,3.50,,28.30,021-ShipOf80Guns.jpg,SPRITSAIL — Lifts,,,1615,1615
222,80 guns,SPRITSAIL,Halliard,CIVADA — Drizza del pennone di civada,,21,,3.50,,28.30,021-ShipOf80Guns.jpg,SPRITSAIL — Halliard,,,1615,1615
223,80 guns,SPRITSAIL,Clew-lines,CIVADA — Imbrogli della civada,,21,,2.50,,20.21,021-ShipOf80Guns.jpg,SPRITSAIL — Clew-lines,,,1615,1615
224,80 guns,SPRITSAIL,Buntlines,CIVADA — Caricaboline della civada,,21,,2,,16.17,021-ShipOf80Guns.jpg,SPRITSAIL — Buntlines,,,1615,1615
225,80 guns,SPRITSAIL,"Sheets, cabled single",CIVADA — Scotte della civada,,21,,4.50,,36.38,021-ShipOf80Guns.jpg,"SPRITSAIL — Sheets, cabled single",,,1615,1615
226,80 guns,FORE MAST,"Shrouds, cabled fine",ALBERO DI TRINCHETTO — Sartie di trinchetto,,22,,10.50,,84.89,022-ShipOf80Guns.jpg,"FORE MAST — Shrouds, cabled fine",,,1615,1615
227,80 guns,FORE MAST,Ratling,ALBERO DI TRINCHETTO — Griselle di trinchetto,,22,,1.50,,12.13,022-ShipOf80Guns.jpg,FORE MAST — Ratling,,,1615,1615
228,80 guns,FORE MAST,"Stay, cabled fine 4 strands",ALBERO DI TRINCHETTO — Strallo di trinchetto,,22,,16.50,,133.40,022-ShipOf80Guns.jpg,"FORE MAST — Stay, cabled fine 4 strands",,,1615,1615
229,80 guns,FORE MAST,"Preventer stay, cabled 4 strands fine",ALBERO DI TRINCHETTO — Controstrallo di trinchetto,,22,,10.50,,84.89,022-ShipOf80Guns.jpg,"FORE MAST — Preventer stay, cabled 4 strands fine",,,1615,1615
230,80 guns,FORE MAST,Catharpin legs,ALBERO DI TRINCHETTO — Catarpine di trinchetto,,22,,6.50,,52.55,022-ShipOf80Guns.jpg,FORE MAST — Catharpin legs,,,1615,1615
231,80 guns,FORE MAST,Jeers — tye,ALBERO DI TRINCHETTO — Jeers/drizza del pennone di trinchetto,,22,,7,,56.60,022-ShipOf80Guns.jpg,FORE MAST — Jeers — tye,,,1615,1615
232,80 guns,FORE MAST,Yard tackle pendants,ALBERO DI TRINCHETTO — Pendenti dei paranchi del pennone di trinchetto,,22,,7,,56.60,022-ShipOf80Guns.jpg,FORE MAST — Yard tackle pendants,,,1615,1615
233,80 guns,FORE MAST,Braces,ALBERO DI TRINCHETTO — Bracci del pennone di trinchetto,,22,,4,,32.34,022-ShipOf80Guns.jpg,FORE MAST — Braces,,,1615,1615
234,80 guns,FORE MAST,Brace pendants,ALBERO DI TRINCHETTO — Pendenti dei bracci di trinchetto,,22,,5,,40.43,022-ShipOf80Guns.jpg,FORE MAST — Brace pendants,,,1615,1615
235,80 guns,FORE TOPMAST,Burton pendants,ALBERETTO DI PARROCCHETTO — Pendenti Burton di parrocchetto,,23,,5,,40.43,023-ShipOf80Guns.jpg,FORE TOPMAST — Burton pendants,,,1615,1615
236,80 guns,FORE TOPMAST,"Shrouds, fine",ALBERETTO DI PARROCCHETTO — Sartie di parrocchetto,,23,,6.50,,52.55,023-ShipOf80Guns.jpg,"FORE TOPMAST — Shrouds, fine",,,1615,1615
237,80 guns,FORE TOPMAST,Ratling,ALBERETTO DI PARROCCHETTO — Griselle di parrocchetto,,23,,1,,8.09,023-ShipOf80Guns.jpg,FORE TOPMAST — Ratling,,,1615,1615
238,80 guns,FORE TOPMAST,"Standing backstays, fine",ALBERETTO DI PARROCCHETTO — Paterazzi fissi di parrocchetto,,23,,6.50,,52.55,023-ShipOf80Guns.jpg,"FORE TOPMAST — Standing backstays, fine",,,1615,1615
239,80 guns,FORE TOPMAST,Breast backstay runners,ALBERETTO DI PARROCCHETTO — Corridori dei paterazzi laterali di parrocchetto,,23,,4.50,,36.38,023-ShipOf80Guns.jpg,FORE TOPMAST — Breast backstay runners,,,1615,1615
240,80 guns,FORE TOPMAST,"Stay, cabled 4 strands fine",ALBERETTO DI PARROCCHETTO — Strallo di parrocchetto,,23,,8,,64.68,023-ShipOf80Guns.jpg,"FORE TOPMAST — Stay, cabled 4 strands fine",,,1615,1615
241,80 guns,FORE TOPMAST,"Preventer stay, cabled 4 strands fine",ALBERETTO DI PARROCCHETTO — Controstrallo di parrocchetto,,23,,6,,48.51,023-ShipOf80Guns.jpg,"FORE TOPMAST — Preventer stay, cabled 4 strands fine",,,1615,1615
242,80 guns,FORE TOPMAST,"Shifting backstays, fine",ALBERETTO DI PARROCCHETTO — Paterazzi volanti di parrocchetto,,23,,6.50,,52.55,023-ShipOf80Guns.jpg,"FORE TOPMAST — Shifting backstays, fine",,,1615,1615
243,80 guns,FORE TOPMAST,"Futtock shrouds, fine",ALBERETTO DI PARROCCHETTO — Sartie di coffa di parrocchetto,,23,,6.50,,52.55,023-ShipOf80Guns.jpg,"FORE TOPMAST — Futtock shrouds, fine",,,1615,1615
244,80 guns,FORE TOPMAST,"Top rope pendants, fine",ALBERETTO DI PARROCCHETTO — Pendenti del top-rope di parrocchetto,,23,,8.50,,68.72,023-ShipOf80Guns.jpg,"FORE TOPMAST — Top rope pendants, fine",,,1615,1615
245,80 guns,FORE TOPMAST,Tye,ALBERETTO DI PARROCCHETTO — Tye/drizza del parrocchetto,,23,,5.50,,44.47,023-ShipOf80Guns.jpg,FORE TOPMAST — Tye,,,1615,1615
246,80 guns,FORE TOPMAST,Braces,ALBERETTO DI PARROCCHETTO — Bracci del parrocchetto,,23,,3.50,,28.30,023-ShipOf80Guns.jpg,FORE TOPMAST — Braces,,,1615,1615
247,80 guns,FORE TOPMAST,Lifts,ALBERETTO DI PARROCCHETTO — Amantigli del parrocchetto,,23,,3.50,,28.30,023-ShipOf80Guns.jpg,FORE TOPMAST — Lifts,,,1615,1615
248,80 guns,FORE TOPMAST,Clewlines,ALBERETTO DI PARROCCHETTO — Imbrogli del parrocchetto,,23,,3,,24.26,023-ShipOf80Guns.jpg,FORE TOPMAST — Clewlines,,,1615,1615
249,80 guns,FORE TOPMAST,Buntlines,ALBERETTO DI PARROCCHETTO — Caricaboline del parrocchetto,,23,,3,,24.26,023-ShipOf80Guns.jpg,FORE TOPMAST — Buntlines,,,1615,1615
250,80 guns,FORE TOPMAST,Leechlines,ALBERETTO DI PARROCCHETTO — Caricascotte/leechlines del parrocchetto,,23,,2.50,,20.21,023-ShipOf80Guns.jpg,FORE TOPMAST — Leechlines,,,1615,1615
251,80 guns,FORE TOPMAST,Bowlines,ALBERETTO DI PARROCCHETTO — Boline del parrocchetto,,23,,3.50,,28.30,023-ShipOf80Guns.jpg,FORE TOPMAST — Bowlines,,,1615,1615
252,80 guns,FORE TOPMAST,Sheets,ALBERETTO DI PARROCCHETTO — Scotte del parrocchetto,,23,,7.50,,60.64,023-ShipOf80Guns.jpg,FORE TOPMAST — Sheets,,,1615,1615
253,80 guns,MAIN MAST,"Shrouds, cabled fine",ALBERO MAESTRO — Sartie maestre,,24,,10.50,,84.89,024-ShipOf80Guns.jpg,"MAIN MAST — Shrouds, cabled fine",,,1615,1615
254,80 guns,MAIN MAST,Ratling,ALBERO MAESTRO — Griselle maestre,,24,,1.50,,12.13,024-ShipOf80Guns.jpg,MAIN MAST — Ratling,,,1615,1615
255,80 guns,MAIN MAST,"Stay, cabled 4 strands fine",ALBERO MAESTRO — Strallo maestro,,24,,18,,145.53,024-ShipOf80Guns.jpg,"MAIN MAST — Stay, cabled 4 strands fine",,,1615,1615
256,80 guns,MAIN MAST,"Preventer stay, cabled 4 strands fine",ALBERO MAESTRO — Controstrallo maestro,,24,,12,,97.02,024-ShipOf80Guns.jpg,"MAIN MAST — Preventer stay, cabled 4 strands fine",,,1615,1615
257,80 guns,MAIN MAST,Catharpin legs,ALBERO MAESTRO — Catarpine maestre,,24,,6.50,,52.55,024-ShipOf80Guns.jpg,MAIN MAST — Catharpin legs,,,1615,1615
258,80 guns,MAIN MAST,Jeers — tye,ALBERO MAESTRO — Jeers/drizza del pennone maestro,,24,,7.50,,60.64,024-ShipOf80Guns.jpg,MAIN MAST — Jeers — tye,,,1615,1615
259,80 guns,MAIN MAST,Yard tackle pendants,ALBERO MAESTRO — Pendenti dei paranchi del pennone maestro,,24,,7,,56.60,024-ShipOf80Guns.jpg,MAIN MAST — Yard tackle pendants,,,1615,1615
260,80 guns,MAIN MAST,Braces,ALBERO MAESTRO — Bracci del pennone maestro,,24,,4,,32.34,024-ShipOf80Guns.jpg,MAIN MAST — Braces,,,1615,1615
261,80 guns,MAIN MAST,Brace pendants,ALBERO MAESTRO — Pendenti dei bracci maestri,,24,,5.50,,44.47,024-ShipOf80Guns.jpg,MAIN MAST — Brace pendants,,,1615,1615
262,80 guns,MAIN MAST,Lifts,ALBERO MAESTRO — Amantigli del pennone maestro,,24,,4.50,,36.38,024-ShipOf80Guns.jpg,MAIN MAST — Lifts,,,1615,1615
263,80 guns,MAIN COURSE,Clew-garnets,VELA MAESTRA — Caricascotte della maestra,,25,,4,,32.34,025-ShipOf80Guns.jpg,MAIN COURSE — Clew-garnets,,,1615,1615
264,80 guns,MAIN COURSE,Buntline legs,VELA MAESTRA — Caricaboline della maestra,,25,,3,,24.26,025-ShipOf80Guns.jpg,MAIN COURSE — Buntline legs,,,1615,1615
265,80 guns,MAIN COURSE,Leechline legs,VELA MAESTRA — Leechlines della maestra,,25,,2.50,,20.21,025-ShipOf80Guns.jpg,MAIN COURSE — Leechline legs,,,1615,1615
266,80 guns,MAIN COURSE,Slablines,VELA MAESTRA — Slablines della maestra,,25,,2,,16.17,025-ShipOf80Guns.jpg,MAIN COURSE — Slablines,,,1615,1615
267,80 guns,MAIN COURSE,Bowlines,VELA MAESTRA — Boline della maestra,,25,,4.50,,36.38,025-ShipOf80Guns.jpg,MAIN COURSE — Bowlines,,,1615,1615
268,80 guns,MAIN COURSE,"Sheets, cabled",VELA MAESTRA — Scotte della maestra,,25,,6.50,,52.55,025-ShipOf80Guns.jpg,"MAIN COURSE — Sheets, cabled",,,1615,1615
269,80 guns,MAIN COURSE,"Tacks, taper and cabled",VELA MAESTRA — Mure della maestra,,25,,9,,72.77,025-ShipOf80Guns.jpg,"MAIN COURSE — Tacks, taper and cabled",,,1615,1615
270,80 guns,MAIN TOPMAST,Burton pendants,ALBERETTO DI GABBIA MAESTRA — Pendenti Burton di gabbia maestra,,25,,5,,40.43,025-ShipOf80Guns.jpg,MAIN TOPMAST — Burton pendants,,,1615,1615
271,80 guns,MAIN TOPMAST,"Shrouds, fine",ALBERETTO DI GABBIA MAESTRA — Sartie di gabbia maestra,,25,,6.50,,52.55,025-ShipOf80Guns.jpg,"MAIN TOPMAST — Shrouds, fine",,,1615,1615
272,80 guns,MAIN TOPMAST,Ratling,ALBERETTO DI GABBIA MAESTRA — Griselle di gabbia maestra,,25,,1,,8.09,025-ShipOf80Guns.jpg,MAIN TOPMAST — Ratling,,,1615,1615
273,80 guns,MAIN TOPMAST,"Standing backstays, fine",ALBERETTO DI GABBIA MAESTRA — Paterazzi fissi di gabbia maestra,,25,,6.50,,52.55,025-ShipOf80Guns.jpg,"MAIN TOPMAST — Standing backstays, fine",,,1615,1615
274,80 guns,MAIN TOPMAST,Breast backstay runners,ALBERETTO DI GABBIA MAESTRA — Corridori paterazzi laterali di gabbia,,25,,4.50,,36.38,025-ShipOf80Guns.jpg,MAIN TOPMAST — Breast backstay runners,,,1615,1615
275,80 guns,MAIN TOPMAST,"Stay, cabled 4 strands fine",ALBERETTO DI GABBIA MAESTRA — Strallo di gabbia maestra,,25,,8,,64.68,025-ShipOf80Guns.jpg,"MAIN TOPMAST — Stay, cabled 4 strands fine",,,1615,1615
276,80 guns,MAIN TOPMAST,"Preventer stay, cabled 4 strands fine",ALBERETTO DI GABBIA MAESTRA — Controstrallo di gabbia maestra,,25,,6,,48.51,025-ShipOf80Guns.jpg,"MAIN TOPMAST — Preventer stay, cabled 4 strands fine",,,1615,1615
277,80 guns,MAIN TOPMAST,"Shifting backstays, fine",ALBERETTO DI GABBIA MAESTRA — Paterazzi volanti di gabbia maestra,,25,,6.50,,52.55,025-ShipOf80Guns.jpg,"MAIN TOPMAST — Shifting backstays, fine",,,1615,1615
278,80 guns,MAIN TOPMAST,"Futtock shrouds, fine",ALBERETTO DI GABBIA MAESTRA — Sartie di coffa di gabbia maestra,,25,,6.50,,52.55,025-ShipOf80Guns.jpg,"MAIN TOPMAST — Futtock shrouds, fine",,,1615,1615
279,80 guns,MAIN TOPMAST,"Top rope pendants, fine",ALBERETTO DI GABBIA MAESTRA — Pendenti top-rope di gabbia maestra,,25,,8.50,,68.72,025-ShipOf80Guns.jpg,"MAIN TOPMAST — Top rope pendants, fine",,,1615,1615
280,80 guns,MAIN TOPGALLANT,Shrouds,ALBERETTO DI VELACCIO MAESTRO — Sartie di velaccio maestro,,26,,3.50,,28.30,026-ShipOf80Guns.jpg,MAIN TOPGALLANT — Shrouds,,,1615,1615
281,80 guns,MAIN TOPGALLANT,Standing backstays,ALBERETTO DI VELACCIO MAESTRO — Paterazzi fissi di velaccio maestro,,26,,3.50,,28.30,026-ShipOf80Guns.jpg,MAIN TOPGALLANT — Standing backstays,,,1615,1615
282,80 guns,MAIN TOPGALLANT,"Stay, cabled 4 strands",ALBERETTO DI VELACCIO MAESTRO — Strallo di velaccio maestro,,26,,4,,32.34,026-ShipOf80Guns.jpg,"MAIN TOPGALLANT — Stay, cabled 4 strands",,,1615,1615
283,80 guns,MAIN TOPGALLANT,Tye,ALBERETTO DI VELACCIO MAESTRO — Tye/drizza del velaccio maestro,,26,,4,,32.34,026-ShipOf80Guns.jpg,MAIN TOPGALLANT — Tye,,,1615,1615
284,80 guns,MAIN TOPGALLANT,Braces,ALBERETTO DI VELACCIO MAESTRO — Bracci del velaccio maestro,,26,,2,,16.17,026-ShipOf80Guns.jpg,MAIN TOPGALLANT — Braces,,,1615,1615
285,80 guns,MAIN TOPGALLANT,"Lifts, single",ALBERETTO DI VELACCIO MAESTRO — Amantigli del velaccio maestro,,26,,2.50,,20.21,026-ShipOf80Guns.jpg,"MAIN TOPGALLANT — Lifts, single",,,1615,1615
286,80 guns,MAIN TOPGALLANT,Clewlines,ALBERETTO DI VELACCIO MAESTRO — Imbrogli del velaccio maestro,,26,,2,,16.17,026-ShipOf80Guns.jpg,MAIN TOPGALLANT — Clewlines,,,1615,1615
287,80 guns,MAIN TOPGALLANT,Bowlines,ALBERETTO DI VELACCIO MAESTRO — Boline del velaccio maestro,,26,,2,,16.17,026-ShipOf80Guns.jpg,MAIN TOPGALLANT — Bowlines,,,1615,1615
288,80 guns,MIZEN MAST,"Shrouds, fine",ALBERO DI MEZZANA — Sartie di mezzana,,27,,6.50,,52.55,027-ShipOf80Guns.jpg,"MIZEN MAST — Shrouds, fine",,,1615,1615
289,80 guns,MIZEN MAST,Ratling,ALBERO DI MEZZANA — Griselle di mezzana,,27,,1,,8.09,027-ShipOf80Guns.jpg,MIZEN MAST — Ratling,,,1615,1615
290,80 guns,MIZEN MAST,"Stay, cabled 4 strands fine",ALBERO DI MEZZANA — Strallo di mezzana,,27,,8,,64.68,027-ShipOf80Guns.jpg,"MIZEN MAST — Stay, cabled 4 strands fine",,,1615,1615
291,80 guns,MIZEN MAST,Jeers,ALBERO DI MEZZANA — Jeers della mezzana,,27,,5,,40.43,027-ShipOf80Guns.jpg,MIZEN MAST — Jeers,,,1615,1615
292,80 guns,MIZEN MAST,Vang pendants,ALBERO DI MEZZANA — Pendenti dei vang della mezzana,,27,,4,,32.34,027-ShipOf80Guns.jpg,MIZEN MAST — Vang pendants,,,1615,1615
293,80 guns,MIZEN MAST,Bowlines,ALBERO DI MEZZANA — Boline della mezzana,,27,,3,,24.26,027-ShipOf80Guns.jpg,MIZEN MAST — Bowlines,,,1615,1615
294,80 guns,CROSS-JACK YARD,Braces,VERGASECCA — Bracci della vergasecca,,27,,2.50,,20.21,027-ShipOf80Guns.jpg,CROSS-JACK YARD — Braces,,,1615,1615
295,80 guns,CROSS-JACK YARD,"Lifts, running",VERGASECCA — Amantigli della vergasecca,,27,,2.50,,20.21,027-ShipOf80Guns.jpg,"CROSS-JACK YARD — Lifts, running",,,1615,1615
296,80 guns,MIZEN TOPMAST,"Shrouds, fine",ALBERETTO DI CONTROMEZZANA — Sartie di contromezzana,,27,,4,,32.34,027-ShipOf80Guns.jpg,"MIZEN TOPMAST — Shrouds, fine",,,1615,1615
297,80 guns,MIZEN TOPMAST,Ratling,ALBERETTO DI CONTROMEZZANA — Griselle di contromezzana,,27,,1,,8.09,027-ShipOf80Guns.jpg,MIZEN TOPMAST — Ratling,,,1615,1615
298,80 guns,MIZEN TOPMAST,"Standing backstays, fine",ALBERETTO DI CONTROMEZZANA — Paterazzi fissi di contromezzana,,27,,4,,32.34,027-ShipOf80Guns.jpg,"MIZEN TOPMAST — Standing backstays, fine",,,1615,1615
299,80 guns,MIZEN TOPMAST,"Stay, cabled 4 strands fine",ALBERETTO DI CONTROMEZZANA — Strallo di contromezzana,,27,,4.50,,36.38,027-ShipOf80Guns.jpg,"MIZEN TOPMAST — Stay, cabled 4 strands fine",,,1615,1615
300,80 guns,MIZEN TOPGALLANT,Shrouds,ALBERETTO DI BELVEDERE — Sartie di belvedere,,28,,2.50,,20.21,028-ShipOf80Guns.jpg,MIZEN TOPGALLANT — Shrouds,,,1615,1615
301,80 guns,MIZEN TOPGALLANT,Backstays,ALBERETTO DI BELVEDERE — Paterazzi di belvedere,,28,,2.50,,20.21,028-ShipOf80Guns.jpg,MIZEN TOPGALLANT — Backstays,,,1615,1615
302,80 guns,MIZEN TOPGALLANT,Stay,ALBERETTO DI BELVEDERE — Strallo di belvedere,,28,,3,,24.26,028-ShipOf80Guns.jpg,MIZEN TOPGALLANT — Stay,,,1615,1615
303,80 guns,MIZEN TOPGALLANT,Tye,ALBERETTO DI BELVEDERE — Tye/drizza di belvedere,,28,,3,,24.26,028-ShipOf80Guns.jpg,MIZEN TOPGALLANT — Tye,,,1615,1615
304,80 guns,NECESSARY ROPES,"Viol, cabled",CORDAMI DI SERVIZIO — Viol / grande cavo di tonneggio,,28,,13.50,,109.15,028-ShipOf80Guns.jpg,"NECESSARY ROPES — Viol, cabled",,,1615,1615
305,80 guns,NECESSARY ROPES,Winding tackle pendant,CORDAMI DI SERVIZIO — Pendante del paranco di tonneggio,,28,,12,,97.02,028-ShipOf80Guns.jpg,NECESSARY ROPES — Winding tackle pendant,,,1615,1615
306,80 guns,NECESSARY ROPES,Cat falls,CORDAMI DI SERVIZIO — Cavi di caponatura dell'ancora,,28,,5,,40.43,028-ShipOf80Guns.jpg,NECESSARY ROPES — Cat falls,,,1615,1615
307,80 guns,NECESSARY ROPES,Fish tackle pendant,CORDAMI DI SERVIZIO — Pendante del paranco di pescaggio dell'ancora,,28,,9,,72.77,028-ShipOf80Guns.jpg,NECESSARY ROPES — Fish tackle pendant,,,1615,1615
308,80 guns,NECESSARY ROPES,Fish tackle fall,CORDAMI DI SERVIZIO — Corrente del paranco di pescaggio dell'ancora,,28,,4.50,,36.38,028-ShipOf80Guns.jpg,NECESSARY ROPES — Fish tackle fall,,,1615,1615
309,80 guns,NECESSARY ROPES,Anchor stock tackle fall,CORDAMI DI SERVIZIO — Corrente paranco del ceppo d'ancora,,28,,3,,24.26,028-ShipOf80Guns.jpg,NECESSARY ROPES — Anchor stock tackle fall,,,1615,1615
310,80 guns,NECESSARY ROPES,Bill pendant,CORDAMI DI SERVIZIO — Pendante Bill,,28,,5,,40.43,028-ShipOf80Guns.jpg,NECESSARY ROPES — Bill pendant,,,1615,1615
311,80 guns,NECESSARY ROPES,Stoppers — sheet/best/small bower/spare,CORDAMI DI SERVIZIO — Bozze delle ancore principali,,28,,8.50,,68.72,028-ShipOf80Guns.jpg,NECESSARY ROPES — Stoppers — sheet/best/small bower/spare,,,1615,1615
312,80 guns,NECESSARY ROPES,"Wing, cabled",CORDAMI DI SERVIZIO — Cavo wing,,28,,8.50,,68.72,028-ShipOf80Guns.jpg,"NECESSARY ROPES — Wing, cabled",,,1615,1615
313,80 guns,NECESSARY ROPES,Dog,CORDAMI DI SERVIZIO — Cavo dog,,28,,7.50,,60.64,028-ShipOf80Guns.jpg,NECESSARY ROPES — Dog,,,1615,1615
314,80 guns,NECESSARY ROPES,"Stream anchor, cabled",CORDAMI DI SERVIZIO — Gomena dell'ancora di corrente,,28,,5,,40.43,028-ShipOf80Guns.jpg,"NECESSARY ROPES — Stream anchor, cabled",,,1615,1615
315,80 guns,NECESSARY ROPES,Kedge,CORDAMI DI SERVIZIO — Gomena dell'ancorotto,,28,,4,,32.34,028-ShipOf80Guns.jpg,NECESSARY ROPES — Kedge,,,1615,1615
316,80 guns,NECESSARY ROPES,"Deck & bit, cabled",CORDAMI DI SERVIZIO — Cavi di coperta e bitte,,28,,11,,88.94,028-ShipOf80Guns.jpg,"NECESSARY ROPES — Deck & bit, cabled",,,1615,1615
317,80 guns,NECESSARY ROPES,Shank painters — sheet anchor,CORDAMI DI SERVIZIO — Shank painter dell'ancora di posta,,29,,8,,64.68,029-ShipOf80Guns.jpg,NECESSARY ROPES — Shank painters — sheet anchor,,,1615,1615
318,80 guns,NECESSARY ROPES,Shank painters — best bower,CORDAMI DI SERVIZIO — Shank painter best bower,,29,,7.50,,60.64,029-ShipOf80Guns.jpg,NECESSARY ROPES — Shank painters — best bower,,,1615,1615
319,80 guns,NECESSARY ROPES,Shank painters — small bower,CORDAMI DI SERVIZIO — Shank painter small bower,,29,,7.50,,60.64,029-ShipOf80Guns.jpg,NECESSARY ROPES — Shank painters — small bower,,,1615,1615
320,80 guns,NECESSARY ROPES,Shank painters — spare,CORDAMI DI SERVIZIO — Shank painter di rispetto,,29,,8,,64.68,029-ShipOf80Guns.jpg,NECESSARY ROPES — Shank painters — spare,,,1615,1615
321,80 guns,NECESSARY ROPES,Buoy ropes — sheet anchor,CORDAMI DI SERVIZIO — Cima boa dell'ancora di posta,,29,,8,,64.68,029-ShipOf80Guns.jpg,NECESSARY ROPES — Buoy ropes — sheet anchor,,,1615,1615
322,80 guns,NECESSARY ROPES,Buoy ropes — best bower,CORDAMI DI SERVIZIO — Cima boa best bower,,29,,8,,64.68,029-ShipOf80Guns.jpg,NECESSARY ROPES — Buoy ropes — best bower,,,1615,1615
323,80 guns,NECESSARY ROPES,Buoy ropes — small bower,CORDAMI DI SERVIZIO — Cima boa small bower,,29,,8,,64.68,029-ShipOf80Guns.jpg,NECESSARY ROPES — Buoy ropes — small bower,,,1615,1615
324,80 guns,NECESSARY ROPES,"Stream anchor, cabled",CORDAMI DI SERVIZIO — Gomena ancora di corrente,,29,,5,,40.43,029-ShipOf80Guns.jpg,"NECESSARY ROPES — Stream anchor, cabled",,,1615,1615
325,80 guns,NECESSARY ROPES,"Kedge, cabled",CORDAMI DI SERVIZIO — Gomena ancorotto,,29,,4,,32.34,029-ShipOf80Guns.jpg,"NECESSARY ROPES — Kedge, cabled",,,1615,1615
326,80 guns,NECESSARY ROPES,"Rudder pendants, cabled",CORDAMI DI SERVIZIO — Pendenti del timone,,29,,7,,56.60,029-ShipOf80Guns.jpg,"NECESSARY ROPES — Rudder pendants, cabled",,,1615,1615
327,80 guns,NECESSARY ROPES,Gun,CORDAMI DI SERVIZIO — Cordame per cannone (voce Steel 'Gun'),,29,,8,,64.68,029-ShipOf80Guns.jpg,NECESSARY ROPES — Gun,,,1615,1615
328,80 guns,LONGBOAT,Burton pendants,LANCIA — Pendenti Burton della lancia,,29,,4,,32.34,029-ShipOf80Guns.jpg,LONGBOAT — Burton pendants,,,1615,1615
329,80 guns,LONGBOAT,Shrouds,LANCIA — Sartie della lancia,,29,,4,,32.34,029-ShipOf80Guns.jpg,LONGBOAT — Shrouds,,,1615,1615
330,80 guns,LONGBOAT,Stay,LANCIA — Strallo della lancia,,29,,4.50,,36.38,029-ShipOf80Guns.jpg,LONGBOAT — Stay,,,1615,1615
331,80 guns,LONGBOAT,Tye,LANCIA — Tye della lancia,,29,,3,,24.26,029-ShipOf80Guns.jpg,LONGBOAT — Tye,,,1615,1615
332,80 guns,LONGBOAT,Main halliard,LANCIA — Drizza maestra della lancia,,29,,2,,16.17,029-ShipOf80Guns.jpg,LONGBOAT — Main halliard,,,1615,1615
333,80 guns,LONGBOAT,"Boat-rope, cabled",LANCIA — Cavo della lancia,,29,,8,,64.68,029-ShipOf80Guns.jpg,"LONGBOAT — Boat-rope, cabled",,,1615,1615
334,80 guns,PINNACE,Halliards main and fore,PINNACCIA — Drizze maestra e trinchetto della pinnaccia,,30,,1.50,,12.13,030-ShipOf80Guns.jpg,PINNACE — Halliards main and fore,,,1615,1615
335,80 guns,PINNACE,Sheets,PINNACCIA — Scotte della pinnaccia,,30,,1.50,,12.13,030-ShipOf80Guns.jpg,PINNACE — Sheets,,,1615,1615
336,80 guns,PINNACE,"Grapnel-rope, cabled",PINNACCIA — Gomena del grappino della pinnaccia,,30,,3.50,,28.30,030-ShipOf80Guns.jpg,"PINNACE — Grapnel-rope, cabled",,,1615,1615
337,80 guns,PINNACE,Painter,PINNACCIA — Barbetta della pinnaccia,,30,,3.50,,28.30,030-ShipOf80Guns.jpg,PINNACE — Painter,,,1615,1615
338,80 guns,YAWL OR CUTTER,Halliards (if cutters),IOLE / CUTTER — Drizze della iole/cutter,,30,,2,,16.17,030-ShipOf80Guns.jpg,YAWL OR CUTTER — Halliards (if cutters),,,1615,1615
339,80 guns,YAWL OR CUTTER,Sheets,IOLE / CUTTER — Scotte della iole/cutter,,30,,2 / 1.5,,14.15,030-ShipOf80Guns.jpg,YAWL OR CUTTER — Sheets,,Steel riporta due circonferenze per le quattro sheets: 2 in e 1½ in.,1615,1615
340,80 guns,YAWL OR CUTTER,"Grapnel-rope, cabled",IOLE / CUTTER — Gomena del grappino della iole/cutter,,30,,3.50,,28.30,030-ShipOf80Guns.jpg,"YAWL OR CUTTER — Grapnel-rope, cabled",,,1615,1615
341,80 guns,YAWL OR CUTTER,Painter,IOLE / CUTTER — Barbetta della iole/cutter,,30,,3.50,,28.30,030-ShipOf80Guns.jpg,YAWL OR CUTTER — Painter,,,1615,1615
342,74,BOWSPRIT,Woolding,Cerchiatura/legatura del bompresso,,31,,3.50,,28.30,,,,,1799,1799
343,74,BOWSPRIT,Gammonings,Legature (gammoning) del bompresso,,31,2,8,,64.68,,,,,1799,1799
344,74,BOWSPRIT,"Shrouds, fine",Briglie/sartie del bompresso,,31,2,8,,64.68,,,,,1799,1799
345,74,BOWSPRIT,"Bobstays, cabled fine",Stragli inferiori del bompresso (bobstays),,31,2,8.50,,68.72,,,,,1799,1799
346,74,SPRITSAIL,Braces,Bracci del pennone di civada,,31,2,3.50,,28.30,,,,,1799,1799
347,74,SPRITSAIL,Lifts,Amantigli del pennone di civada,,31,2,5.50,,44.47,,,,,1799,1799
348,74,SPRITSAIL,Halliard,Drizza del pennone di civada,,31,,5.50,,44.47,,,,,1799,1799
349,74,SPRITSAIL,Clew-lines,Imbrogli della civada,,31,2,4.50,,36.38,,,,,1799,1799
350,74,SPRITSAIL,Buntlines,Caricaboline della civada,,31,2,2,,16.17,,,,,1799,1799
351,74,SPRITSAIL,"Sheets, cabled single",Scotte della civada,,31,2,5,,40.43,,,,,1799,1799
352,74,FORE MAST,"Shrouds, cabled fine",Sartie di trinchetto,,32,7,11,,88.94,,,,,1799,1799
353,74,FORE MAST,Ratling,Griselle di trinchetto,,32,,1,,8.09,,,,,1799,1799
354,74,FORE MAST,"Stay, cabled fine 4 strands",Strallo di trinchetto,,32,1,17.50,,141.49,,,,,1799,1799
355,74,FORE MAST,"Preventer stay, cabled 4 strands fine",Controstrallo di trinchetto,,32,1,11.50,,92.98,,,,,1799,1799
356,74,FORE MAST,Catharpin legs,Catarpine di trinchetto,,32,4,7,,56.60,,,,,1799,1799
357,74,FORE MAST,Jeers — tye,Jeers/drizza del pennone di trinchetto,,32,,7.50,,60.64,,,,,1799,1799
358,74,FORE MAST,Yard tackle pendants,Pendenti dei paranchi del pennone di trinchetto,,32,2,7,,56.60,,,,,1799,1799
359,74,FORE MAST,Braces,Bracci del pennone di trinchetto,,32,2,4.50,,36.38,,,,,1799,1799
360,74,FORE MAST,Brace pendants,Pendenti dei bracci di trinchetto,,32,2,5.50,,44.47,,,,,1799,1799
361,74,FORE TOPMAST,Burton pendants,Pendenti Burton di parrocchetto,,33,2,5.50,,44.47,,,,,1799,1799
362,74,FORE TOPMAST,"Shrouds, fine",Sartie di parrocchetto,,33,4,7,,56.60,,,,,1799,1799
363,74,FORE TOPMAST,Ratling,Griselle di parrocchetto,,33,,1,,8.09,,,,,1799,1799
364,74,FORE TOPMAST,"Standing backstays, fine",Paterazzi fissi di parrocchetto,,33,3,7,,56.60,,,,,1799,1799
365,74,FORE TOPMAST,Breast backstay runners,Corridori dei paterazzi laterali di parrocchetto,,33,2,5,,40.43,,,,,1799,1799
366,74,FORE TOPMAST,"Stay, cabled 4 strands fine",Strallo di parrocchetto,,33,1,8.50,,68.72,,,,,1799,1799
367,74,FORE TOPMAST,"Preventer stay, cabled 4 strands fine",Controstrallo di parrocchetto,,33,1,6.50,,52.55,,,,,1799,1799
368,74,FORE TOPMAST,"Shifting backstays, fine",Paterazzi volanti di parrocchetto,,33,2,7,,56.60,,,,,1799,1799
369,74,FORE TOPMAST,"Futtock shrouds, fine",Sartie di coffa di parrocchetto,,33,8,7,,56.60,,,,,1799,1799
370,74,FORE TOPMAST,"Top rope pendants, fine",Pendenti del top-rope di parrocchetto,,33,2,9,,72.77,,,,,1799,1799
371,74,FORE TOPMAST,Tye,Tye/drizza del parrocchetto,,33,,6,,48.51,,,,,1799,1799
372,74,FORE TOPMAST,Braces,Bracci del parrocchetto,,33,2,3.50,,28.30,,,,,1799,1799
373,74,FORE TOPMAST,Lifts,Amantigli del parrocchetto,,33,2,3.50,,28.30,,,,,1799,1799
374,74,FORE TOPMAST,Clewlines,Imbrogli del parrocchetto,,33,2,4,,32.34,,,,,1799,1799
375,74,FORE TOPMAST,Buntlines,Caricaboline del parrocchetto,,33,2,3,,24.26,,,,,1799,1799
376,74,FORE TOPMAST,Leechlines,Caricascotte/leechlines del parrocchetto,,33,2,2.50,,20.21,,,,,1799,1799
377,74,FORE TOPMAST,Bowlines,Boline del parrocchetto,,33,2,4.50,,36.38,,,,,1799,1799
378,74,FORE TOPMAST,Sheets,Scotte del parrocchetto,,33,2,8,,64.68,,,,,1799,1799
379,74,MAIN MAST,"Shrouds, cabled fine",Sartie maestre,,34,7,11,,88.94,,,,,1799,1799
380,74,MAIN MAST,Ratling,Griselle maestre,,34,,1,,8.09,,,,,1799,1799
381,74,MAIN MAST,"Stay, cabled 4 strands fine",Strallo maestro,,34,1,18.50,,149.57,,,,,1799,1799
382,74,MAIN MAST,"Preventer stay, cabled 4 strands fine",Controstrallo maestro,,34,1,13,,105.11,,,,,1799,1799
383,74,MAIN MAST,Catharpin legs,Catarpine maestre,,34,4,7,,56.60,,,,,1799,1799
384,74,MAIN MAST,Jeers — tye,Jeers/drizza del pennone maestro,,34,,8,,64.68,,,,,1799,1799
385,74,MAIN MAST,Yard tackle pendants,Pendenti dei paranchi del pennone maestro,,34,2,7,,56.60,,,,,1799,1799
386,74,MAIN MAST,Braces,Bracci del pennone maestro,,34,2,4.50,,36.38,,,,,1799,1799
387,74,MAIN MAST,Brace pendants,Pendenti dei bracci maestri,,34,2,5.50,,44.47,,,,,1799,1799
388,74,MAIN MAST,Lifts,Amantigli del pennone maestro,,34,2,4.50,,36.38,,,,,1799,1799
389,74,MAIN COURSE,Clew-garnets,Caricascotte della maestra,,35,2,4,,32.34,,,,,1799,1799
390,74,MAIN COURSE,Buntline legs,Caricaboline della maestra,,35,4,3,,24.26,,,,,1799,1799
391,74,MAIN COURSE,Leechline legs,Leechlines della maestra,,35,2,2.50,,20.21,,,,,1799,1799
392,74,MAIN COURSE,Slablines,Slablines della maestra,,35,2,2.50,,20.21,,,,,1799,1799
393,74,MAIN COURSE,Bowlines,Boline della maestra,,35,2,4.50,,36.38,,,,,1799,1799
394,74,MAIN COURSE,"Sheets, cabled",Scotte della maestra,,35,2,7.50,,60.64,,,,,1799,1799
395,74,MAIN COURSE,"Tacks, taper and cabled",Mure della maestra,,35,2,9.50,,76.81,,,,,1799,1799
396,74,MAIN TOPMAST,Burton pendants,Pendenti Burton di gabbia maestra,,35,2,5.50,,44.47,,,,,1799,1799
397,74,MAIN TOPMAST,"Shrouds, fine",Sartie di gabbia maestra,,35,4,7,,56.60,,,,,1799,1799
398,74,MAIN TOPMAST,Ratling,Griselle di gabbia maestra,,35,,1,,8.09,,,,,1799,1799
399,74,MAIN TOPMAST,"Standing backstays, fine",Paterazzi fissi di gabbia maestra,,35,3,7,,56.60,,,,,1799,1799
400,74,MAIN TOPMAST,Breast backstay runners,Corridori paterazzi laterali di gabbia,,35,2,5,,40.43,,,,,1799,1799
401,74,MAIN TOPMAST,"Stay, cabled 4 strands fine",Strallo di gabbia maestra,,35,1,8.50,,68.72,,,,,1799,1799
402,74,MAIN TOPMAST,"Preventer stay, cabled 4 strands fine",Controstrallo di gabbia maestra,,35,1,6.50,,52.55,,,,,1799,1799
403,74,MAIN TOPMAST,"Shifting backstays, fine",Paterazzi volanti di gabbia maestra,,35,2,7,,56.60,,,,,1799,1799
404,74,MAIN TOPMAST,"Futtock shrouds, fine",Sartie di coffa di gabbia maestra,,35,8,7,,56.60,,,,,1799,1799
405,74,MAIN TOPMAST,"Top rope pendants, fine",Pendenti top-rope di gabbia maestra,,35,2,9,,72.77,,,,,1799,1799
406,74,MAIN TOPGALLANT,Shrouds,Sartie di velaccio maestro,,36,3,4,,32.34,,,,,1799,1799
407,74,MAIN TOPGALLANT,Standing backstays,Paterazzi fissi di velaccio maestro,,36,2,4,,32.34,,,,,1799,1799
408,74,MAIN TOPGALLANT,"Stay, cabled 4 strands",Strallo di velaccio maestro,,36,1,4.50,,36.38,,,,,1799,1799
409,74,MAIN TOPGALLANT,Tye,Tye/drizza del velaccio maestro,,36,,4,,32.34,,,,,1799,1799
410,74,MAIN TOPGALLANT,Braces,Bracci del velaccio maestro,,36,2,2,,16.17,,,,,1799,1799
411,74,MAIN TOPGALLANT,"Lifts, single",Amantigli del velaccio maestro,,36,2,2.50,,20.21,,,,,1799,1799
412,74,MAIN TOPGALLANT,Clewlines,Imbrogli del velaccio maestro,,36,2,2,,16.17,,,,,1799,1799
413,74,MAIN TOPGALLANT,Bowlines,Boline del velaccio maestro,,36,2,2,,16.17,,,,,1799,1799
414,74,MIZEN MAST,"Shrouds, fine",Sartie di mezzana,,37,5,7,,56.60,,,,,1799,1799
415,74,MIZEN MAST,Ratling,Griselle di mezzana,,37,,1,,8.09,,,,,1799,1799
416,74,MIZEN MAST,"Stay, cabled 4 strands fine",Strallo di mezzana,,37,1,8.50,,68.72,,,,,1799,1799
417,74,MIZEN MAST,Jeers,Jeers della mezzana,,37,2,5.50,,44.47,,,,,1799,1799
418,74,MIZEN MAST,Vang pendants,Pendenti dei vang della mezzana,,37,2,4.50,,36.38,,,,,1799,1799
419,74,MIZEN MAST,Bowlines,Boline della mezzana,,37,2,3,,24.26,,,,,1799,1799
420,74,CROSS-JACK YARD,Braces,Bracci della vergasecca,,37,2,2.50,,20.21,,,,,1799,1799
421,74,CROSS-JACK YARD,"Lifts, running",Amantigli della vergasecca,,37,2,2.50,,20.21,,,,,1799,1799
422,74,MIZEN TOPMAST,"Shrouds, fine",Sartie di contromezzana,,37,3,4.50,,36.38,,,,,1799,1799
423,74,MIZEN TOPMAST,Ratling,Griselle di contromezzana,,37,,1,,8.09,,,,,1799,1799
424,74,MIZEN TOPMAST,"Standing backstays, fine",Paterazzi fissi di contromezzana,,37,2,4.50,,36.38,,,,,1799,1799
425,74,MIZEN TOPMAST,"Stay, cabled 4 strands fine",Strallo di contromezzana,,37,1,5,,40.43,,,,,1799,1799
426,74,MIZEN TOPGALLANT,Shrouds,Sartie di belvedere,,38,2,2.50,,20.21,,,,,1799,1799
427,74,MIZEN TOPGALLANT,Backstays,Paterazzi di belvedere,,38,2,2.50,,20.21,,,,,1799,1799
428,74,MIZEN TOPGALLANT,Stay,Strallo di belvedere,,38,1,3,,24.26,,,,,1799,1799
429,74,MIZEN TOPGALLANT,Tye,Tye/drizza di belvedere,,38,,3,,24.26,,,,,1799,1799
430,74,NECESSARY ROPES,"Viol, cabled",Viol / grande cavo di tonneggio,,38,,13.50,,109.15,,,,,1799,1799
431,74,NECESSARY ROPES,Winding tackle pendant,Pendante del paranco di tonneggio,,38,,12,,97.02,,,,,1799,1799
432,74,NECESSARY ROPES,Cat falls,Cavi di caponatura dell'ancora,,38,2,5.50,,44.47,,,,,1799,1799
433,74,NECESSARY ROPES,Fish tackle pendant,Pendante del paranco di pescaggio dell'ancora,,38,,10,,80.85,,,,,1799,1799
434,74,NECESSARY ROPES,Fish tackle fall,Corrente del paranco di pescaggio dell'ancora,,38,,4.50,,36.38,,,,,1799,1799
435,74,NECESSARY ROPES,Anchor stock tackle fall,Corrente paranco del ceppo d'ancora,,38,,3,,24.26,,,,,1799,1799
436,74,NECESSARY ROPES,Bill pendant,Pendante Bill,,38,,5.50,,44.47,,,,,1799,1799
437,74,NECESSARY ROPES,Stoppers — sheet/best/small bower/spare,Bozze delle ancore principali,,38,,8.50,,68.72,,,,,1799,1799
438,74,NECESSARY ROPES,"Wing, cabled",Cavo wing,,38,2,8.50,,68.72,,,,,1799,1799
439,74,NECESSARY ROPES,Log,Cavo log,,38,2,8,,64.68,,,,,1799,1799
440,74,NECESSARY ROPES,"Stream anchor, cabled",Gomena dell'ancora di corrente,,38,2,5,,40.43,,,,,1799,1799
441,74,NECESSARY ROPES,Kedge,Gomena dell'ancorotto,,38,2,4,,32.34,,,,,1799,1799
442,74,NECESSARY ROPES,"Deck & bit, cabled",Cavi di coperta e bitte,,38,10,11,,88.94,,,,,1799,1799
443,74,NECESSARY ROPES,Shank painters — sheet anchor,Shank painter dell'ancora di posta,,39,2,8.50,,68.72,,,,,1799,1799
444,74,NECESSARY ROPES,Shank painters — best bower,Shank painter best bower,,39,2,8,,64.68,,,,,1799,1799
445,74,NECESSARY ROPES,Shank painters — small bower,Shank painter small bower,,39,2,8,,64.68,,,,,1799,1799
446,74,NECESSARY ROPES,Shank painters — spare,Shank painter di rispetto,,39,2,8.50,,68.72,,,,,1799,1799
447,74,NECESSARY ROPES,Buoy ropes — sheet anchor,Cima boa dell'ancora di posta,,39,,8,,64.68,,,,,1799,1799
448,74,NECESSARY ROPES,Buoy ropes — best bower,Cima boa best bower,,39,,8,,64.68,,,,,1799,1799
449,74,NECESSARY ROPES,Buoy ropes — small bower,Cima boa small bower,,39,,8,,64.68,,,,,1799,1799
450,74,NECESSARY ROPES,"Stream anchor, cabled",Gomena ancora di corrente,,39,,5,,40.43,,,,,1799,1799
451,74,NECESSARY ROPES,"Kedge, cabled",Gomena ancorotto,,39,,4,,32.34,,,,,1799,1799
452,74,NECESSARY ROPES,"Rudder pendants, cabled",Pendenti del timone,,39,2,7.50,,60.64,,,,,1799,1799
453,74,NECESSARY ROPES,Gun,Cordame per cannone (voce Steel 'Gun'),,39,,8,,64.68,,,,,1799,1799
454,74,LONGBOAT,Burton pendants,Pendenti Burton della lancia,,39,2,4,,32.34,,,,,1799,1799
455,74,LONGBOAT,Shrouds,Sartie della lancia,,39,2,4,,32.34,,,,,1799,1799
456,74,LONGBOAT,Stay,Strallo della lancia,,39,,4.50,,36.38,,,,,1799,1799
457,74,LONGBOAT,Tye,Tye della lancia,,39,,3,,24.26,,,,,1799,1799
458,74,LONGBOAT,Main halliard,Drizza maestra della lancia,,39,,2,,16.17,,,,,1799,1799
459,74,LONGBOAT,"Boat-rope, cabled",Cavo della lancia,,39,,9,,72.77,,,,,1799,1799
460,74,PINNACE,Halliards main and fore,Drizze maestra e trinchetto della pinnaccia,,40,2,1.50,,12.13,,,,,1799,1799
461,74,PINNACE,Sheets,Scotte della pinnaccia,,40,4,1.50,,12.13,,,,,1799,1799
462,74,PINNACE,"Grapnel-rope, cabled",Gomena del grappino della pinnaccia,,40,,3.50,,28.30,,,,,1799,1799
463,74,PINNACE,Painter,Barbetta della pinnaccia,,40,,3.50,,28.30,,,,,1799,1799
464,74,YAWL OR CUTTER,Halliards (if cutters),Drizze della iole/cutter,,40,4,2,,16.17,,,,,1799,1799
465,74,YAWL OR CUTTER,Sheets,Scotte della iole/cutter,,40,4,2,,16.17,,,,,1799,1799
466,74,YAWL OR CUTTER,"Grapnel-rope, cabled",Gomena del grappino della iole/cutter,,40,,3.50,,28.30,,,,,1799,1799
467,74,YAWL OR CUTTER,Painter,Barbetta della iole/cutter,,40,,3.50,,28.30,,,,,1799,1799
468,64 guns,BOWSPRIT,Woolding,Cerchiatura/legatura del bompresso,,41,,3,130,24.26,"Steel 1794, tavola 41 (immagine fornita dall'utente)",,,,1369,1369
469,64 guns,BOWSPRIT,Gammonings,Legature (gammoning) del bompresso,,41,2,7,130,56.60,"Steel 1794, tavola 41 (immagine fornita dall'utente)",,,,1369,1369
470,64 guns,BOWSPRIT,"Shrouds, fine",Briglie/sartie del bompresso,,41,,7.50,32,60.64,"Steel 1794, tavola 41 (immagine fornita dall'utente)",,,,1369,1369
471,64 guns,BOWSPRIT,"Bobstays, cabled fine",Stragli inferiori del bompresso (bobstays),,41,,8,32,64.68,"Steel 1794, tavola 41 (immagine fornita dall'utente)",,,,1369,1369
472,64 guns,SPRITSAIL,Braces,Bracci del pennone di civada,,41,2,3,70,24.26,"Steel 1794, tavola 41 (immagine fornita dall'utente)",,,,1369,1369
473,64 guns,SPRITSAIL,Lifts,Amantigli del pennone di civada,,41,2,3,48,24.26,"Steel 1794, tavola 41 (immagine fornita dall'utente)",,,,1369,1369
474,64 guns,SPRITSAIL,Halliard,Drizza del pennone di civada,,41,,3,34,24.26,"Steel 1794, tavola 41 (immagine fornita dall'utente)",,,,1369,1369
475,64 guns,SPRITSAIL,Clew-lines,Imbrogli della civada,,41,,2.50,40,20.21,"Steel 1794, tavola 41 (immagine fornita dall'utente)",,,,1369,1369
476,64 guns,SPRITSAIL,Buntlines,Caricaboline della civada,,41,,2,30,16.17,"Steel 1794, tavola 41 (immagine fornita dall'utente)",,,,1369,1369
477,64 guns,SPRITSAIL,"Sheets, cabled single",Scotte della civada,,41,,4.50,35,36.38,"Steel 1794, tavola 41 (immagine fornita dall'utente)",,,,1369,1369
478,64 guns,FORE MAST,"Shrouds, cabled fine",Sartie di trinchetto,,42,,10.50,179,84.89,"Steel 1794, tavola 42 (immagine fornita dall'utente)",,,,1369,1369
479,64 guns,FORE MAST,Ratling,Griselle di trinchetto,,42,,1.50,300,12.13,"Steel 1794, tavola 42 (immagine fornita dall'utente)",,,,1369,1369
480,64 guns,FORE MAST,"Stay, cabled fine 4 strands",Strallo di trinchetto,,42,,16,13,129.36,"Steel 1794, tavola 42 (immagine fornita dall'utente)",,,,1369,1369
481,64 guns,FORE MAST,"Preventer stay, cabled 4 strands fine",Controstrallo di trinchetto,,42,,10.50,13,84.89,"Steel 1794, tavola 42 (immagine fornita dall'utente)",,,,1369,1369
482,64 guns,FORE MAST,Catharpin legs,Catarpine di trinchetto,,42,8,6.50,13.50,52.55,"Steel 1794, tavola 42 (immagine fornita dall'utente)",,,,1369,1369
483,64 guns,FORE MAST,Jeers — tye,Jeers/drizza del pennone di trinchetto,,42,,6.50,112,52.55,"Steel 1794, tavola 42 (immagine fornita dall'utente)",,,,1369,1369
484,64 guns,FORE MAST,Yard tackle pendants,Pendenti dei paranchi del pennone di trinchetto,,42,,6.50,8.50,52.55,"Steel 1794, tavola 42 (immagine fornita dall'utente)",,,,1369,1369
485,64 guns,FORE MAST,Braces,Bracci del pennone di trinchetto,,42,,4,94,32.34,"Steel 1794, tavola 42 (immagine fornita dall'utente)",,,,1369,1369
486,64 guns,FORE MAST,Brace pendants,Pendenti dei bracci di trinchetto,,42,,5,10,40.43,"Steel 1794, tavola 42 (immagine fornita dall'utente)",,,,1369,1369
487,64 guns,FORE TOPMAST,Burton pendants,Pendenti Burton di parrocchetto,,43,1,5,6.50,40.43,"Steel 1794, tavola 43 (immagine fornita dall'utente)",,,,1369,1369
488,64 guns,FORE TOPMAST,"Shrouds, fine",Sartie di parrocchetto,,43,4,6.50,98,52.55,"Steel 1794, tavola 43 (immagine fornita dall'utente)",,,,1369,1369
489,64 guns,FORE TOPMAST,Ratling,Griselle di parrocchetto,,43,,1,135,8.09,"Steel 1794, tavola 43 (immagine fornita dall'utente)",,,,1369,1369
490,64 guns,FORE TOPMAST,"Standing backstays, fine",Paterazzi fissi di parrocchetto,,43,3,6.50,102,52.55,"Steel 1794, tavola 43 (immagine fornita dall'utente)",,,,1369,1369
491,64 guns,FORE TOPMAST,Breast backstay runners,Corridori dei paterazzi laterali di parrocchetto,,43,2,4,8,32.34,"Steel 1794, tavola 43 (immagine fornita dall'utente)",,,,1369,1369
492,64 guns,FORE TOPMAST,"Stay, cabled 4 strands fine",Strallo di parrocchetto,,43,,7.50,21,60.64,"Steel 1794, tavola 43 (immagine fornita dall'utente)",,,,1369,1369
493,64 guns,FORE TOPMAST,"Preventer stay, cabled 4 strands fine",Controstrallo di parrocchetto,,43,,5.50,21,44.47,"Steel 1794, tavola 43 (immagine fornita dall'utente)",,,,1369,1369
494,64 guns,FORE TOPMAST,"Shifting backstays, fine",Paterazzi volanti di parrocchetto,,43,1,6.50,34,52.55,"Steel 1794, tavola 43 (immagine fornita dall'utente)",,,,1369,1369
495,64 guns,FORE TOPMAST,"Futtock shrouds, fine",Sartie di coffa di parrocchetto,,43,4,6.50,36,52.55,"Steel 1794, tavola 43 (immagine fornita dall'utente)",,,,1369,1369
496,64 guns,FORE TOPMAST,"Top rope pendants, fine",Pendenti del top-rope di parrocchetto,,43,2,8.50,37,68.72,"Steel 1794, tavola 43 (immagine fornita dall'utente)",,,,1369,1369
497,64 guns,FORE TOPMAST,Tye,Tye/drizza del parrocchetto,,43,,5.50,40,44.47,"Steel 1794, tavola 43 (immagine fornita dall'utente)",,,,1369,1369
498,64 guns,FORE TOPMAST,Braces,Bracci del parrocchetto,,43,,3.50,94,28.30,"Steel 1794, tavola 43 (immagine fornita dall'utente)",,,,1369,1369
499,64 guns,FORE TOPMAST,Lifts,Amantigli del parrocchetto,,43,,3.50,64,28.30,"Steel 1794, tavola 43 (immagine fornita dall'utente)",,,,1369,1369
500,64 guns,FORE TOPMAST,Clewlines,Imbrogli del parrocchetto,,43,,3.50,82,28.30,"Steel 1794, tavola 43 (immagine fornita dall'utente)",,,,1369,1369
501,64 guns,FORE TOPMAST,Buntlines,Caricaboline del parrocchetto,,43,,3,64,24.26,"Steel 1794, tavola 43 (immagine fornita dall'utente)",,,,1369,1369
502,64 guns,FORE TOPMAST,Leechlines,Caricascotte/leechlines del parrocchetto,,43,,2.50,30,20.21,"Steel 1794, tavola 43 (immagine fornita dall'utente)",,,,1369,1369
503,64 guns,FORE TOPMAST,Bowlines,Boline del parrocchetto,,43,,3,60,24.26,"Steel 1794, tavola 43 (immagine fornita dall'utente)",,,,1369,1369
504,64 guns,FORE TOPMAST,Sheets,Scotte del parrocchetto,,43,,7,52,56.60,"Steel 1794, tavola 43 (immagine fornita dall'utente)",,,,1369,1369
505,64 guns,MAIN MAST,"Shrouds, cabled fine",Sartie maestre,,44,,10.50,108,84.89,"Steel 1794, tavola 44 (immagine fornita dall'utente)",,,,1369,1369
506,64 guns,MAIN MAST,Ratling,Griselle maestre,,44,,1.50,330,12.13,"Steel 1794, tavola 44 (immagine fornita dall'utente)",,,,1369,1369
507,64 guns,MAIN MAST,"Stay, cabled 4 strands fine",Strallo maestro,,44,,17.50,20,141.49,"Steel 1794, tavola 44 (immagine fornita dall'utente)",,,,1369,1369
508,64 guns,MAIN MAST,"Preventer stay, cabled 4 strands fine",Controstrallo maestro,,44,,12,18,97.02,"Steel 1794, tavola 44 (immagine fornita dall'utente)",,,,1369,1369
509,64 guns,MAIN MAST,Catharpin legs,Catarpine maestre,,44,8,6.50,14.50,52.55,"Steel 1794, tavola 44 (immagine fornita dall'utente)",,,,1369,1369
510,64 guns,MAIN MAST,Jeers — tye,Jeers/drizza del pennone maestro,,44,,7,130,56.60,"Steel 1794, tavola 44 (immagine fornita dall'utente)",,,,1369,1369
511,64 guns,MAIN MAST,Yard tackle pendants,Pendenti dei paranchi del pennone maestro,,44,,6.50,9.50,52.55,"Steel 1794, tavola 44 (immagine fornita dall'utente)",,,,1369,1369
512,64 guns,MAIN MAST,Braces,Bracci del pennone maestro,,44,,4,88,32.34,"Steel 1794, tavola 44 (immagine fornita dall'utente)",,,,1369,1369
513,64 guns,MAIN MAST,Brace pendants,Pendenti dei bracci maestri,,44,,5,10,40.43,"Steel 1794, tavola 44 (immagine fornita dall'utente)",,,,1369,1369
514,64 guns,MAIN MAST,Lifts,Amantigli del pennone maestro,,44,,4,112,32.34,"Steel 1794, tavola 44 (immagine fornita dall'utente)",,,,1369,1369
515,64 guns,MAIN COURSE,Clew-garnets,Caricascotte della maestra,,45,,3.50,74,28.30,"Steel 1794, tavola 45 (immagine fornita dall'utente)",,,,1369,1369
516,64 guns,MAIN COURSE,Buntline legs,Caricaboline della maestra,,45,,3,48,24.26,"Steel 1794, tavola 45 (immagine fornita dall'utente)",,,,1369,1369
517,64 guns,MAIN COURSE,Leechline legs,Leechlines della maestra,,45,,2.50,50,20.21,"Steel 1794, tavola 45 (immagine fornita dall'utente)",,,,1369,1369
518,64 guns,MAIN COURSE,Slablines,Slablines della maestra,,45,,2,40,16.17,"Steel 1794, tavola 45 (immagine fornita dall'utente)",,,,1369,1369
519,64 guns,MAIN COURSE,Bowlines,Boline della maestra,,45,,4.50,56,36.38,"Steel 1794, tavola 45 (immagine fornita dall'utente)",,,,1369,1369
520,64 guns,MAIN COURSE,"Sheets, cabled",Scotte della maestra,,45,,6.50,82,52.55,"Steel 1794, tavola 45 (immagine fornita dall'utente)",,,,1369,1369
521,64 guns,MAIN COURSE,"Tacks, taper and cabled",Mure della maestra,,45,,8.50,42,68.72,"Steel 1794, tavola 45 (immagine fornita dall'utente)",,,,1369,1369
522,64 guns,MAIN TOPMAST,Burton pendants,Pendenti Burton di gabbia maestra,,45,1,5,7,40.43,"Steel 1794, tavola 45 (immagine fornita dall'utente)",,,,1369,1369
523,64 guns,MAIN TOPMAST,"Shrouds, fine",Sartie di gabbia maestra,,45,4,6.50,106,52.55,"Steel 1794, tavola 45 (immagine fornita dall'utente)",,,,1369,1369
524,64 guns,MAIN TOPMAST,Ratling,Griselle di gabbia maestra,,45,,1,145,8.09,"Steel 1794, tavola 45 (immagine fornita dall'utente)",,,,1369,1369
525,64 guns,MAIN TOPMAST,"Standing backstays, fine",Paterazzi fissi di gabbia maestra,,45,3,6.50,113,52.55,"Steel 1794, tavola 45 (immagine fornita dall'utente)",,,,1369,1369
526,64 guns,MAIN TOPMAST,Breast backstay runners,Corridori paterazzi laterali di gabbia,,45,2,4,8,32.34,"Steel 1794, tavola 45 (immagine fornita dall'utente)",,,,1369,1369
527,64 guns,MAIN TOPMAST,"Stay, cabled 4 strands fine",Strallo di gabbia maestra,,45,,7.50,22.50,60.64,"Steel 1794, tavola 45 (immagine fornita dall'utente)",,,,1369,1369
528,64 guns,MAIN TOPMAST,"Preventer stay, cabled 4 strands fine",Controstrallo di gabbia maestra,,45,,6,22,48.51,"Steel 1794, tavola 45 (immagine fornita dall'utente)",,,,1369,1369
529,64 guns,MAIN TOPMAST,"Shifting backstays, fine",Paterazzi volanti di gabbia maestra,,45,1,6.50,37,52.55,"Steel 1794, tavola 45 (immagine fornita dall'utente)",,,,1369,1369
530,64 guns,MAIN TOPMAST,"Futtock shrouds, fine",Sartie di coffa di gabbia maestra,,45,4,6.50,38,52.55,"Steel 1794, tavola 45 (immagine fornita dall'utente)",,,,1369,1369
531,64 guns,MAIN TOPMAST,"Top rope pendants, fine",Pendenti top-rope di gabbia maestra,,45,2,8.50,40,68.72,"Steel 1794, tavola 45 (immagine fornita dall'utente)",,,,1369,1369
532,64 guns,MAIN TOPGALLANT,Shrouds,Sartie di velaccio maestro,,46,3,3.50,76,28.30,"Steel 1794, tavola 46 (immagine fornita dall'utente)",,,,1369,1369
533,64 guns,MAIN TOPGALLANT,Standing backstays,Paterazzi fissi di velaccio maestro,,46,2,3.50,90,28.30,"Steel 1794, tavola 46 (immagine fornita dall'utente)",,,,1369,1369
534,64 guns,MAIN TOPGALLANT,"Stay, cabled 4 strands",Strallo di velaccio maestro,,46,,4,22,32.34,"Steel 1794, tavola 46 (immagine fornita dall'utente)",,,,1369,1369
535,64 guns,MAIN TOPGALLANT,Tye,Tye/drizza del velaccio maestro,,46,,3.50,17,28.30,"Steel 1794, tavola 46 (immagine fornita dall'utente)",,,,1369,1369
536,64 guns,MAIN TOPGALLANT,Braces,Bracci del velaccio maestro,,46,,2,74,16.17,"Steel 1794, tavola 46 (immagine fornita dall'utente)",,,,1369,1369
537,64 guns,MAIN TOPGALLANT,"Lifts, single",Amantigli del velaccio maestro,,46,,2,58,16.17,"Steel 1794, tavola 46 (immagine fornita dall'utente)",,,,1369,1369
538,64 guns,MAIN TOPGALLANT,Clewlines,Imbrogli del velaccio maestro,,46,,2,74,16.17,"Steel 1794, tavola 46 (immagine fornita dall'utente)",,,,1369,1369
539,64 guns,MAIN TOPGALLANT,Bowlines,Boline del velaccio maestro,,46,,2,72,16.17,"Steel 1794, tavola 46 (immagine fornita dall'utente)",,,,1369,1369
540,64 guns,MIZEN MAST,"Shrouds, fine",Sartie di mezzana,,47,5,6.50,103,52.55,"Steel 1794, tavola 47 (immagine fornita dall'utente)",,,,1369,1369
541,64 guns,MIZEN MAST,Ratling,Griselle di mezzana,,47,,1,160,8.09,"Steel 1794, tavola 47 (immagine fornita dall'utente)",,,,1369,1369
542,64 guns,MIZEN MAST,"Stay, cabled 4 strands fine",Strallo di mezzana,,47,,7.50,14,60.64,"Steel 1794, tavola 47 (immagine fornita dall'utente)",,,,1369,1369
543,64 guns,MIZEN MAST,Jeers,Jeers della mezzana,,47,,5,48,40.43,"Steel 1794, tavola 47 (immagine fornita dall'utente)",,,,1369,1369
544,64 guns,MIZEN MAST,Vang pendants,Pendenti dei vang della mezzana,,47,,4,12,32.34,"Steel 1794, tavola 47 (immagine fornita dall'utente)",,,,1369,1369
545,64 guns,MIZEN MAST,Bowlines,Boline della mezzana,,47,,3,24,24.26,"Steel 1794, tavola 47 (immagine fornita dall'utente)",,,,1369,1369
546,64 guns,CROSS-JACK YARD,Braces,Bracci della vergasecca,,47,,2.50,60,20.21,"Steel 1794, tavola 47 (immagine fornita dall'utente)",,,,1369,1369
547,64 guns,CROSS-JACK YARD,"Lifts, running",Amantigli della vergasecca,,47,,2.50,52,20.21,"Steel 1794, tavola 47 (immagine fornita dall'utente)",,,,1369,1369
548,64 guns,MIZEN TOPMAST,"Shrouds, fine",Sartie di contromezzana,,47,3,4,50,32.34,"Steel 1794, tavola 47 (immagine fornita dall'utente)",,,,1369,1369
549,64 guns,MIZEN TOPMAST,Ratling,Griselle di contromezzana,,47,,1,64,8.09,"Steel 1794, tavola 47 (immagine fornita dall'utente)",,,,1369,1369
550,64 guns,MIZEN TOPMAST,"Standing backstays, fine",Paterazzi fissi di contromezzana,,47,1,4,56,32.34,"Steel 1794, tavola 47 (immagine fornita dall'utente)",,,,1369,1369
551,64 guns,MIZEN TOPMAST,"Stay, cabled 4 strands fine",Strallo di contromezzana,,47,,4.50,13,36.38,"Steel 1794, tavola 47 (immagine fornita dall'utente)",,,,1369,1369
552,64 guns,MIZEN TOPGALLANT,Shrouds,Sartie di belvedere,,48,2,2.50,36,20.21,"Steel 1794, tavola 48 (immagine fornita dall'utente)",,,,1369,1369
553,64 guns,MIZEN TOPGALLANT,Backstays,Paterazzi di belvedere,,48,,2.50,33,20.21,"Steel 1794, tavola 48 (immagine fornita dall'utente)",,,,1369,1369
554,64 guns,MIZEN TOPGALLANT,Stay,Strallo di belvedere,,48,,3,12,24.26,"Steel 1794, tavola 48 (immagine fornita dall'utente)",,,,1369,1369
555,64 guns,MIZEN TOPGALLANT,Tye,Tye/drizza di belvedere,,48,,2.50,6,20.21,"Steel 1794, tavola 48 (immagine fornita dall'utente)",,,,1369,1369
556,64 guns,NECESSARY ROPES,"Viol, cabled",Viol / grande cavo di tonneggio,,48,,13,42,105.11,"Steel 1794, tavola 48 (immagine fornita dall'utente)",,,,1369,1369
557,64 guns,NECESSARY ROPES,Winding tackle pendant,Pendante del paranco di tonneggio,,48,,12,12,97.02,"Steel 1794, tavola 48 (immagine fornita dall'utente)",,,,1369,1369
558,64 guns,NECESSARY ROPES,Cat falls,Cavi di caponatura dell'ancora,,48,2,5,100,40.43,"Steel 1794, tavola 48 (immagine fornita dall'utente)",,,,1369,1369
559,64 guns,NECESSARY ROPES,Fish tackle pendant,Pendante del paranco di pescaggio dell'ancora,,48,,9,11.50,72.77,"Steel 1794, tavola 48 (immagine fornita dall'utente)",,,,1369,1369
560,64 guns,NECESSARY ROPES,Fish tackle fall,Corrente del paranco di pescaggio dell'ancora,,48,,4,48,32.34,"Steel 1794, tavola 48 (immagine fornita dall'utente)",,,,1369,1369
561,64 guns,NECESSARY ROPES,Anchor stock tackle fall,Corrente paranco del ceppo d'ancora,,48,,3,30,24.26,"Steel 1794, tavola 48 (immagine fornita dall'utente)",,,,1369,1369
562,64 guns,NECESSARY ROPES,Bill pendant,Pendante Bill,,48,,5,11,40.43,"Steel 1794, tavola 48 (immagine fornita dall'utente)",,,,1369,1369
563,64 guns,NECESSARY ROPES,Stoppers — sheet/best/small bower/spare,Bozze delle ancore principali,,48,,8,10,64.68,"Steel 1794, tavola 48 (immagine fornita dall'utente)",,,,1369,1369
564,64 guns,NECESSARY ROPES,"Wing, cabled",Cavo wing,,48,,8,20,64.68,"Steel 1794, tavola 48 (immagine fornita dall'utente)",,,,1369,1369
565,64 guns,NECESSARY ROPES,Log,Cavo log,,48,,7.50,20,60.64,"Steel 1794, tavola 48 (immagine fornita dall'utente)",,,,1369,1369
566,64 guns,NECESSARY ROPES,"Stream anchor, cabled",Gomena dell'ancora di corrente,,48,,4.50,7,36.38,"Steel 1794, tavola 48 (immagine fornita dall'utente)",,,,1369,1369
567,64 guns,NECESSARY ROPES,Kedge,Gomena dell'ancorotto,,48,,3.50,6,28.30,"Steel 1794, tavola 48 (immagine fornita dall'utente)",,,,1369,1369
568,64 guns,NECESSARY ROPES,"Deck & bit, cabled",Cavi di coperta e bitte,,48,,10.50,36,84.89,"Steel 1794, tavola 48 (immagine fornita dall'utente)",,,,1369,1369
569,64 guns,NECESSARY ROPES,Shank painters — sheet anchor,Shank painter dell'ancora di posta,,49,,4,6,32.34,"Steel 1794, tavola 49 (immagine fornita dall'utente)",,,,1369,1369
570,64 guns,NECESSARY ROPES,Shank painters — best bower,Shank painter best bower,,49,,7.50,8,60.64,"Steel 1794, tavola 49 (immagine fornita dall'utente)",,,,1369,1369
571,64 guns,NECESSARY ROPES,Shank painters — small bower,Shank painter small bower,,49,,7.50,8,60.64,"Steel 1794, tavola 49 (immagine fornita dall'utente)",,,,1369,1369
572,64 guns,NECESSARY ROPES,Shank painters — spare,Shank painter di rispetto,,49,,7.50,11,60.64,"Steel 1794, tavola 49 (immagine fornita dall'utente)",,,,1369,1369
573,64 guns,NECESSARY ROPES,Buoy ropes — sheet anchor,Cima boa dell'ancora di posta,,49,,7.50,24,60.64,"Steel 1794, tavola 49 (immagine fornita dall'utente)",,,,1369,1369
574,64 guns,NECESSARY ROPES,Buoy ropes — best bower,Cima boa best bower,,49,,7.50,24,60.64,"Steel 1794, tavola 49 (immagine fornita dall'utente)",,,,1369,1369
575,64 guns,NECESSARY ROPES,Buoy ropes — small bower,Cima boa small bower,,49,,7.50,24,60.64,"Steel 1794, tavola 49 (immagine fornita dall'utente)",,,,1369,1369
576,64 guns,NECESSARY ROPES,"Stream anchor, cabled",Gomena ancora di corrente,,49,,4.50,30,36.38,"Steel 1794, tavola 49 (immagine fornita dall'utente)",,,,1369,1369
577,64 guns,NECESSARY ROPES,"Kedge, cabled",Gomena ancorotto,,49,,4,30,32.34,"Steel 1794, tavola 49 (immagine fornita dall'utente)",,,,1369,1369
578,64 guns,NECESSARY ROPES,"Rudder pendants, cabled",Pendenti del timone,,49,,7,10,56.60,"Steel 1794, tavola 49 (immagine fornita dall'utente)",,,,1369,1369
579,64 guns,NECESSARY ROPES,Gun,Cordame per cannone (voce Steel 'Gun'),,49,,8,7,64.68,"Steel 1794, tavola 49 (immagine fornita dall'utente)",,,,1369,1369
580,64 guns,LONGBOAT,Burton pendants,Pendenti Burton della lancia,,49,,4,3,32.34,"Steel 1794, tavola 49 (immagine fornita dall'utente)",,,,1369,1369
581,64 guns,LONGBOAT,Shrouds,Sartie della lancia,,49,,3.50,21,28.30,"Steel 1794, tavola 49 (immagine fornita dall'utente)",,,,1369,1369
582,64 guns,LONGBOAT,Stay,Strallo della lancia,,49,,4,7,32.34,"Steel 1794, tavola 49 (immagine fornita dall'utente)",,,,1369,1369
583,64 guns,LONGBOAT,Tye,Tye della lancia,,49,,3,7,24.26,"Steel 1794, tavola 49 (immagine fornita dall'utente)",,,,1369,1369
584,64 guns,LONGBOAT,Main halliard,Drizza maestra della lancia,,49,,2,18,16.17,"Steel 1794, tavola 49 (immagine fornita dall'utente)",,,,1369,1369
585,64 guns,LONGBOAT,"Boat-rope, cabled",Cavo della lancia,,49,,7.50,36,60.64,"Steel 1794, tavola 49 (immagine fornita dall'utente)",,,,1369,1369
586,64 guns,PINNACE,Halliards main and fore,Drizze maestra e trinchetto della pinnaccia,,50,,1.50,20,12.13,"Steel 1794, tavola 50 (immagine fornita dall'utente)",,,,1369,1369
587,64 guns,PINNACE,Sheets,Scotte della pinnaccia,,50,,1.50,20,12.13,"Steel 1794, tavola 50 (immagine fornita dall'utente)",,,,1369,1369
588,64 guns,PINNACE,"Grapnel-rope, cabled",Gomena del grappino della pinnaccia,,50,,3.50,70,28.30,"Steel 1794, tavola 50 (immagine fornita dall'utente)",,,,1369,1369
589,64 guns,PINNACE,Painter,Barbetta della pinnaccia,,50,,3.50,10,28.30,"Steel 1794, tavola 50 (immagine fornita dall'utente)",,,,1369,1369
590,64 guns,YAWL OR CUTTER,Halliards (if cutters),Drizze della iole/cutter,,50,,2,12,16.17,"Steel 1794, tavola 50 (immagine fornita dall'utente)",,,,1369,1369
591,64 guns,YAWL OR CUTTER,Sheets,Scotte della iole/cutter,,50,,2 / 1.5,8,14.15,"Steel 1794, tavola 50 (immagine fornita dall'utente)",,,,1369,1369
592,64 guns,YAWL OR CUTTER,"Grapnel-rope, cabled",Gomena del grappino della iole/cutter,,50,,3.50,80,28.30,"Steel 1794, tavola 50 (immagine fornita dall'utente)",,,,1369,1369
593,64 guns,YAWL OR CUTTER,Painter,Barbetta della iole/cutter,,50,,3.50,10,28.30,"Steel 1794, tavola 50 (immagine fornita dall'utente)",,,,1369,1369
594,50-44 guns,BOWSPRIT,Woolding,BOMPRESSO — Cerchiatura/legatura del bompresso,,51,,3,,24.26,051-ShipOf50-44Guns.jpg,BOWSPRIT — Woolding,,,879,1044
595,50-44 guns,BOWSPRIT,Gammonings,BOMPRESSO — Legature (gammoning) del bompresso,,51,,6,,48.51,051-ShipOf50-44Guns.jpg,BOWSPRIT — Gammonings,,,879,1044
596,50-44 guns,BOWSPRIT,"Shrouds, fine",BOMPRESSO — Briglie/sartie del bompresso,,51,,6,,48.51,051-ShipOf50-44Guns.jpg,"BOWSPRIT — Shrouds, fine",,,879,1044
597,50-44 guns,BOWSPRIT,"Bobstays, cabled fine",BOMPRESSO — Stragli inferiori del bompresso (bobstays),,51,,7,,56.60,051-ShipOf50-44Guns.jpg,"BOWSPRIT — Bobstays, cabled fine",,,879,1044
598,50-44 guns,SPRITSAIL,Braces,CIVADA — Bracci del pennone di civada,,51,,2.50,,20.21,051-ShipOf50-44Guns.jpg,SPRITSAIL — Braces,,,879,1044
599,50-44 guns,SPRITSAIL,Lifts,CIVADA — Amantigli del pennone di civada,,51,,2.50,,20.21,051-ShipOf50-44Guns.jpg,SPRITSAIL — Lifts,,,879,1044
600,50-44 guns,SPRITSAIL,Halliard,CIVADA — Drizza del pennone di civada,,51,,2.50,,20.21,051-ShipOf50-44Guns.jpg,SPRITSAIL — Halliard,,,879,1044
601,50-44 guns,SPRITSAIL,Clew-lines,CIVADA — Imbrogli della civada,,51,,2,,16.17,051-ShipOf50-44Guns.jpg,SPRITSAIL — Clew-lines,,,879,1044
602,50-44 guns,SPRITSAIL,Buntlines,CIVADA — Caricaboline della civada,,51,,2,,16.17,051-ShipOf50-44Guns.jpg,SPRITSAIL — Buntlines,,,879,1044
603,50-44 guns,SPRITSAIL,"Sheets, cabled single",CIVADA — Scotte della civada,,51,,3.50,,28.30,051-ShipOf50-44Guns.jpg,"SPRITSAIL — Sheets, cabled single",,,879,1044
604,50-44 guns,FORE MAST,"Shrouds, cabled fine",ALBERO DI TRINCHETTO — Sartie di trinchetto,,52,,8.75,,70.74,052-ShipOf50-44Guns.jpg,"FORE MAST — Shrouds, cabled fine",,,879,1044
605,50-44 guns,FORE MAST,Ratling,ALBERO DI TRINCHETTO — Griselle di trinchetto,,52,,1.50,,12.13,052-ShipOf50-44Guns.jpg,FORE MAST — Ratling,,,879,1044
606,50-44 guns,FORE MAST,"Stay, cabled fine 4 strands",ALBERO DI TRINCHETTO — Strallo di trinchetto,,52,,13,,105.11,052-ShipOf50-44Guns.jpg,"FORE MAST — Stay, cabled fine 4 strands",,,879,1044
607,50-44 guns,FORE MAST,"Preventer stay, cabled 4 strands fine",ALBERO DI TRINCHETTO — Controstrallo di trinchetto,,52,,8.75,,70.74,052-ShipOf50-44Guns.jpg,"FORE MAST — Preventer stay, cabled 4 strands fine",,,879,1044
608,50-44 guns,FORE MAST,Catharpin legs,ALBERO DI TRINCHETTO — Catarpine di trinchetto,,52,,5,,40.43,052-ShipOf50-44Guns.jpg,FORE MAST — Catharpin legs,,,879,1044
609,50-44 guns,FORE MAST,Jeers — tye,ALBERO DI TRINCHETTO — Jeers/drizza del pennone di trinchetto,,52,,5.50,,44.47,052-ShipOf50-44Guns.jpg,FORE MAST — Jeers — tye,,,879,1044
610,50-44 guns,FORE MAST,Yard tackle pendants,ALBERO DI TRINCHETTO — Pendenti dei paranchi del pennone di trinchetto,,52,,5.50,,44.47,052-ShipOf50-44Guns.jpg,FORE MAST — Yard tackle pendants,,,879,1044
611,50-44 guns,FORE MAST,Braces,ALBERO DI TRINCHETTO — Bracci del pennone di trinchetto,,52,,3.50,,28.30,052-ShipOf50-44Guns.jpg,FORE MAST — Braces,,,879,1044
612,50-44 guns,FORE MAST,Brace pendants,ALBERO DI TRINCHETTO — Pendenti dei bracci di trinchetto,,52,,4.50,,36.38,052-ShipOf50-44Guns.jpg,FORE MAST — Brace pendants,,,879,1044
613,50-44 guns,FORE TOPMAST,Burton pendants,ALBERETTO DI PARROCCHETTO — Pendenti Burton di parrocchetto,,53,,4.50,,36.38,053-ShipOf50-44Guns.jpg,FORE TOPMAST — Burton pendants,,,879,1044
614,50-44 guns,FORE TOPMAST,"Shrouds, fine",ALBERETTO DI PARROCCHETTO — Sartie di parrocchetto,,53,,5.50,,44.47,053-ShipOf50-44Guns.jpg,"FORE TOPMAST — Shrouds, fine",,,879,1044
615,50-44 guns,FORE TOPMAST,Ratling,ALBERETTO DI PARROCCHETTO — Griselle di parrocchetto,,53,,1,,8.09,053-ShipOf50-44Guns.jpg,FORE TOPMAST — Ratling,,,879,1044
616,50-44 guns,FORE TOPMAST,"Standing backstays, fine",ALBERETTO DI PARROCCHETTO — Paterazzi fissi di parrocchetto,,53,,5.50,,44.47,053-ShipOf50-44Guns.jpg,"FORE TOPMAST — Standing backstays, fine",,,879,1044
617,50-44 guns,FORE TOPMAST,Breast backstay runners,ALBERETTO DI PARROCCHETTO — Corridori dei paterazzi laterali di parrocchetto,,53,,3.50,,28.30,053-ShipOf50-44Guns.jpg,FORE TOPMAST — Breast backstay runners,,,879,1044
618,50-44 guns,FORE TOPMAST,"Stay, cabled 4 strands fine",ALBERETTO DI PARROCCHETTO — Strallo di parrocchetto,,53,,6,,48.51,053-ShipOf50-44Guns.jpg,"FORE TOPMAST — Stay, cabled 4 strands fine",,,879,1044
619,50-44 guns,FORE TOPMAST,"Preventer stay, cabled 4 strands fine",ALBERETTO DI PARROCCHETTO — Controstrallo di parrocchetto,,53,,4.50,,36.38,053-ShipOf50-44Guns.jpg,"FORE TOPMAST — Preventer stay, cabled 4 strands fine",,,879,1044
620,50-44 guns,FORE TOPMAST,"Shifting backstays, fine",ALBERETTO DI PARROCCHETTO — Paterazzi volanti di parrocchetto,,53,,5.50,,44.47,053-ShipOf50-44Guns.jpg,"FORE TOPMAST — Shifting backstays, fine",,,879,1044
621,50-44 guns,FORE TOPMAST,"Futtock shrouds, fine",ALBERETTO DI PARROCCHETTO — Sartie di coffa di parrocchetto,,53,,5.50,,44.47,053-ShipOf50-44Guns.jpg,"FORE TOPMAST — Futtock shrouds, fine",,,879,1044
622,50-44 guns,FORE TOPMAST,"Top rope pendants, fine",ALBERETTO DI PARROCCHETTO — Pendenti del top-rope di parrocchetto,,53,,7,,56.60,053-ShipOf50-44Guns.jpg,"FORE TOPMAST — Top rope pendants, fine",,,879,1044
623,50-44 guns,FORE TOPMAST,Tye,ALBERETTO DI PARROCCHETTO — Tye/drizza del parrocchetto,,53,,4.50,,36.38,053-ShipOf50-44Guns.jpg,FORE TOPMAST — Tye,,,879,1044
624,50-44 guns,FORE TOPMAST,Braces,ALBERETTO DI PARROCCHETTO — Bracci del parrocchetto,,53,,3,,24.26,053-ShipOf50-44Guns.jpg,FORE TOPMAST — Braces,,,879,1044
625,50-44 guns,FORE TOPMAST,Lifts,ALBERETTO DI PARROCCHETTO — Amantigli del parrocchetto,,53,,3,,24.26,053-ShipOf50-44Guns.jpg,FORE TOPMAST — Lifts,,,879,1044
626,50-44 guns,FORE TOPMAST,Clewlines,ALBERETTO DI PARROCCHETTO — Imbrogli del parrocchetto,,53,,3,,24.26,053-ShipOf50-44Guns.jpg,FORE TOPMAST — Clewlines,,,879,1044
627,50-44 guns,FORE TOPMAST,Buntlines,ALBERETTO DI PARROCCHETTO — Caricaboline del parrocchetto,,53,,2.50,,20.21,053-ShipOf50-44Guns.jpg,FORE TOPMAST — Buntlines,,,879,1044
628,50-44 guns,FORE TOPMAST,Leechlines,ALBERETTO DI PARROCCHETTO — Caricascotte/leechlines del parrocchetto,,53,,2,,16.17,053-ShipOf50-44Guns.jpg,FORE TOPMAST — Leechlines,,,879,1044
629,50-44 guns,FORE TOPMAST,Bowlines,ALBERETTO DI PARROCCHETTO — Boline del parrocchetto,,53,,2.50,,20.21,053-ShipOf50-44Guns.jpg,FORE TOPMAST — Bowlines,,,879,1044
630,50-44 guns,FORE TOPMAST,Sheets,ALBERETTO DI PARROCCHETTO — Scotte del parrocchetto,,53,,5.50,,44.47,053-ShipOf50-44Guns.jpg,FORE TOPMAST — Sheets,,,879,1044
631,50-44 guns,MAIN MAST,"Shrouds, cabled fine",ALBERO MAESTRO — Sartie maestre,,54,,8.50,,68.72,054-ShipOf50-44Guns.jpg,"MAIN MAST — Shrouds, cabled fine",,,879,1044
632,50-44 guns,MAIN MAST,Ratling,ALBERO MAESTRO — Griselle maestre,,54,,1.50,,12.13,054-ShipOf50-44Guns.jpg,MAIN MAST — Ratling,,,879,1044
633,50-44 guns,MAIN MAST,"Stay, cabled 4 strands fine",ALBERO MAESTRO — Strallo maestro,,54,,14.50,,117.23,054-ShipOf50-44Guns.jpg,"MAIN MAST — Stay, cabled 4 strands fine",,,879,1044
634,50-44 guns,MAIN MAST,"Preventer stay, cabled 4 strands fine",ALBERO MAESTRO — Controstrallo maestro,,54,,10,,80.85,054-ShipOf50-44Guns.jpg,"MAIN MAST — Preventer stay, cabled 4 strands fine",,,879,1044
635,50-44 guns,MAIN MAST,Catharpin legs,ALBERO MAESTRO — Catarpine maestre,,54,,5,,40.43,054-ShipOf50-44Guns.jpg,MAIN MAST — Catharpin legs,,,879,1044
636,50-44 guns,MAIN MAST,Jeers — tye,ALBERO MAESTRO — Jeers/drizza del pennone maestro,,54,,6,,48.51,054-ShipOf50-44Guns.jpg,MAIN MAST — Jeers — tye,,,879,1044
637,50-44 guns,MAIN MAST,Yard tackle pendants,ALBERO MAESTRO — Pendenti dei paranchi del pennone maestro,,54,,5.50,,44.47,054-ShipOf50-44Guns.jpg,MAIN MAST — Yard tackle pendants,,,879,1044
638,50-44 guns,MAIN MAST,Braces,ALBERO MAESTRO — Bracci del pennone maestro,,54,,3.50,,28.30,054-ShipOf50-44Guns.jpg,MAIN MAST — Braces,,,879,1044
639,50-44 guns,MAIN MAST,Brace pendants,ALBERO MAESTRO — Pendenti dei bracci maestri,,54,,4.50,,36.38,054-ShipOf50-44Guns.jpg,MAIN MAST — Brace pendants,,,879,1044
640,50-44 guns,MAIN MAST,Lifts,ALBERO MAESTRO — Amantigli del pennone maestro,,54,,3.50,,28.30,054-ShipOf50-44Guns.jpg,MAIN MAST — Lifts,,,879,1044
641,50-44 guns,MAIN COURSE,Clew-garnets,VELA MAESTRA — Caricascotte della maestra,,55,,3,,24.26,055-ShipOf50-44Guns.jpg,MAIN COURSE — Clew-garnets,,,879,1044
642,50-44 guns,MAIN COURSE,Buntline legs,VELA MAESTRA — Caricaboline della maestra,,55,,2.50,,20.21,055-ShipOf50-44Guns.jpg,MAIN COURSE — Buntline legs,,,879,1044
643,50-44 guns,MAIN COURSE,Leechline legs,VELA MAESTRA — Leechlines della maestra,,55,,2,,16.17,055-ShipOf50-44Guns.jpg,MAIN COURSE — Leechline legs,,,879,1044
644,50-44 guns,MAIN COURSE,Slablines,VELA MAESTRA — Slablines della maestra,,55,,2,,16.17,055-ShipOf50-44Guns.jpg,MAIN COURSE — Slablines,,,879,1044
645,50-44 guns,MAIN COURSE,Bowlines,VELA MAESTRA — Boline della maestra,,55,,3.50,,28.30,055-ShipOf50-44Guns.jpg,MAIN COURSE — Bowlines,,,879,1044
646,50-44 guns,MAIN COURSE,"Sheets, cabled",VELA MAESTRA — Scotte della maestra,,55,,5.50,,44.47,055-ShipOf50-44Guns.jpg,"MAIN COURSE — Sheets, cabled",,,879,1044
647,50-44 guns,MAIN COURSE,"Tacks, taper and cabled",VELA MAESTRA — Mure della maestra,,55,,7,,56.60,055-ShipOf50-44Guns.jpg,"MAIN COURSE — Tacks, taper and cabled",,,879,1044
648,50-44 guns,MAIN TOPMAST,Burton pendants,ALBERETTO DI GABBIA MAESTRA — Pendenti Burton di gabbia maestra,,55,,4.50,,36.38,055-ShipOf50-44Guns.jpg,MAIN TOPMAST — Burton pendants,,,879,1044
649,50-44 guns,MAIN TOPMAST,"Shrouds, fine",ALBERETTO DI GABBIA MAESTRA — Sartie di gabbia maestra,,55,,5.50,,44.47,055-ShipOf50-44Guns.jpg,"MAIN TOPMAST — Shrouds, fine",,,879,1044
650,50-44 guns,MAIN TOPMAST,Ratling,ALBERETTO DI GABBIA MAESTRA — Griselle di gabbia maestra,,55,,1,,8.09,055-ShipOf50-44Guns.jpg,MAIN TOPMAST — Ratling,,,879,1044
651,50-44 guns,MAIN TOPMAST,"Standing backstays, fine",ALBERETTO DI GABBIA MAESTRA — Paterazzi fissi di gabbia maestra,,55,,5.50,,44.47,055-ShipOf50-44Guns.jpg,"MAIN TOPMAST — Standing backstays, fine",,,879,1044
652,50-44 guns,MAIN TOPMAST,Breast backstay runners,ALBERETTO DI GABBIA MAESTRA — Corridori paterazzi laterali di gabbia,,55,,3.50,,28.30,055-ShipOf50-44Guns.jpg,MAIN TOPMAST — Breast backstay runners,,,879,1044
653,50-44 guns,MAIN TOPMAST,"Stay, cabled 4 strands fine",ALBERETTO DI GABBIA MAESTRA — Strallo di gabbia maestra,,55,,6,,48.51,055-ShipOf50-44Guns.jpg,"MAIN TOPMAST — Stay, cabled 4 strands fine",,,879,1044
654,50-44 guns,MAIN TOPMAST,"Preventer stay, cabled 4 strands fine",ALBERETTO DI GABBIA MAESTRA — Controstrallo di gabbia maestra,,55,,4.50,,36.38,055-ShipOf50-44Guns.jpg,"MAIN TOPMAST — Preventer stay, cabled 4 strands fine",,,879,1044
655,50-44 guns,MAIN TOPMAST,"Shifting backstays, fine",ALBERETTO DI GABBIA MAESTRA — Paterazzi volanti di gabbia maestra,,55,,5.50,,44.47,055-ShipOf50-44Guns.jpg,"MAIN TOPMAST — Shifting backstays, fine",,,879,1044
656,50-44 guns,MAIN TOPMAST,"Futtock shrouds, fine",ALBERETTO DI GABBIA MAESTRA — Sartie di coffa di gabbia maestra,,55,,5.50,,44.47,055-ShipOf50-44Guns.jpg,"MAIN TOPMAST — Futtock shrouds, fine",,,879,1044
657,50-44 guns,MAIN TOPMAST,"Top rope pendants, fine",ALBERETTO DI GABBIA MAESTRA — Pendenti top-rope di gabbia maestra,,55,,7,,56.60,055-ShipOf50-44Guns.jpg,"MAIN TOPMAST — Top rope pendants, fine",,,879,1044
658,50-44 guns,MAIN TOPGALLANT,Shrouds,ALBERETTO DI VELACCIO MAESTRO — Sartie di velaccio maestro,,56,,3,,24.26,056-ShipOf50-44Guns.jpg,MAIN TOPGALLANT — Shrouds,,,879,1044
659,50-44 guns,MAIN TOPGALLANT,Standing backstays,ALBERETTO DI VELACCIO MAESTRO — Paterazzi fissi di velaccio maestro,,56,,3,,24.26,056-ShipOf50-44Guns.jpg,MAIN TOPGALLANT — Standing backstays,,,879,1044
660,50-44 guns,MAIN TOPGALLANT,"Stay, cabled 4 strands",ALBERETTO DI VELACCIO MAESTRO — Strallo di velaccio maestro,,56,,3.50,,28.30,056-ShipOf50-44Guns.jpg,"MAIN TOPGALLANT — Stay, cabled 4 strands",,,879,1044
661,50-44 guns,MAIN TOPGALLANT,Tye,ALBERETTO DI VELACCIO MAESTRO — Tye/drizza del velaccio maestro,,56,,3,,24.26,056-ShipOf50-44Guns.jpg,MAIN TOPGALLANT — Tye,,,879,1044
662,50-44 guns,MAIN TOPGALLANT,Braces,ALBERETTO DI VELACCIO MAESTRO — Bracci del velaccio maestro,,56,,1.50,,12.13,056-ShipOf50-44Guns.jpg,MAIN TOPGALLANT — Braces,,,879,1044
663,50-44 guns,MAIN TOPGALLANT,"Lifts, single",ALBERETTO DI VELACCIO MAESTRO — Amantigli del velaccio maestro,,56,,2.50,,20.21,056-ShipOf50-44Guns.jpg,"MAIN TOPGALLANT — Lifts, single",,,879,1044
664,50-44 guns,MAIN TOPGALLANT,Clewlines,ALBERETTO DI VELACCIO MAESTRO — Imbrogli del velaccio maestro,,56,,1.50,,12.13,056-ShipOf50-44Guns.jpg,MAIN TOPGALLANT — Clewlines,,,879,1044
665,50-44 guns,MAIN TOPGALLANT,Bowlines,ALBERETTO DI VELACCIO MAESTRO — Boline del velaccio maestro,,56,,1.50,,12.13,056-ShipOf50-44Guns.jpg,MAIN TOPGALLANT — Bowlines,,,879,1044
666,50-44 guns,MIZEN MAST,"Shrouds, fine",ALBERO DI MEZZANA — Sartie di mezzana,,57,,5.50,,44.47,057-ShipOf50-44Guns.jpg,"MIZEN MAST — Shrouds, fine",,,879,1044
667,50-44 guns,MIZEN MAST,Ratling,ALBERO DI MEZZANA — Griselle di mezzana,,57,,1,,8.09,057-ShipOf50-44Guns.jpg,MIZEN MAST — Ratling,,,879,1044
668,50-44 guns,MIZEN MAST,"Stay, cabled 4 strands fine",ALBERO DI MEZZANA — Strallo di mezzana,,57,,6,,48.51,057-ShipOf50-44Guns.jpg,"MIZEN MAST — Stay, cabled 4 strands fine",,,879,1044
669,50-44 guns,MIZEN MAST,Jeers,ALBERO DI MEZZANA — Jeers della mezzana,,57,,4.50,,36.38,057-ShipOf50-44Guns.jpg,MIZEN MAST — Jeers,,,879,1044
670,50-44 guns,MIZEN MAST,Vang pendants,ALBERO DI MEZZANA — Pendenti dei vang della mezzana,,57,,3.50,,28.30,057-ShipOf50-44Guns.jpg,MIZEN MAST — Vang pendants,,,879,1044
671,50-44 guns,MIZEN MAST,Bowlines,ALBERO DI MEZZANA — Boline della mezzana,,57,,2.50,,20.21,057-ShipOf50-44Guns.jpg,MIZEN MAST — Bowlines,,,879,1044
672,50-44 guns,CROSS-JACK YARD,Braces,VERGASECCA — Bracci della vergasecca,,57,,2,,16.17,057-ShipOf50-44Guns.jpg,CROSS-JACK YARD — Braces,,,879,1044
673,50-44 guns,CROSS-JACK YARD,"Lifts, running",VERGASECCA — Amantigli della vergasecca,,57,,2,,16.17,057-ShipOf50-44Guns.jpg,"CROSS-JACK YARD — Lifts, running",,,879,1044
674,50-44 guns,MIZEN TOPMAST,"Shrouds, fine",ALBERETTO DI CONTROMEZZANA — Sartie di contromezzana,,57,,3.50,,28.30,057-ShipOf50-44Guns.jpg,"MIZEN TOPMAST — Shrouds, fine",,,879,1044
675,50-44 guns,MIZEN TOPMAST,Ratling,ALBERETTO DI CONTROMEZZANA — Griselle di contromezzana,,57,,1,,8.09,057-ShipOf50-44Guns.jpg,MIZEN TOPMAST — Ratling,,,879,1044
676,50-44 guns,MIZEN TOPMAST,"Standing backstays, fine",ALBERETTO DI CONTROMEZZANA — Paterazzi fissi di contromezzana,,57,,3.50,,28.30,057-ShipOf50-44Guns.jpg,"MIZEN TOPMAST — Standing backstays, fine",,,879,1044
677,50-44 guns,MIZEN TOPMAST,"Stay, cabled 4 strands fine",ALBERETTO DI CONTROMEZZANA — Strallo di contromezzana,,57,,4,,32.34,057-ShipOf50-44Guns.jpg,"MIZEN TOPMAST — Stay, cabled 4 strands fine",,,879,1044
678,50-44 guns,MIZEN TOPGALLANT,Shrouds,ALBERETTO DI BELVEDERE — Sartie di belvedere,,58,,2,,16.17,058-ShipOf50-44Guns.jpg,MIZEN TOPGALLANT — Shrouds,,,879,1044
679,50-44 guns,MIZEN TOPGALLANT,Backstays,ALBERETTO DI BELVEDERE — Paterazzi di belvedere,,58,,2,,16.17,058-ShipOf50-44Guns.jpg,MIZEN TOPGALLANT — Backstays,,,879,1044
680,50-44 guns,MIZEN TOPGALLANT,Stay,ALBERETTO DI BELVEDERE — Strallo di belvedere,,58,,2.50,,20.21,058-ShipOf50-44Guns.jpg,MIZEN TOPGALLANT — Stay,,,879,1044
681,50-44 guns,MIZEN TOPGALLANT,Tye,ALBERETTO DI BELVEDERE — Tye/drizza di belvedere,,58,,2,,16.17,058-ShipOf50-44Guns.jpg,MIZEN TOPGALLANT — Tye,,,879,1044
682,50-44 guns,NECESSARY ROPES,"Viol, cabled",CORDAMI DI SERVIZIO — Viol / grande cavo di tonneggio,,58,,11,,88.94,058-ShipOf50-44Guns.jpg,"NECESSARY ROPES — Viol, cabled",,,879,1044
683,50-44 guns,NECESSARY ROPES,Winding tackle pendant,CORDAMI DI SERVIZIO — Pendante del paranco di tonneggio,,58,,9,,72.77,058-ShipOf50-44Guns.jpg,NECESSARY ROPES — Winding tackle pendant,,,879,1044
684,50-44 guns,NECESSARY ROPES,Cat falls,CORDAMI DI SERVIZIO — Cavi di caponatura dell'ancora,,58,,4,,32.34,058-ShipOf50-44Guns.jpg,NECESSARY ROPES — Cat falls,,,879,1044
685,50-44 guns,NECESSARY ROPES,Fish tackle pendant,CORDAMI DI SERVIZIO — Pendante del paranco di pescaggio dell'ancora,,58,,7.50,,60.64,058-ShipOf50-44Guns.jpg,NECESSARY ROPES — Fish tackle pendant,,,879,1044
686,50-44 guns,NECESSARY ROPES,Fish tackle fall,CORDAMI DI SERVIZIO — Corrente del paranco di pescaggio dell'ancora,,58,,3.50,,28.30,058-ShipOf50-44Guns.jpg,NECESSARY ROPES — Fish tackle fall,,,879,1044
687,50-44 guns,NECESSARY ROPES,Anchor stock tackle fall,CORDAMI DI SERVIZIO — Corrente paranco del ceppo d'ancora,,58,,2.50,,20.21,058-ShipOf50-44Guns.jpg,NECESSARY ROPES — Anchor stock tackle fall,,,879,1044
688,50-44 guns,NECESSARY ROPES,Bill pendant,CORDAMI DI SERVIZIO — Pendante Bill,,58,,4.50,,36.38,058-ShipOf50-44Guns.jpg,NECESSARY ROPES — Bill pendant,,,879,1044
689,50-44 guns,NECESSARY ROPES,Stoppers — sheet/best/small bower/spare,CORDAMI DI SERVIZIO — Bozze delle ancore principali,,58,,6.5 / 6 / 6 / 6,,49.52,058-ShipOf50-44Guns.jpg,NECESSARY ROPES — Stoppers — sheet/best/small bower/spare,,Steel distingue: Sheet anchor 6½ in; Best/Belt bower 6 in; Small bower 6 in; Spare 6 in.,879,1044
690,50-44 guns,NECESSARY ROPES,"Wing, cabled",CORDAMI DI SERVIZIO — Cavo wing,,58,,6.50,,52.55,058-ShipOf50-44Guns.jpg,"NECESSARY ROPES — Wing, cabled",,,879,1044
691,50-44 guns,NECESSARY ROPES,Dog,CORDAMI DI SERVIZIO — Cavo dog,,58,,6,,48.51,058-ShipOf50-44Guns.jpg,NECESSARY ROPES — Dog,,,879,1044
692,50-44 guns,NECESSARY ROPES,"Stream anchor, cabled",CORDAMI DI SERVIZIO — Gomena dell'ancora di corrente,,58,,4,,32.34,058-ShipOf50-44Guns.jpg,"NECESSARY ROPES — Stream anchor, cabled",,,879,1044
693,50-44 guns,NECESSARY ROPES,Kedge,CORDAMI DI SERVIZIO — Gomena dell'ancorotto,,58,,3,,24.26,058-ShipOf50-44Guns.jpg,NECESSARY ROPES — Kedge,,,879,1044
694,50-44 guns,NECESSARY ROPES,"Deck & bit, cabled",CORDAMI DI SERVIZIO — Cavi di coperta e bitte,,58,,8.50,,68.72,058-ShipOf50-44Guns.jpg,"NECESSARY ROPES — Deck & bit, cabled",,,879,1044
695,50-44 guns,NECESSARY ROPES,Shank painters — sheet anchor,CORDAMI DI SERVIZIO — Shank painter dell'ancora di posta,,59,,6,,48.51,059-ShipOf50-44Guns.jpg,NECESSARY ROPES — Shank painters — sheet anchor,,,879,1044
696,50-44 guns,NECESSARY ROPES,Shank painters — best bower,CORDAMI DI SERVIZIO — Shank painter best bower,,59,,6,,48.51,059-ShipOf50-44Guns.jpg,NECESSARY ROPES — Shank painters — best bower,,,879,1044
697,50-44 guns,NECESSARY ROPES,Shank painters — small bower,CORDAMI DI SERVIZIO — Shank painter small bower,,59,,6,,48.51,059-ShipOf50-44Guns.jpg,NECESSARY ROPES — Shank painters — small bower,,,879,1044
698,50-44 guns,NECESSARY ROPES,Shank painters — spare,CORDAMI DI SERVIZIO — Shank painter di rispetto,,59,,6,,48.51,059-ShipOf50-44Guns.jpg,NECESSARY ROPES — Shank painters — spare,,,879,1044
699,50-44 guns,NECESSARY ROPES,Buoy ropes — sheet anchor,CORDAMI DI SERVIZIO — Cima boa dell'ancora di posta,,59,,6,,48.51,059-ShipOf50-44Guns.jpg,NECESSARY ROPES — Buoy ropes — sheet anchor,,,879,1044
700,50-44 guns,NECESSARY ROPES,Buoy ropes — best bower,CORDAMI DI SERVIZIO — Cima boa best bower,,59,,6,,48.51,059-ShipOf50-44Guns.jpg,NECESSARY ROPES — Buoy ropes — best bower,,,879,1044
701,50-44 guns,NECESSARY ROPES,Buoy ropes — small bower,CORDAMI DI SERVIZIO — Cima boa small bower,,59,,6,,48.51,059-ShipOf50-44Guns.jpg,NECESSARY ROPES — Buoy ropes — small bower,,,879,1044
702,50-44 guns,NECESSARY ROPES,"Stream anchor, cabled",CORDAMI DI SERVIZIO — Gomena ancora di corrente,,59,,3.50,,28.30,059-ShipOf50-44Guns.jpg,"NECESSARY ROPES — Stream anchor, cabled",,,879,1044
703,50-44 guns,NECESSARY ROPES,"Kedge, cabled",CORDAMI DI SERVIZIO — Gomena ancorotto,,59,,3,,24.26,059-ShipOf50-44Guns.jpg,"NECESSARY ROPES — Kedge, cabled",,,879,1044
704,50-44 guns,NECESSARY ROPES,"Rudder pendants, cabled",CORDAMI DI SERVIZIO — Pendenti del timone,,59,,5.50,,44.47,059-ShipOf50-44Guns.jpg,"NECESSARY ROPES — Rudder pendants, cabled",,,879,1044
705,50-44 guns,NECESSARY ROPES,Gun,CORDAMI DI SERVIZIO — Cordame per cannone (voce Steel 'Gun'),,59,,6.50,,52.55,059-ShipOf50-44Guns.jpg,NECESSARY ROPES — Gun,,,879,1044
706,50-44 guns,LONGBOAT,Burton pendants,LANCIA — Pendenti Burton della lancia,,59,,3.50,,28.30,059-ShipOf50-44Guns.jpg,LONGBOAT — Burton pendants,,,879,1044
707,50-44 guns,LONGBOAT,Shrouds,LANCIA — Sartie della lancia,,59,,3,,24.26,059-ShipOf50-44Guns.jpg,LONGBOAT — Shrouds,,,879,1044
708,50-44 guns,LONGBOAT,Stay,LANCIA — Strallo della lancia,,59,,3.50,,28.30,059-ShipOf50-44Guns.jpg,LONGBOAT — Stay,,,879,1044
709,50-44 guns,LONGBOAT,Tye,LANCIA — Tye della lancia,,59,,3,,24.26,059-ShipOf50-44Guns.jpg,LONGBOAT — Tye,,,879,1044
710,50-44 guns,LONGBOAT,Main halliard,LANCIA — Drizza maestra della lancia,,59,,1.50,,12.13,059-ShipOf50-44Guns.jpg,LONGBOAT — Main halliard,,,879,1044
711,50-44 guns,LONGBOAT,"Boat-rope, cabled",LANCIA — Cavo della lancia,,59,,6.50,,52.55,059-ShipOf50-44Guns.jpg,"LONGBOAT — Boat-rope, cabled",,,879,1044
712,50-44 guns,PINNACE,Halliards main and fore,PINNACCIA — Drizze maestra e trinchetto della pinnaccia,,60,,1.50,,12.13,060-ShipOf50-44Guns.jpg,PINNACE — Halliards main and fore,,,879,1044
713,50-44 guns,PINNACE,Sheets,PINNACCIA — Scotte della pinnaccia,,60,,1.50,,12.13,060-ShipOf50-44Guns.jpg,PINNACE — Sheets,,,879,1044
714,50-44 guns,PINNACE,"Grapnel-rope, cabled",PINNACCIA — Gomena del grappino della pinnaccia,,60,,3.50,,28.30,060-ShipOf50-44Guns.jpg,"PINNACE — Grapnel-rope, cabled",,,879,1044
715,50-44 guns,PINNACE,Painter,PINNACCIA — Barbetta della pinnaccia,,60,,3.50,,28.30,060-ShipOf50-44Guns.jpg,PINNACE — Painter,,,879,1044
716,50-44 guns,YAWL OR CUTTER,Halliards (if cutters),IOLE / CUTTER — Drizze della iole/cutter,,60,,2,,16.17,060-ShipOf50-44Guns.jpg,YAWL OR CUTTER — Halliards (if cutters),,,879,1044
717,50-44 guns,YAWL OR CUTTER,Sheets,IOLE / CUTTER — Scotte della iole/cutter,,60,,2 / 1.5,,14.15,060-ShipOf50-44Guns.jpg,YAWL OR CUTTER — Sheets,,Steel riporta due circonferenze per le quattro sheets: 2 in e 1½ in.,879,1044
718,50-44 guns,YAWL OR CUTTER,"Grapnel-rope, cabled",IOLE / CUTTER — Gomena del grappino della iole/cutter,,60,,3.50,,28.30,060-ShipOf50-44Guns.jpg,"YAWL OR CUTTER — Grapnel-rope, cabled",,,879,1044
719,50-44 guns,YAWL OR CUTTER,Painter,IOLE / CUTTER — Barbetta della iole/cutter,,60,,3.50,,28.30,060-ShipOf50-44Guns.jpg,YAWL OR CUTTER — Painter,,,879,1044
720,38 guns,BOWSPRIT,Woolding,Cerchiatura/legatura del bompresso,,61,,3,,24.26,061-ShipOf38Guns.jpg,,,,951,951
721,38 guns,BOWSPRIT,Gammonings,Legature (gammoning) del bompresso,,61,,6,,48.51,061-ShipOf38Guns.jpg,,,,951,951
722,38 guns,BOWSPRIT,"Shrouds, fine",Briglie/sartie del bompresso,,61,,6,,48.51,061-ShipOf38Guns.jpg,,,,951,951
723,38 guns,BOWSPRIT,"Bobstays, cabled fine",Stragli inferiori del bompresso (bobstays),,61,,7,,56.60,061-ShipOf38Guns.jpg,,,,951,951
724,38 guns,SPRITSAIL,Braces,Bracci del pennone di civada,,61,,2.50,,20.21,061-ShipOf38Guns.jpg,,,,951,951
725,38 guns,SPRITSAIL,Lifts,Amantigli del pennone di civada,,61,,2.50,,20.21,061-ShipOf38Guns.jpg,,,,951,951
726,38 guns,SPRITSAIL,Halliard,Drizza del pennone di civada,,61,,2.50,,20.21,061-ShipOf38Guns.jpg,,,,951,951
727,38 guns,SPRITSAIL,Clew-lines,Imbrogli della civada,,61,,2,,16.17,061-ShipOf38Guns.jpg,,,,951,951
728,38 guns,SPRITSAIL,Buntlines,Caricaboline della civada,,61,,2,,16.17,061-ShipOf38Guns.jpg,,,,951,951
729,38 guns,SPRITSAIL,"Sheets, cabled single",Scotte della civada,,61,,3.50,,28.30,061-ShipOf38Guns.jpg,,,,951,951
730,38 guns,FORE MAST,"Shrouds, cabled fine",Sartie di trinchetto,,62,,9,,72.77,062-ShipOf38Guns.jpg,,,,951,951
731,38 guns,FORE MAST,Ratling,Griselle di trinchetto,,62,,1.50,,12.13,062-ShipOf38Guns.jpg,,,,951,951
732,38 guns,FORE MAST,"Stay, cabled fine 4 strands",Strallo di trinchetto,,62,,13,,105.11,062-ShipOf38Guns.jpg,,,,951,951
733,38 guns,FORE MAST,"Preventer stay, cabled 4 strands fine",Controstrallo di trinchetto,,62,,8.50,,68.72,062-ShipOf38Guns.jpg,,,,951,951
734,38 guns,FORE MAST,Catharpin legs,Catarpine di trinchetto,,62,,5,,40.43,062-ShipOf38Guns.jpg,,,,951,951
735,38 guns,FORE MAST,Jeers — tye,Jeers/drizza del pennone di trinchetto,,62,,5.50,,44.47,062-ShipOf38Guns.jpg,,,,951,951
736,38 guns,FORE MAST,Yard tackle pendants,Pendenti dei paranchi del pennone di trinchetto,,62,,5.50,,44.47,062-ShipOf38Guns.jpg,,,,951,951
737,38 guns,FORE MAST,Braces,Bracci del pennone di trinchetto,,62,,3.50,,28.30,062-ShipOf38Guns.jpg,,,,951,951
738,38 guns,FORE MAST,Brace pendants,Pendenti dei bracci di trinchetto,,62,,4.50,,36.38,062-ShipOf38Guns.jpg,,,,951,951
739,38 guns,FORE TOPMAST,Burton pendants,Pendenti Burton di parrocchetto,,63,,4,,32.34,063-ShipOf38Guns.jpg,,,,951,951
740,38 guns,FORE TOPMAST,"Shrouds, fine",Sartie di parrocchetto,,63,,5.50,,44.47,063-ShipOf38Guns.jpg,,,,951,951
741,38 guns,FORE TOPMAST,Ratling,Griselle di parrocchetto,,63,,1,,8.09,063-ShipOf38Guns.jpg,,,,951,951
742,38 guns,FORE TOPMAST,"Standing backstays, fine",Paterazzi fissi di parrocchetto,,63,,5.50,,44.47,063-ShipOf38Guns.jpg,,,,951,951
743,38 guns,FORE TOPMAST,Breast backstay runners,Corridori dei paterazzi laterali di parrocchetto,,63,,3.50,,28.30,063-ShipOf38Guns.jpg,,,,951,951
744,38 guns,FORE TOPMAST,"Stay, cabled 4 strands fine",Strallo di parrocchetto,,63,,6,,48.51,063-ShipOf38Guns.jpg,,,,951,951
745,38 guns,FORE TOPMAST,"Preventer stay, cabled 4 strands fine",Controstrallo di parrocchetto,,63,,4.50,,36.38,063-ShipOf38Guns.jpg,,,,951,951
746,38 guns,FORE TOPMAST,"Shifting backstays, fine",Paterazzi volanti di parrocchetto,,63,,5,,40.43,063-ShipOf38Guns.jpg,,,,951,951
747,38 guns,FORE TOPMAST,"Futtock shrouds, fine",Sartie di coffa di parrocchetto,,63,,5.50,,44.47,063-ShipOf38Guns.jpg,,,,951,951
748,38 guns,FORE TOPMAST,"Top rope pendants, fine",Pendenti del top-rope di parrocchetto,,63,,7,,56.60,063-ShipOf38Guns.jpg,,,,951,951
749,38 guns,FORE TOPMAST,Tye,Tye/drizza del parrocchetto,,63,,4.50,,36.38,063-ShipOf38Guns.jpg,,,,951,951
750,38 guns,FORE TOPMAST,Braces,Bracci del parrocchetto,,63,,3,,24.26,063-ShipOf38Guns.jpg,,,,951,951
751,38 guns,FORE TOPMAST,Lifts,Amantigli del parrocchetto,,63,,3,,24.26,063-ShipOf38Guns.jpg,,,,951,951
752,38 guns,FORE TOPMAST,Clewlines,Imbrogli del parrocchetto,,63,,3,,24.26,063-ShipOf38Guns.jpg,,,,951,951
753,38 guns,FORE TOPMAST,Buntlines,Caricaboline del parrocchetto,,63,,2.50,,20.21,063-ShipOf38Guns.jpg,,,,951,951
754,38 guns,FORE TOPMAST,Leechlines,Caricascotte/leechlines del parrocchetto,,63,,2,,16.17,063-ShipOf38Guns.jpg,,,,951,951
755,38 guns,FORE TOPMAST,Bowlines,Boline del parrocchetto,,63,,2.50,,20.21,063-ShipOf38Guns.jpg,,,,951,951
756,38 guns,FORE TOPMAST,Sheets,Scotte del parrocchetto,,63,,5.50,,44.47,063-ShipOf38Guns.jpg,,,,951,951
757,38 guns,MAIN MAST,"Shrouds, cabled fine",Sartie maestre,,64,,9,,72.77,064-ShipOf38Guns.jpg,,,,951,951
758,38 guns,MAIN MAST,Ratling,Griselle maestre,,64,,1.50,,12.13,064-ShipOf38Guns.jpg,,,,951,951
759,38 guns,MAIN MAST,"Stay, cabled 4 strands fine",Strallo maestro,,64,,14,,113.19,064-ShipOf38Guns.jpg,,,,951,951
760,38 guns,MAIN MAST,"Preventer stay, cabled 4 strands fine",Controstrallo maestro,,64,,9.50,,76.81,064-ShipOf38Guns.jpg,,,,951,951
761,38 guns,MAIN MAST,Catharpin legs,Catarpine maestre,,64,,5,,40.43,064-ShipOf38Guns.jpg,,,,951,951
762,38 guns,MAIN MAST,Jeers — tye,Jeers/drizza del pennone maestro,,64,,6,,48.51,064-ShipOf38Guns.jpg,,,,951,951
763,38 guns,MAIN MAST,Yard tackle pendants,Pendenti dei paranchi del pennone maestro,,64,,5.50,,44.47,064-ShipOf38Guns.jpg,,,,951,951
764,38 guns,MAIN MAST,Braces,Bracci del pennone maestro,,64,,3.50,,28.30,064-ShipOf38Guns.jpg,,,,951,951
765,38 guns,MAIN MAST,Brace pendants,Pendenti dei bracci maestri,,64,,4.50,,36.38,064-ShipOf38Guns.jpg,,,,951,951
766,38 guns,MAIN MAST,Lifts,Amantigli del pennone maestro,,64,,3.50,,28.30,064-ShipOf38Guns.jpg,,,,951,951
767,38 guns,MAIN COURSE,Clew-garnets,Caricascotte della maestra,,65,,3,,24.26,065-ShipOf38Guns.jpg,,,,951,951
768,38 guns,MAIN COURSE,Buntline legs,Caricaboline della maestra,,65,,2.50,,20.21,065-ShipOf38Guns.jpg,,,,951,951
769,38 guns,MAIN COURSE,Leechline legs,Leechlines della maestra,,65,,2,,16.17,065-ShipOf38Guns.jpg,,,,951,951
770,38 guns,MAIN COURSE,Slablines,Slablines della maestra,,65,,2,,16.17,065-ShipOf38Guns.jpg,,,,951,951
771,38 guns,MAIN COURSE,Bowlines,Boline della maestra,,65,,3.50,,28.30,065-ShipOf38Guns.jpg,,,,951,951
772,38 guns,MAIN COURSE,"Sheets, cabled",Scotte della maestra,,65,,5.50,,44.47,065-ShipOf38Guns.jpg,,,,951,951
773,38 guns,MAIN COURSE,"Tacks, taper and cabled",Mure della maestra,,65,,7,,56.60,065-ShipOf38Guns.jpg,,,,951,951
774,38 guns,MAIN TOPMAST,Burton pendants,Pendenti Burton di gabbia maestra,,65,,4,,32.34,065-ShipOf38Guns.jpg,,,,951,951
775,38 guns,MAIN TOPMAST,"Shrouds, fine",Sartie di gabbia maestra,,65,,5.50,,44.47,065-ShipOf38Guns.jpg,,,,951,951
776,38 guns,MAIN TOPMAST,Ratling,Griselle di gabbia maestra,,65,,1,,8.09,065-ShipOf38Guns.jpg,,,,951,951
777,38 guns,MAIN TOPMAST,"Standing backstays, fine",Paterazzi fissi di gabbia maestra,,65,,5.50,,44.47,065-ShipOf38Guns.jpg,,,,951,951
778,38 guns,MAIN TOPMAST,Breast backstay runners,Corridori paterazzi laterali di gabbia,,65,,3.50,,28.30,065-ShipOf38Guns.jpg,,,,951,951
779,38 guns,MAIN TOPMAST,"Stay, cabled 4 strands fine",Strallo di gabbia maestra,,65,,6,,48.51,065-ShipOf38Guns.jpg,,,,951,951
780,38 guns,MAIN TOPMAST,"Preventer stay, cabled 4 strands fine",Controstrallo di gabbia maestra,,65,,4.50,,36.38,065-ShipOf38Guns.jpg,,,,951,951
781,38 guns,MAIN TOPMAST,"Shifting backstays, fine",Paterazzi volanti di gabbia maestra,,65,,5.50,,44.47,065-ShipOf38Guns.jpg,,,,951,951
782,38 guns,MAIN TOPMAST,"Futtock shrouds, fine",Sartie di coffa di gabbia maestra,,65,,5.50,,44.47,065-ShipOf38Guns.jpg,,,,951,951
783,38 guns,MAIN TOPMAST,"Top rope pendants, fine",Pendenti top-rope di gabbia maestra,,65,,7,,56.60,065-ShipOf38Guns.jpg,,,,951,951
784,38 guns,MAIN TOPGALLANT,Shrouds,Sartie di velaccio maestro,,66,,3,,24.26,066-ShipOf38Guns.jpg,,,,951,951
785,38 guns,MAIN TOPGALLANT,Standing backstays,Paterazzi fissi di velaccio maestro,,66,,3,,24.26,066-ShipOf38Guns.jpg,,,,951,951
786,38 guns,MAIN TOPGALLANT,"Stay, cabled 4 strands",Strallo di velaccio maestro,,66,,3.50,,28.30,066-ShipOf38Guns.jpg,,,,951,951
787,38 guns,MAIN TOPGALLANT,Tye,Tye/drizza del velaccio maestro,,66,,3,,24.26,066-ShipOf38Guns.jpg,,,,951,951
788,38 guns,MAIN TOPGALLANT,Braces,Bracci del velaccio maestro,,66,,1.50,,12.13,066-ShipOf38Guns.jpg,,,,951,951
789,38 guns,MAIN TOPGALLANT,"Lifts, single",Amantigli del velaccio maestro,,66,,2.50,,20.21,066-ShipOf38Guns.jpg,,,,951,951
790,38 guns,MAIN TOPGALLANT,Clewlines,Imbrogli del velaccio maestro,,66,,1.50,,12.13,066-ShipOf38Guns.jpg,,,,951,951
791,38 guns,MAIN TOPGALLANT,Bowlines,Boline del velaccio maestro,,66,,1.50,,12.13,066-ShipOf38Guns.jpg,,,,951,951
792,38 guns,MIZEN MAST,"Shrouds, fine",Sartie di mezzana,,67,,5.50,,44.47,067-ShipOf38Guns.jpg,,,,951,951
793,38 guns,MIZEN MAST,Ratling,Griselle di mezzana,,67,,1,,8.09,067-ShipOf38Guns.jpg,,,,951,951
794,38 guns,MIZEN MAST,"Stay, cabled 4 strands fine",Strallo di mezzana,,67,,6,,48.51,067-ShipOf38Guns.jpg,,,,951,951
795,38 guns,MIZEN MAST,Jeers,Jeers della mezzana,,67,,4,,32.34,067-ShipOf38Guns.jpg,,,,951,951
796,38 guns,MIZEN MAST,Vang pendants,Pendenti dei vang della mezzana,,67,,3.50,,28.30,067-ShipOf38Guns.jpg,,,,951,951
797,38 guns,MIZEN MAST,Bowlines,Boline della mezzana,,67,,2.50,,20.21,067-ShipOf38Guns.jpg,,,,951,951
798,38 guns,CROSS-JACK YARD,Braces,Bracci della vergasecca,,67,,2,,16.17,067-ShipOf38Guns.jpg,,,,951,951
799,38 guns,CROSS-JACK YARD,"Lifts, running",Amantigli della vergasecca,,67,,2,,16.17,067-ShipOf38Guns.jpg,,,,951,951
800,38 guns,MIZEN TOPMAST,"Shrouds, fine",Sartie di contromezzana,,67,,3.50,,28.30,067-ShipOf38Guns.jpg,,,,951,951
801,38 guns,MIZEN TOPMAST,Ratling,Griselle di contromezzana,,67,,1,,8.09,067-ShipOf38Guns.jpg,,,,951,951
802,38 guns,MIZEN TOPMAST,"Standing backstays, fine",Paterazzi fissi di contromezzana,,67,,3.50,,28.30,067-ShipOf38Guns.jpg,,,,951,951
803,38 guns,MIZEN TOPMAST,"Stay, cabled 4 strands fine",Strallo di contromezzana,,67,,4,,32.34,067-ShipOf38Guns.jpg,,,,951,951
804,38 guns,MIZEN TOPGALLANT,Shrouds,Sartie di belvedere,,68,,2,,16.17,068-ShipOf38Guns.jpg,,,,951,951
805,38 guns,MIZEN TOPGALLANT,Backstays,Paterazzi di belvedere,,68,,2,,16.17,068-ShipOf38Guns.jpg,,,,951,951
806,38 guns,MIZEN TOPGALLANT,Stay,Strallo di belvedere,,68,,2.50,,20.21,068-ShipOf38Guns.jpg,,,,951,951
807,38 guns,MIZEN TOPGALLANT,Tye,Tye/drizza di belvedere,,68,,2,,16.17,068-ShipOf38Guns.jpg,,,,951,951
808,38 guns,NECESSARY ROPES,"Viol, cabled",Viol / grande cavo di tonneggio,,68,,10,,80.85,068-ShipOf38Guns.jpg,,,,951,951
809,38 guns,NECESSARY ROPES,Winding tackle pendant,Pendante del paranco di tonneggio,,68,,9.50,,76.81,068-ShipOf38Guns.jpg,,,,951,951
810,38 guns,NECESSARY ROPES,Cat falls,Cavi di caponatura dell'ancora,,68,,4,,32.34,068-ShipOf38Guns.jpg,,,,951,951
811,38 guns,NECESSARY ROPES,Fish tackle pendant,Pendante del paranco di pescaggio dell'ancora,,68,,7,,56.60,068-ShipOf38Guns.jpg,,,,951,951
812,38 guns,NECESSARY ROPES,Fish tackle fall,Corrente del paranco di pescaggio dell'ancora,,68,,3.50,,28.30,068-ShipOf38Guns.jpg,,,,951,951
813,38 guns,NECESSARY ROPES,Anchor stock tackle fall,Corrente paranco del ceppo d'ancora,,68,,2.50,,20.21,068-ShipOf38Guns.jpg,,,,951,951
814,38 guns,NECESSARY ROPES,Bill pendant,Pendante Bill,,68,,4.50,,36.38,068-ShipOf38Guns.jpg,,,,951,951
815,38 guns,NECESSARY ROPES,Stoppers — sheet/best/small bower/spare,Bozze delle ancore principali,,68,,6.50,,52.55,068-ShipOf38Guns.jpg,,,,951,951
816,38 guns,NECESSARY ROPES,"Wing, cabled",Cavo wing,,68,,6,,48.51,068-ShipOf38Guns.jpg,,,,951,951
817,38 guns,NECESSARY ROPES,Dog,Cavo dog,,68,,6,,48.51,068-ShipOf38Guns.jpg,,,,951,951
818,38 guns,NECESSARY ROPES,"Stream anchor, cabled",Gomena dell'ancora di corrente,,68,,4,,32.34,068-ShipOf38Guns.jpg,,,,951,951
819,38 guns,NECESSARY ROPES,Kedge,Gomena dell'ancorotto,,68,,3,,24.26,068-ShipOf38Guns.jpg,,,,951,951
820,38 guns,NECESSARY ROPES,"Deck & bit, cabled",Cavi di coperta e bitte,,68,,8.50,,68.72,068-ShipOf38Guns.jpg,,,,951,951
821,38 guns,NECESSARY ROPES,Shank painters — sheet anchor,Shank painter dell'ancora di posta,,69,,5.50,,44.47,069-ShipOf38Guns.jpg,,,,951,951
822,38 guns,NECESSARY ROPES,Shank painters — best bower,Shank painter best bower,,69,,5.50,,44.47,069-ShipOf38Guns.jpg,,,,951,951
823,38 guns,NECESSARY ROPES,Shank painters — small bower,Shank painter small bower,,69,,5.50,,44.47,069-ShipOf38Guns.jpg,,,,951,951
824,38 guns,NECESSARY ROPES,Shank painters — spare,Shank painter di rispetto,,69,,5.50,,44.47,069-ShipOf38Guns.jpg,,,,951,951
825,38 guns,NECESSARY ROPES,Buoy ropes — sheet anchor,Cima boa dell'ancora di posta,,69,,5.50,,44.47,069-ShipOf38Guns.jpg,,,,951,951
826,38 guns,NECESSARY ROPES,Buoy ropes — best bower,Cima boa best bower,,69,,5.50,,44.47,069-ShipOf38Guns.jpg,,,,951,951
827,38 guns,NECESSARY ROPES,Buoy ropes — small bower,Cima boa small bower,,69,,5.50,,44.47,069-ShipOf38Guns.jpg,,,,951,951
828,38 guns,NECESSARY ROPES,"Stream anchor, cabled",Gomena ancora di corrente,,69,,3,,24.26,069-ShipOf38Guns.jpg,,,,951,951
829,38 guns,NECESSARY ROPES,"Kedge, cabled",Gomena ancorotto,,69,,3,,24.26,069-ShipOf38Guns.jpg,,,,951,951
830,38 guns,NECESSARY ROPES,"Rudder pendants, cabled",Pendenti del timone,,69,,5,,40.43,069-ShipOf38Guns.jpg,,,,951,951
831,38 guns,NECESSARY ROPES,Gun,Cordame per cannone (voce Steel 'Gun'),,69,,6,,48.51,069-ShipOf38Guns.jpg,,,,951,951
832,38 guns,LONGBOAT,Burton pendants,Pendenti Burton della lancia,,69,,3.50,,28.30,069-ShipOf38Guns.jpg,,,,951,951
833,38 guns,LONGBOAT,Shrouds,Sartie della lancia,,69,,3,,24.26,069-ShipOf38Guns.jpg,,,,951,951
834,38 guns,LONGBOAT,Stay,Strallo della lancia,,69,,3.50,,28.30,069-ShipOf38Guns.jpg,,,,951,951
835,38 guns,LONGBOAT,Tye,Tye della lancia,,69,,1.50,,12.13,069-ShipOf38Guns.jpg,,,,951,951
836,38 guns,LONGBOAT,Main halliard,Drizza maestra della lancia,,69,,1.50,,12.13,069-ShipOf38Guns.jpg,,,,951,951
837,38 guns,LONGBOAT,"Boat-rope, cabled",Cavo della lancia,,69,,6,,48.51,069-ShipOf38Guns.jpg,,,,951,951
838,38 guns,PINNACE,Halliards main and fore,Drizze maestra e trinchetto della pinnaccia,,70,,1.50,,12.13,070-ShipOf38Guns.jpg,,,,951,951
839,38 guns,PINNACE,Sheets,Scotte della pinnaccia,,70,,1.50,,12.13,070-ShipOf38Guns.jpg,,,,951,951
840,38 guns,PINNACE,"Grapnel-rope, cabled",Gomena del grappino della pinnaccia,,70,,3.50,,28.30,070-ShipOf38Guns.jpg,,,,951,951
841,38 guns,PINNACE,Painter,Barbetta della pinnaccia,,70,,3.50,,28.30,070-ShipOf38Guns.jpg,,,,951,951
842,38 guns,YAWL OR CUTTER,Halliards (if cutters),Drizze della iole/cutter,,70,,1,,8.09,070-ShipOf38Guns.jpg,,,,951,951
843,38 guns,YAWL OR CUTTER,Sheets,Scotte della iole/cutter,,70,,2 / 1.5,,14.15,070-ShipOf38Guns.jpg,,,,951,951
844,38 guns,YAWL OR CUTTER,"Grapnel-rope, cabled",Gomena del grappino della iole/cutter,,70,,5,,40.43,070-ShipOf38Guns.jpg,,,,951,951
845,38 guns,YAWL OR CUTTER,Painter,Barbetta della iole/cutter,,70,,3.50,,28.30,070-ShipOf38Guns.jpg,,,,951,951
846,36 guns,BOWSPRIT,Woolding,BOMPRESSO — Cerchiatura/legatura del bompresso,,71,,3,,24.26,071-ShipOf36Guns.jpg,BOWSPRIT — Woolding,,,871,871
847,36 guns,BOWSPRIT,Gammonings,BOMPRESSO — Legature (gammoning) del bompresso,,71,,6,,48.51,071-ShipOf36Guns.jpg,BOWSPRIT — Gammonings,,,871,871
848,36 guns,BOWSPRIT,"Shrouds, fine",BOMPRESSO — Briglie/sartie del bompresso,,71,,6,,48.51,071-ShipOf36Guns.jpg,"BOWSPRIT — Shrouds, fine",,,871,871
849,36 guns,BOWSPRIT,"Bobstays, cabled fine",BOMPRESSO — Stragli inferiori del bompresso (bobstays),,71,,7,,56.60,071-ShipOf36Guns.jpg,"BOWSPRIT — Bobstays, cabled fine",,,871,871
850,36 guns,SPRITSAIL,Braces,CIVADA — Bracci del pennone di civada,,71,,2.50,,20.21,071-ShipOf36Guns.jpg,SPRITSAIL — Braces,,,871,871
851,36 guns,SPRITSAIL,Lifts,CIVADA — Amantigli del pennone di civada,,71,,2.50,,20.21,071-ShipOf36Guns.jpg,SPRITSAIL — Lifts,,,871,871
852,36 guns,SPRITSAIL,Halliard,CIVADA — Drizza del pennone di civada,,71,,2.50,,20.21,071-ShipOf36Guns.jpg,SPRITSAIL — Halliard,,,871,871
853,36 guns,SPRITSAIL,Clew-lines,CIVADA — Imbrogli della civada,,71,,2,,16.17,071-ShipOf36Guns.jpg,SPRITSAIL — Clew-lines,,,871,871
854,36 guns,SPRITSAIL,Buntlines,CIVADA — Caricaboline della civada,,71,,2,,16.17,071-ShipOf36Guns.jpg,SPRITSAIL — Buntlines,,,871,871
855,36 guns,SPRITSAIL,"Sheets, cabled single",CIVADA — Scotte della civada,,71,,3.50,,28.30,071-ShipOf36Guns.jpg,"SPRITSAIL — Sheets, cabled single",,,871,871
856,36 guns,FORE MAST,"Shrouds, cabled fine",ALBERO DI TRINCHETTO — Sartie di trinchetto,,72,,8.50,,68.72,072-ShipOf36Guns.jpg,"FORE MAST — Shrouds, cabled fine",,,871,871
857,36 guns,FORE MAST,Ratling,ALBERO DI TRINCHETTO — Griselle di trinchetto,,72,,1.50,,12.13,072-ShipOf36Guns.jpg,FORE MAST — Ratling,,,871,871
858,36 guns,FORE MAST,"Stay, cabled fine 4 strands",ALBERO DI TRINCHETTO — Strallo di trinchetto,,72,,13,,105.11,072-ShipOf36Guns.jpg,"FORE MAST — Stay, cabled fine 4 strands",,,871,871
859,36 guns,FORE MAST,"Preventer stay, cabled 4 strands fine",ALBERO DI TRINCHETTO — Controstrallo di trinchetto,,72,,8.50,,68.72,072-ShipOf36Guns.jpg,"FORE MAST — Preventer stay, cabled 4 strands fine",,,871,871
860,36 guns,FORE MAST,Catharpin legs,ALBERO DI TRINCHETTO — Catarpine di trinchetto,,72,,5,,40.43,072-ShipOf36Guns.jpg,FORE MAST — Catharpin legs,,,871,871
861,36 guns,FORE MAST,Jeers — tye,ALBERO DI TRINCHETTO — Jeers/drizza del pennone di trinchetto,,72,,5.50,,44.47,072-ShipOf36Guns.jpg,FORE MAST — Jeers — tye,,,871,871
862,36 guns,FORE MAST,Yard tackle pendants,ALBERO DI TRINCHETTO — Pendenti dei paranchi del pennone di trinchetto,,72,,5.50,,44.47,072-ShipOf36Guns.jpg,FORE MAST — Yard tackle pendants,,,871,871
863,36 guns,FORE MAST,Braces,ALBERO DI TRINCHETTO — Bracci del pennone di trinchetto,,72,,3.50,,28.30,072-ShipOf36Guns.jpg,FORE MAST — Braces,,,871,871
864,36 guns,FORE MAST,Brace pendants,ALBERO DI TRINCHETTO — Pendenti dei bracci di trinchetto,,72,,4.50,,36.38,072-ShipOf36Guns.jpg,FORE MAST — Brace pendants,,,871,871
865,36 guns,FORE TOPMAST,Burton pendants,ALBERETTO DI PARROCCHETTO — Pendenti Burton di parrocchetto,,73,,4.50,,36.38,073-ShipOf36Guns.jpg,FORE TOPMAST — Burton pendants,,,871,871
866,36 guns,FORE TOPMAST,"Shrouds, fine",ALBERETTO DI PARROCCHETTO — Sartie di parrocchetto,,73,,5.50,,44.47,073-ShipOf36Guns.jpg,"FORE TOPMAST — Shrouds, fine",,,871,871
867,36 guns,FORE TOPMAST,Ratling,ALBERETTO DI PARROCCHETTO — Griselle di parrocchetto,,73,,1,,8.09,073-ShipOf36Guns.jpg,FORE TOPMAST — Ratling,,,871,871
868,36 guns,FORE TOPMAST,"Standing backstays, fine",ALBERETTO DI PARROCCHETTO — Paterazzi fissi di parrocchetto,,73,,5.50,,44.47,073-ShipOf36Guns.jpg,"FORE TOPMAST — Standing backstays, fine",,,871,871
869,36 guns,FORE TOPMAST,Breast backstay runners,ALBERETTO DI PARROCCHETTO — Corridori dei paterazzi laterali di parrocchetto,,73,,3.50,,28.30,073-ShipOf36Guns.jpg,FORE TOPMAST — Breast backstay runners,,,871,871
870,36 guns,FORE TOPMAST,"Stay, cabled 4 strands fine",ALBERETTO DI PARROCCHETTO — Strallo di parrocchetto,,73,,6,,48.51,073-ShipOf36Guns.jpg,"FORE TOPMAST — Stay, cabled 4 strands fine",,,871,871
871,36 guns,FORE TOPMAST,"Preventer stay, cabled 4 strands fine",ALBERETTO DI PARROCCHETTO — Controstrallo di parrocchetto,,73,,4.50,,36.38,073-ShipOf36Guns.jpg,"FORE TOPMAST — Preventer stay, cabled 4 strands fine",,,871,871
872,36 guns,FORE TOPMAST,"Shifting backstays, fine",ALBERETTO DI PARROCCHETTO — Paterazzi volanti di parrocchetto,,73,,5.50,,44.47,073-ShipOf36Guns.jpg,"FORE TOPMAST — Shifting backstays, fine",,,871,871
873,36 guns,FORE TOPMAST,"Futtock shrouds, fine",ALBERETTO DI PARROCCHETTO — Sartie di coffa di parrocchetto,,73,,5.50,,44.47,073-ShipOf36Guns.jpg,"FORE TOPMAST — Futtock shrouds, fine",,,871,871
874,36 guns,FORE TOPMAST,"Top rope pendants, fine",ALBERETTO DI PARROCCHETTO — Pendenti del top-rope di parrocchetto,,73,,7,,56.60,073-ShipOf36Guns.jpg,"FORE TOPMAST — Top rope pendants, fine",,,871,871
875,36 guns,FORE TOPMAST,Tye,ALBERETTO DI PARROCCHETTO — Tye/drizza del parrocchetto,,73,,4.50,,36.38,073-ShipOf36Guns.jpg,FORE TOPMAST — Tye,,,871,871
876,36 guns,FORE TOPMAST,Braces,ALBERETTO DI PARROCCHETTO — Bracci del parrocchetto,,73,,3,,24.26,073-ShipOf36Guns.jpg,FORE TOPMAST — Braces,,,871,871
877,36 guns,FORE TOPMAST,Lifts,ALBERETTO DI PARROCCHETTO — Amantigli del parrocchetto,,73,,3,,24.26,073-ShipOf36Guns.jpg,FORE TOPMAST — Lifts,,,871,871
878,36 guns,FORE TOPMAST,Clewlines,ALBERETTO DI PARROCCHETTO — Imbrogli del parrocchetto,,73,,3,,24.26,073-ShipOf36Guns.jpg,FORE TOPMAST — Clewlines,,,871,871
879,36 guns,FORE TOPMAST,Buntlines,ALBERETTO DI PARROCCHETTO — Caricaboline del parrocchetto,,73,,2.50,,20.21,073-ShipOf36Guns.jpg,FORE TOPMAST — Buntlines,,,871,871
880,36 guns,FORE TOPMAST,Leechlines,ALBERETTO DI PARROCCHETTO — Caricascotte/leechlines del parrocchetto,,73,,2,,16.17,073-ShipOf36Guns.jpg,FORE TOPMAST — Leechlines,,,871,871
881,36 guns,FORE TOPMAST,Bowlines,ALBERETTO DI PARROCCHETTO — Boline del parrocchetto,,73,,2.50,,20.21,073-ShipOf36Guns.jpg,FORE TOPMAST — Bowlines,,,871,871
882,36 guns,FORE TOPMAST,Sheets,ALBERETTO DI PARROCCHETTO — Scotte del parrocchetto,,73,,5.50,,44.47,073-ShipOf36Guns.jpg,FORE TOPMAST — Sheets,,,871,871
883,36 guns,MAIN MAST,"Shrouds, cabled fine",ALBERO MAESTRO — Sartie maestre,,74,,8.50,,68.72,074-ShipOf36Guns.jpg,"MAIN MAST — Shrouds, cabled fine",,,871,871
884,36 guns,MAIN MAST,Ratling,ALBERO MAESTRO — Griselle maestre,,74,,1.50,,12.13,074-ShipOf36Guns.jpg,MAIN MAST — Ratling,,,871,871
885,36 guns,MAIN MAST,"Stay, cabled 4 strands fine",ALBERO MAESTRO — Strallo maestro,,74,,14.50,,117.23,074-ShipOf36Guns.jpg,"MAIN MAST — Stay, cabled 4 strands fine",,,871,871
886,36 guns,MAIN MAST,"Preventer stay, cabled 4 strands fine",ALBERO MAESTRO — Controstrallo maestro,,74,,9.50,,76.81,074-ShipOf36Guns.jpg,"MAIN MAST — Preventer stay, cabled 4 strands fine",,,871,871
887,36 guns,MAIN MAST,Catharpin legs,ALBERO MAESTRO — Catarpine maestre,,74,,5,,40.43,074-ShipOf36Guns.jpg,MAIN MAST — Catharpin legs,,,871,871
888,36 guns,MAIN MAST,Jeers — tye,ALBERO MAESTRO — Jeers/drizza del pennone maestro,,74,,6,,48.51,074-ShipOf36Guns.jpg,MAIN MAST — Jeers — tye,,,871,871
889,36 guns,MAIN MAST,Yard tackle pendants,ALBERO MAESTRO — Pendenti dei paranchi del pennone maestro,,74,,5.50,,44.47,074-ShipOf36Guns.jpg,MAIN MAST — Yard tackle pendants,,,871,871
890,36 guns,MAIN MAST,Braces,ALBERO MAESTRO — Bracci del pennone maestro,,74,,3.50,,28.30,074-ShipOf36Guns.jpg,MAIN MAST — Braces,,,871,871
891,36 guns,MAIN MAST,Brace pendants,ALBERO MAESTRO — Pendenti dei bracci maestri,,74,,4.50,,36.38,074-ShipOf36Guns.jpg,MAIN MAST — Brace pendants,,,871,871
892,36 guns,MAIN MAST,Lifts,ALBERO MAESTRO — Amantigli del pennone maestro,,74,,3.50,,28.30,074-ShipOf36Guns.jpg,MAIN MAST — Lifts,,,871,871
893,36 guns,MAIN COURSE,Clew-garnets,VELA MAESTRA — Caricascotte della maestra,,75,,3,,24.26,075-ShipOf36Guns.jpg,MAIN COURSE — Clew-garnets,,,871,871
894,36 guns,MAIN COURSE,Buntline legs,VELA MAESTRA — Caricaboline della maestra,,75,,2.50,,20.21,075-ShipOf36Guns.jpg,MAIN COURSE — Buntline legs,,,871,871
895,36 guns,MAIN COURSE,Leechline legs,VELA MAESTRA — Leechlines della maestra,,75,,2,,16.17,075-ShipOf36Guns.jpg,MAIN COURSE — Leechline legs,,,871,871
896,36 guns,MAIN COURSE,Slablines,VELA MAESTRA — Slablines della maestra,,75,,2,,16.17,075-ShipOf36Guns.jpg,MAIN COURSE — Slablines,,,871,871
897,36 guns,MAIN COURSE,Bowlines,VELA MAESTRA — Boline della maestra,,75,,3.50,,28.30,075-ShipOf36Guns.jpg,MAIN COURSE — Bowlines,,,871,871
898,36 guns,MAIN COURSE,"Sheets, cabled",VELA MAESTRA — Scotte della maestra,,75,,5.50,,44.47,075-ShipOf36Guns.jpg,"MAIN COURSE — Sheets, cabled",,,871,871
899,36 guns,MAIN COURSE,"Tacks, taper and cabled",VELA MAESTRA — Mure della maestra,,75,,7,,56.60,075-ShipOf36Guns.jpg,"MAIN COURSE — Tacks, taper and cabled",,,871,871
900,36 guns,MAIN TOPMAST,Burton pendants,ALBERETTO DI GABBIA MAESTRA — Pendenti Burton di gabbia maestra,,75,,4,,32.34,075-ShipOf36Guns.jpg,MAIN TOPMAST — Burton pendants,,,871,871
901,36 guns,MAIN TOPMAST,"Shrouds, fine",ALBERETTO DI GABBIA MAESTRA — Sartie di gabbia maestra,,75,,5.50,,44.47,075-ShipOf36Guns.jpg,"MAIN TOPMAST — Shrouds, fine",,,871,871
902,36 guns,MAIN TOPMAST,Ratling,ALBERETTO DI GABBIA MAESTRA — Griselle di gabbia maestra,,75,,1,,8.09,075-ShipOf36Guns.jpg,MAIN TOPMAST — Ratling,,,871,871
903,36 guns,MAIN TOPMAST,"Standing backstays, fine",ALBERETTO DI GABBIA MAESTRA — Paterazzi fissi di gabbia maestra,,75,,5.50,,44.47,075-ShipOf36Guns.jpg,"MAIN TOPMAST — Standing backstays, fine",,,871,871
904,36 guns,MAIN TOPMAST,Breast backstay runners,ALBERETTO DI GABBIA MAESTRA — Corridori paterazzi laterali di gabbia,,75,,3.50,,28.30,075-ShipOf36Guns.jpg,MAIN TOPMAST — Breast backstay runners,,,871,871
905,36 guns,MAIN TOPMAST,"Stay, cabled 4 strands fine",ALBERETTO DI GABBIA MAESTRA — Strallo di gabbia maestra,,75,,6,,48.51,075-ShipOf36Guns.jpg,"MAIN TOPMAST — Stay, cabled 4 strands fine",,,871,871
906,36 guns,MAIN TOPMAST,"Preventer stay, cabled 4 strands fine",ALBERETTO DI GABBIA MAESTRA — Controstrallo di gabbia maestra,,75,,4.50,,36.38,075-ShipOf36Guns.jpg,"MAIN TOPMAST — Preventer stay, cabled 4 strands fine",,,871,871
907,36 guns,MAIN TOPMAST,"Shifting backstays, fine",ALBERETTO DI GABBIA MAESTRA — Paterazzi volanti di gabbia maestra,,75,,5.50,,44.47,075-ShipOf36Guns.jpg,"MAIN TOPMAST — Shifting backstays, fine",,,871,871
908,36 guns,MAIN TOPMAST,"Futtock shrouds, fine",ALBERETTO DI GABBIA MAESTRA — Sartie di coffa di gabbia maestra,,75,,5.50,,44.47,075-ShipOf36Guns.jpg,"MAIN TOPMAST — Futtock shrouds, fine",,,871,871
909,36 guns,MAIN TOPMAST,"Top rope pendants, fine",ALBERETTO DI GABBIA MAESTRA — Pendenti top-rope di gabbia maestra,,75,,7,,56.60,075-ShipOf36Guns.jpg,"MAIN TOPMAST — Top rope pendants, fine",,,871,871
910,36 guns,MAIN TOPGALLANT,Shrouds,ALBERETTO DI VELACCIO MAESTRO — Sartie di velaccio maestro,,76,,3,,24.26,076-ShipOf36Guns.jpg,MAIN TOPGALLANT — Shrouds,,,871,871
911,36 guns,MAIN TOPGALLANT,Standing backstays,ALBERETTO DI VELACCIO MAESTRO — Paterazzi fissi di velaccio maestro,,76,,3,,24.26,076-ShipOf36Guns.jpg,MAIN TOPGALLANT — Standing backstays,,,871,871
912,36 guns,MAIN TOPGALLANT,"Stay, cabled 4 strands",ALBERETTO DI VELACCIO MAESTRO — Strallo di velaccio maestro,,76,,3.50,,28.30,076-ShipOf36Guns.jpg,"MAIN TOPGALLANT — Stay, cabled 4 strands",,,871,871
913,36 guns,MAIN TOPGALLANT,Tye,ALBERETTO DI VELACCIO MAESTRO — Tye/drizza del velaccio maestro,,76,,3,,24.26,076-ShipOf36Guns.jpg,MAIN TOPGALLANT — Tye,,,871,871
914,36 guns,MAIN TOPGALLANT,Braces,ALBERETTO DI VELACCIO MAESTRO — Bracci del velaccio maestro,,76,,1.50,,12.13,076-ShipOf36Guns.jpg,MAIN TOPGALLANT — Braces,,,871,871
915,36 guns,MAIN TOPGALLANT,"Lifts, single",ALBERETTO DI VELACCIO MAESTRO — Amantigli del velaccio maestro,,76,,2.50,,20.21,076-ShipOf36Guns.jpg,"MAIN TOPGALLANT — Lifts, single",,,871,871
916,36 guns,MAIN TOPGALLANT,Clewlines,ALBERETTO DI VELACCIO MAESTRO — Imbrogli del velaccio maestro,,76,,1.50,,12.13,076-ShipOf36Guns.jpg,MAIN TOPGALLANT — Clewlines,,,871,871
917,36 guns,MAIN TOPGALLANT,Bowlines,ALBERETTO DI VELACCIO MAESTRO — Boline del velaccio maestro,,76,,1.50,,12.13,076-ShipOf36Guns.jpg,MAIN TOPGALLANT — Bowlines,,,871,871
918,36 guns,MIZEN MAST,"Shrouds, fine",ALBERO DI MEZZANA — Sartie di mezzana,,77,,5.50,,44.47,077-ShipOf36Guns.jpg,"MIZEN MAST — Shrouds, fine",,,871,871
919,36 guns,MIZEN MAST,Ratling,ALBERO DI MEZZANA — Griselle di mezzana,,77,,1,,8.09,077-ShipOf36Guns.jpg,MIZEN MAST — Ratling,,,871,871
920,36 guns,MIZEN MAST,"Stay, cabled 4 strands fine",ALBERO DI MEZZANA — Strallo di mezzana,,77,,6,,48.51,077-ShipOf36Guns.jpg,"MIZEN MAST — Stay, cabled 4 strands fine",,,871,871
921,36 guns,MIZEN MAST,Jeers,ALBERO DI MEZZANA — Jeers della mezzana,,77,,4.50,,36.38,077-ShipOf36Guns.jpg,MIZEN MAST — Jeers,,,871,871
922,36 guns,MIZEN MAST,Vang pendants,ALBERO DI MEZZANA — Pendenti dei vang della mezzana,,77,,3.50,,28.30,077-ShipOf36Guns.jpg,MIZEN MAST — Vang pendants,,,871,871
923,36 guns,MIZEN MAST,Bowlines,ALBERO DI MEZZANA — Boline della mezzana,,77,,2.50,,20.21,077-ShipOf36Guns.jpg,MIZEN MAST — Bowlines,,,871,871
924,36 guns,CROSS-JACK YARD,Braces,VERGASECCA — Bracci della vergasecca,,77,,2,,16.17,077-ShipOf36Guns.jpg,CROSS-JACK YARD — Braces,,,871,871
925,36 guns,CROSS-JACK YARD,"Lifts, running",VERGASECCA — Amantigli della vergasecca,,77,,2,,16.17,077-ShipOf36Guns.jpg,"CROSS-JACK YARD — Lifts, running",,,871,871
926,36 guns,MIZEN TOPMAST,"Shrouds, fine",ALBERETTO DI CONTROMEZZANA — Sartie di contromezzana,,77,,3.50,,28.30,077-ShipOf36Guns.jpg,"MIZEN TOPMAST — Shrouds, fine",,,871,871
927,36 guns,MIZEN TOPMAST,Ratling,ALBERETTO DI CONTROMEZZANA — Griselle di contromezzana,,77,,1,,8.09,077-ShipOf36Guns.jpg,MIZEN TOPMAST — Ratling,,,871,871
928,36 guns,MIZEN TOPMAST,"Standing backstays, fine",ALBERETTO DI CONTROMEZZANA — Paterazzi fissi di contromezzana,,77,,3.50,,28.30,077-ShipOf36Guns.jpg,"MIZEN TOPMAST — Standing backstays, fine",,,871,871
929,36 guns,MIZEN TOPMAST,"Stay, cabled 4 strands fine",ALBERETTO DI CONTROMEZZANA — Strallo di contromezzana,,77,,4,,32.34,077-ShipOf36Guns.jpg,"MIZEN TOPMAST — Stay, cabled 4 strands fine",,,871,871
930,36 guns,MIZEN TOPGALLANT,Shrouds,ALBERETTO DI BELVEDERE — Sartie di belvedere,,78,,2,,16.17,078-ShipOf36Guns.jpg,MIZEN TOPGALLANT — Shrouds,,,871,871
931,36 guns,MIZEN TOPGALLANT,Backstays,ALBERETTO DI BELVEDERE — Paterazzi di belvedere,,78,,2,,16.17,078-ShipOf36Guns.jpg,MIZEN TOPGALLANT — Backstays,,,871,871
932,36 guns,MIZEN TOPGALLANT,Stay,ALBERETTO DI BELVEDERE — Strallo di belvedere,,78,,2.50,,20.21,078-ShipOf36Guns.jpg,MIZEN TOPGALLANT — Stay,,,871,871
933,36 guns,MIZEN TOPGALLANT,Tye,ALBERETTO DI BELVEDERE — Tye/drizza di belvedere,,78,,2,,16.17,078-ShipOf36Guns.jpg,MIZEN TOPGALLANT — Tye,,,871,871
934,36 guns,NECESSARY ROPES,"Viol, cabled",CORDAMI DI SERVIZIO — Viol / grande cavo di tonneggio,,78,,10,,80.85,078-ShipOf36Guns.jpg,"NECESSARY ROPES — Viol, cabled",,,871,871
935,36 guns,NECESSARY ROPES,Winding tackle pendant,CORDAMI DI SERVIZIO — Pendante del paranco di tonneggio,,78,,9,,72.77,078-ShipOf36Guns.jpg,NECESSARY ROPES — Winding tackle pendant,,,871,871
936,36 guns,NECESSARY ROPES,Cat falls,CORDAMI DI SERVIZIO — Cavi di caponatura dell'ancora,,78,,4,,32.34,078-ShipOf36Guns.jpg,NECESSARY ROPES — Cat falls,,,871,871
937,36 guns,NECESSARY ROPES,Fish tackle pendant,CORDAMI DI SERVIZIO — Pendante del paranco di pescaggio dell'ancora,,78,,7,,56.60,078-ShipOf36Guns.jpg,NECESSARY ROPES — Fish tackle pendant,,,871,871
938,36 guns,NECESSARY ROPES,Fish tackle fall,CORDAMI DI SERVIZIO — Corrente del paranco di pescaggio dell'ancora,,78,,3.50,,28.30,078-ShipOf36Guns.jpg,NECESSARY ROPES — Fish tackle fall,,,871,871
939,36 guns,NECESSARY ROPES,Anchor stock tackle fall,CORDAMI DI SERVIZIO — Corrente paranco del ceppo d'ancora,,78,,2.50,,20.21,078-ShipOf36Guns.jpg,NECESSARY ROPES — Anchor stock tackle fall,,,871,871
940,36 guns,NECESSARY ROPES,Bill pendant,CORDAMI DI SERVIZIO — Pendante Bill,,78,,4.50,,36.38,078-ShipOf36Guns.jpg,NECESSARY ROPES — Bill pendant,,,871,871
941,36 guns,NECESSARY ROPES,Stoppers — sheet/best/small bower/spare,CORDAMI DI SERVIZIO — Bozze delle ancore principali,,78,,6.50,,52.55,078-ShipOf36Guns.jpg,NECESSARY ROPES — Stoppers — sheet/best/small bower/spare,,,871,871
942,36 guns,NECESSARY ROPES,"Wing, cabled",CORDAMI DI SERVIZIO — Cavo wing,,78,,6.50,,52.55,078-ShipOf36Guns.jpg,"NECESSARY ROPES — Wing, cabled",,,871,871
943,36 guns,NECESSARY ROPES,Dog,CORDAMI DI SERVIZIO — Cavo dog,,78,,6,,48.51,078-ShipOf36Guns.jpg,NECESSARY ROPES — Dog,,,871,871
944,36 guns,NECESSARY ROPES,"Stream anchor, cabled",CORDAMI DI SERVIZIO — Gomena dell'ancora di corrente,,78,,4,,32.34,078-ShipOf36Guns.jpg,"NECESSARY ROPES — Stream anchor, cabled",,,871,871
945,36 guns,NECESSARY ROPES,Kedge,CORDAMI DI SERVIZIO — Gomena dell'ancorotto,,78,,3,,24.26,078-ShipOf36Guns.jpg,NECESSARY ROPES — Kedge,,,871,871
946,36 guns,NECESSARY ROPES,"Deck & bit, cabled",CORDAMI DI SERVIZIO — Cavi di coperta e bitte,,78,,8.50,,68.72,078-ShipOf36Guns.jpg,"NECESSARY ROPES — Deck & bit, cabled",,,871,871
947,36 guns,NECESSARY ROPES,Shank painters — sheet anchor,CORDAMI DI SERVIZIO — Shank painter dell'ancora di posta,,79,,5.50,,44.47,079-ShipOf36Guns.jpg,NECESSARY ROPES — Shank painters — sheet anchor,,,871,871
948,36 guns,NECESSARY ROPES,Shank painters — best bower,CORDAMI DI SERVIZIO — Shank painter best bower,,79,,5.50,,44.47,079-ShipOf36Guns.jpg,NECESSARY ROPES — Shank painters — best bower,,,871,871
949,36 guns,NECESSARY ROPES,Shank painters — small bower,CORDAMI DI SERVIZIO — Shank painter small bower,,79,,5.50,,44.47,079-ShipOf36Guns.jpg,NECESSARY ROPES — Shank painters — small bower,,,871,871
950,36 guns,NECESSARY ROPES,Shank painters — spare,CORDAMI DI SERVIZIO — Shank painter di rispetto,,79,,5.50,,44.47,079-ShipOf36Guns.jpg,NECESSARY ROPES — Shank painters — spare,,,871,871
951,36 guns,NECESSARY ROPES,Buoy ropes — sheet anchor,CORDAMI DI SERVIZIO — Cima boa dell'ancora di posta,,79,,5.50,,44.47,079-ShipOf36Guns.jpg,NECESSARY ROPES — Buoy ropes — sheet anchor,,,871,871
952,36 guns,NECESSARY ROPES,Buoy ropes — best bower,CORDAMI DI SERVIZIO — Cima boa best bower,,79,,5.50,,44.47,079-ShipOf36Guns.jpg,NECESSARY ROPES — Buoy ropes — best bower,,,871,871
953,36 guns,NECESSARY ROPES,Buoy ropes — small bower,CORDAMI DI SERVIZIO — Cima boa small bower,,79,,5.50,,44.47,079-ShipOf36Guns.jpg,NECESSARY ROPES — Buoy ropes — small bower,,,871,871
954,36 guns,NECESSARY ROPES,"Stream anchor, cabled",CORDAMI DI SERVIZIO — Gomena ancora di corrente,,79,,3.50,,28.30,079-ShipOf36Guns.jpg,"NECESSARY ROPES — Stream anchor, cabled",,,871,871
955,36 guns,NECESSARY ROPES,"Kedge, cabled",CORDAMI DI SERVIZIO — Gomena ancorotto,,79,,3,,24.26,079-ShipOf36Guns.jpg,"NECESSARY ROPES — Kedge, cabled",,,871,871
956,36 guns,NECESSARY ROPES,"Rudder pendants, cabled",CORDAMI DI SERVIZIO — Pendenti del timone,,79,,5.50,,44.47,079-ShipOf36Guns.jpg,"NECESSARY ROPES — Rudder pendants, cabled",,,871,871
957,36 guns,NECESSARY ROPES,Gun,CORDAMI DI SERVIZIO — Cordame per cannone (voce Steel 'Gun'),,79,,6.50,,52.55,079-ShipOf36Guns.jpg,NECESSARY ROPES — Gun,,,871,871
958,36 guns,LONGBOAT,Burton pendants,LANCIA — Pendenti Burton della lancia,,79,,3.50,,28.30,079-ShipOf36Guns.jpg,LONGBOAT — Burton pendants,,,871,871
959,36 guns,LONGBOAT,Shrouds,LANCIA — Sartie della lancia,,79,,3,,24.26,079-ShipOf36Guns.jpg,LONGBOAT — Shrouds,,,871,871
960,36 guns,LONGBOAT,Stay,LANCIA — Strallo della lancia,,79,,3.50,,28.30,079-ShipOf36Guns.jpg,LONGBOAT — Stay,,,871,871
961,36 guns,LONGBOAT,Tye,LANCIA — Tye della lancia,,79,,1.50,,12.13,079-ShipOf36Guns.jpg,LONGBOAT — Tye,,,871,871
962,36 guns,LONGBOAT,Main halliard,LANCIA — Drizza maestra della lancia,,79,,1.50,,12.13,079-ShipOf36Guns.jpg,LONGBOAT — Main halliard,,,871,871
963,36 guns,LONGBOAT,"Boat-rope, cabled",LANCIA — Cavo della lancia,,79,,6,,48.51,079-ShipOf36Guns.jpg,"LONGBOAT — Boat-rope, cabled",,,871,871
964,36 guns,PINNACE,Halliards main and fore,PINNACCIA — Drizze maestra e trinchetto della pinnaccia,,80,,1.50,,12.13,080-ShipOf36Guns.jpg,PINNACE — Halliards main and fore,,,871,871
965,36 guns,PINNACE,Sheets,PINNACCIA — Scotte della pinnaccia,,80,,1.50,,12.13,080-ShipOf36Guns.jpg,PINNACE — Sheets,,,871,871
966,36 guns,PINNACE,"Grapnel-rope, cabled",PINNACCIA — Gomena del grappino della pinnaccia,,80,,3.50,,28.30,080-ShipOf36Guns.jpg,"PINNACE — Grapnel-rope, cabled",,,871,871
967,36 guns,PINNACE,Painter,PINNACCIA — Barbetta della pinnaccia,,80,,3.50,,28.30,080-ShipOf36Guns.jpg,PINNACE — Painter,,,871,871
968,36 guns,YAWL OR CUTTER,Halliards (if cutters),IOLE / CUTTER — Drizze della iole/cutter,,80,,2,,16.17,080-ShipOf36Guns.jpg,YAWL OR CUTTER — Halliards (if cutters),,,871,871
969,36 guns,YAWL OR CUTTER,Sheets,IOLE / CUTTER — Scotte della iole/cutter,,80,,2 / 1.5,,14.15,080-ShipOf36Guns.jpg,YAWL OR CUTTER — Sheets,,Steel riporta più circonferenze nella stessa voce aggregata del database.,871,871
970,36 guns,YAWL OR CUTTER,"Grapnel-rope, cabled",IOLE / CUTTER — Gomena del grappino della iole/cutter,,80,,3.50,,28.30,080-ShipOf36Guns.jpg,"YAWL OR CUTTER — Grapnel-rope, cabled",,,871,871
971,36 guns,YAWL OR CUTTER,Painter,IOLE / CUTTER — Barbetta della iole/cutter,,80,,3.50,,28.30,080-ShipOf36Guns.jpg,YAWL OR CUTTER — Painter,,,871,871
972,32 guns,BOWSPRIT,Woolding,BOMPRESSO — Cerchiatura/legatura del bompresso,,81,,2.50,,20.21,081-ShipOf32Guns.jpg,BOWSPRIT — Woolding,,,677,677
973,32 guns,BOWSPRIT,Gammonings,BOMPRESSO — Legature (gammoning) del bompresso,,81,,5.50,,44.47,081-ShipOf32Guns.jpg,BOWSPRIT — Gammonings,,,677,677
974,32 guns,BOWSPRIT,"Shrouds, fine",BOMPRESSO — Briglie/sartie del bompresso,,81,,6,,48.51,081-ShipOf32Guns.jpg,"BOWSPRIT — Shrouds, fine",,,677,677
975,32 guns,BOWSPRIT,"Bobstays, cabled fine",BOMPRESSO — Stragli inferiori del bompresso (bobstays),,81,,7,,56.60,081-ShipOf32Guns.jpg,"BOWSPRIT — Bobstays, cabled fine",,,677,677
976,32 guns,SPRITSAIL,Braces,CIVADA — Bracci del pennone di civada,,81,,2.50,,20.21,081-ShipOf32Guns.jpg,SPRITSAIL — Braces,,,677,677
977,32 guns,SPRITSAIL,Lifts,CIVADA — Amantigli del pennone di civada,,81,,2.50,,20.21,081-ShipOf32Guns.jpg,SPRITSAIL — Lifts,,,677,677
978,32 guns,SPRITSAIL,Halliard,CIVADA — Drizza del pennone di civada,,81,,2.50,,20.21,081-ShipOf32Guns.jpg,SPRITSAIL — Halliard,,,677,677
979,32 guns,SPRITSAIL,Clew-lines,CIVADA — Imbrogli della civada,,81,,2,,16.17,081-ShipOf32Guns.jpg,SPRITSAIL — Clew-lines,,,677,677
980,32 guns,SPRITSAIL,Buntlines,CIVADA — Caricaboline della civada,,81,,2,,16.17,081-ShipOf32Guns.jpg,SPRITSAIL — Buntlines,,,677,677
981,32 guns,SPRITSAIL,"Sheets, cabled single",CIVADA — Scotte della civada,,81,,3.50,,28.30,081-ShipOf32Guns.jpg,"SPRITSAIL — Sheets, cabled single",,,677,677
982,32 guns,FORE MAST,"Shrouds, cabled fine",ALBERO DI TRINCHETTO — Sartie di trinchetto,,82,,8,,64.68,082-ShipOf32Guns.jpg,"FORE MAST — Shrouds, cabled fine",,,677,677
983,32 guns,FORE MAST,Ratling,ALBERO DI TRINCHETTO — Griselle di trinchetto,,82,,1.50,,12.13,082-ShipOf32Guns.jpg,FORE MAST — Ratling,,,677,677
984,32 guns,FORE MAST,"Stay, cabled fine 4 strands",ALBERO DI TRINCHETTO — Strallo di trinchetto,,82,,12,,97.02,082-ShipOf32Guns.jpg,"FORE MAST — Stay, cabled fine 4 strands",,,677,677
985,32 guns,FORE MAST,"Preventer stay, cabled 4 strands fine",ALBERO DI TRINCHETTO — Controstrallo di trinchetto,,82,,7.50,,60.64,082-ShipOf32Guns.jpg,"FORE MAST — Preventer stay, cabled 4 strands fine",,,677,677
986,32 guns,FORE MAST,Catharpin legs,ALBERO DI TRINCHETTO — Catarpine di trinchetto,,82,,5,,40.43,082-ShipOf32Guns.jpg,FORE MAST — Catharpin legs,,,677,677
987,32 guns,FORE MAST,Jeers — tye,ALBERO DI TRINCHETTO — Jeers/drizza del pennone di trinchetto,,82,,5,,40.43,082-ShipOf32Guns.jpg,FORE MAST — Jeers — tye,,,677,677
988,32 guns,FORE MAST,Yard tackle pendants,ALBERO DI TRINCHETTO — Pendenti dei paranchi del pennone di trinchetto,,82,,5.50,,44.47,082-ShipOf32Guns.jpg,FORE MAST — Yard tackle pendants,,,677,677
989,32 guns,FORE MAST,Braces,ALBERO DI TRINCHETTO — Bracci del pennone di trinchetto,,82,,3.50,,28.30,082-ShipOf32Guns.jpg,FORE MAST — Braces,,,677,677
990,32 guns,FORE MAST,Brace pendants,ALBERO DI TRINCHETTO — Pendenti dei bracci di trinchetto,,82,,4.50,,36.38,082-ShipOf32Guns.jpg,FORE MAST — Brace pendants,,,677,677
991,32 guns,FORE TOPMAST,Burton pendants,ALBERETTO DI PARROCCHETTO — Pendenti Burton di parrocchetto,,83,,4,,32.34,083-ShipOf32Guns.jpg,FORE TOPMAST — Burton pendants,,,677,677
992,32 guns,FORE TOPMAST,"Shrouds, fine",ALBERETTO DI PARROCCHETTO — Sartie di parrocchetto,,83,,5.50,,44.47,083-ShipOf32Guns.jpg,"FORE TOPMAST — Shrouds, fine",,,677,677
993,32 guns,FORE TOPMAST,Ratling,ALBERETTO DI PARROCCHETTO — Griselle di parrocchetto,,83,,1,,8.09,083-ShipOf32Guns.jpg,FORE TOPMAST — Ratling,,,677,677
994,32 guns,FORE TOPMAST,"Standing backstays, fine",ALBERETTO DI PARROCCHETTO — Paterazzi fissi di parrocchetto,,83,,5.50,,44.47,083-ShipOf32Guns.jpg,"FORE TOPMAST — Standing backstays, fine",,,677,677
995,32 guns,FORE TOPMAST,Breast backstay runners,ALBERETTO DI PARROCCHETTO — Corridori dei paterazzi laterali di parrocchetto,,83,,3.50,,28.30,083-ShipOf32Guns.jpg,FORE TOPMAST — Breast backstay runners,,,677,677
996,32 guns,FORE TOPMAST,"Stay, cabled 4 strands fine",ALBERETTO DI PARROCCHETTO — Strallo di parrocchetto,,83,,5.50,,44.47,083-ShipOf32Guns.jpg,"FORE TOPMAST — Stay, cabled 4 strands fine",,,677,677
997,32 guns,FORE TOPMAST,"Preventer stay, cabled 4 strands fine",ALBERETTO DI PARROCCHETTO — Controstrallo di parrocchetto,,83,,4,,32.34,083-ShipOf32Guns.jpg,"FORE TOPMAST — Preventer stay, cabled 4 strands fine",,,677,677
998,32 guns,FORE TOPMAST,"Shifting backstays, fine",ALBERETTO DI PARROCCHETTO — Paterazzi volanti di parrocchetto,,83,,5.50,,44.47,083-ShipOf32Guns.jpg,"FORE TOPMAST — Shifting backstays, fine",,,677,677
999,32 guns,FORE TOPMAST,"Futtock shrouds, fine",ALBERETTO DI PARROCCHETTO — Sartie di coffa di parrocchetto,,83,,5.50,,44.47,083-ShipOf32Guns.jpg,"FORE TOPMAST — Futtock shrouds, fine",,,677,677
1000,32 guns,FORE TOPMAST,"Top rope pendants, fine",ALBERETTO DI PARROCCHETTO — Pendenti del top-rope di parrocchetto,,83,,6.50,,52.55,083-ShipOf32Guns.jpg,"FORE TOPMAST — Top rope pendants, fine",,,677,677
1001,32 guns,FORE TOPMAST,Tye,ALBERETTO DI PARROCCHETTO — Tye/drizza del parrocchetto,,83,,4.50,,36.38,083-ShipOf32Guns.jpg,FORE TOPMAST — Tye,,,677,677
1002,32 guns,FORE TOPMAST,Braces,ALBERETTO DI PARROCCHETTO — Bracci del parrocchetto,,83,,3,,24.26,083-ShipOf32Guns.jpg,FORE TOPMAST — Braces,,,677,677
1003,32 guns,FORE TOPMAST,Lifts,ALBERETTO DI PARROCCHETTO — Amantigli del parrocchetto,,83,,3,,24.26,083-ShipOf32Guns.jpg,FORE TOPMAST — Lifts,,,677,677
1004,32 guns,FORE TOPMAST,Clewlines,ALBERETTO DI PARROCCHETTO — Imbrogli del parrocchetto,,83,,3,,24.26,083-ShipOf32Guns.jpg,FORE TOPMAST — Clewlines,,,677,677
1005,32 guns,FORE TOPMAST,Buntlines,ALBERETTO DI PARROCCHETTO — Caricaboline del parrocchetto,,83,,2.50,,20.21,083-ShipOf32Guns.jpg,FORE TOPMAST — Buntlines,,,677,677
1006,32 guns,FORE TOPMAST,Leechlines,ALBERETTO DI PARROCCHETTO — Caricascotte/leechlines del parrocchetto,,83,,2,,16.17,083-ShipOf32Guns.jpg,FORE TOPMAST — Leechlines,,,677,677
1007,32 guns,FORE TOPMAST,Bowlines,ALBERETTO DI PARROCCHETTO — Boline del parrocchetto,,83,,2.50,,20.21,083-ShipOf32Guns.jpg,FORE TOPMAST — Bowlines,,,677,677
1008,32 guns,FORE TOPMAST,Sheets,ALBERETTO DI PARROCCHETTO — Scotte del parrocchetto,,83,,5.50,,44.47,083-ShipOf32Guns.jpg,FORE TOPMAST — Sheets,,,677,677
1009,32 guns,MAIN MAST,"Shrouds, cabled fine",ALBERO MAESTRO — Sartie maestre,,84,,8,,64.68,084-ShipOf32Guns.jpg,"MAIN MAST — Shrouds, cabled fine",,,677,677
1010,32 guns,MAIN MAST,Ratling,ALBERO MAESTRO — Griselle maestre,,84,,1.50,,12.13,084-ShipOf32Guns.jpg,MAIN MAST — Ratling,,,677,677
1011,32 guns,MAIN MAST,"Stay, cabled 4 strands fine",ALBERO MAESTRO — Strallo maestro,,84,,12.50,,101.06,084-ShipOf32Guns.jpg,"MAIN MAST — Stay, cabled 4 strands fine",,,677,677
1012,32 guns,MAIN MAST,"Preventer stay, cabled 4 strands fine",ALBERO MAESTRO — Controstrallo maestro,,84,,8.50,,68.72,084-ShipOf32Guns.jpg,"MAIN MAST — Preventer stay, cabled 4 strands fine",,,677,677
1013,32 guns,MAIN MAST,Catharpin legs,ALBERO MAESTRO — Catarpine maestre,,84,,5,,40.43,084-ShipOf32Guns.jpg,MAIN MAST — Catharpin legs,,,677,677
1014,32 guns,MAIN MAST,Jeers — tye,ALBERO MAESTRO — Jeers/drizza del pennone maestro,,84,,5,,40.43,084-ShipOf32Guns.jpg,MAIN MAST — Jeers — tye,,,677,677
1015,32 guns,MAIN MAST,Yard tackle pendants,ALBERO MAESTRO — Pendenti dei paranchi del pennone maestro,,84,,5.50,,44.47,084-ShipOf32Guns.jpg,MAIN MAST — Yard tackle pendants,,,677,677
1016,32 guns,MAIN MAST,Braces,ALBERO MAESTRO — Bracci del pennone maestro,,84,,3.50,,28.30,084-ShipOf32Guns.jpg,MAIN MAST — Braces,,,677,677
1017,32 guns,MAIN MAST,Brace pendants,ALBERO MAESTRO — Pendenti dei bracci maestri,,84,,4,,32.34,084-ShipOf32Guns.jpg,MAIN MAST — Brace pendants,,,677,677
1018,32 guns,MAIN MAST,Lifts,ALBERO MAESTRO — Amantigli del pennone maestro,,84,,3.50,,28.30,084-ShipOf32Guns.jpg,MAIN MAST — Lifts,,,677,677
1019,32 guns,MAIN COURSE,Clew-garnets,VELA MAESTRA — Caricascotte della maestra,,85,,3,,24.26,085-ShipOf32Guns.jpg,MAIN COURSE — Clew-garnets,,,677,677
1020,32 guns,MAIN COURSE,Buntline legs,VELA MAESTRA — Caricaboline della maestra,,85,,2.50,,20.21,085-ShipOf32Guns.jpg,MAIN COURSE — Buntline legs,,,677,677
1021,32 guns,MAIN COURSE,Leechline legs,VELA MAESTRA — Leechlines della maestra,,85,,2,,16.17,085-ShipOf32Guns.jpg,MAIN COURSE — Leechline legs,,,677,677
1022,32 guns,MAIN COURSE,Slablines,VELA MAESTRA — Slablines della maestra,,85,,2,,16.17,085-ShipOf32Guns.jpg,MAIN COURSE — Slablines,,,677,677
1023,32 guns,MAIN COURSE,Bowlines,VELA MAESTRA — Boline della maestra,,85,,3.50,,28.30,085-ShipOf32Guns.jpg,MAIN COURSE — Bowlines,,,677,677
1024,32 guns,MAIN COURSE,"Sheets, cabled",VELA MAESTRA — Scotte della maestra,,85,,5.50,,44.47,085-ShipOf32Guns.jpg,"MAIN COURSE — Sheets, cabled",,,677,677
1025,32 guns,MAIN COURSE,"Tacks, taper and cabled",VELA MAESTRA — Mure della maestra,,85,,7,,56.60,085-ShipOf32Guns.jpg,"MAIN COURSE — Tacks, taper and cabled",,,677,677
1026,32 guns,MAIN TOPMAST,Burton pendants,ALBERETTO DI GABBIA MAESTRA — Pendenti Burton di gabbia maestra,,85,,4,,32.34,085-ShipOf32Guns.jpg,MAIN TOPMAST — Burton pendants,,,677,677
1027,32 guns,MAIN TOPMAST,"Shrouds, fine",ALBERETTO DI GABBIA MAESTRA — Sartie di gabbia maestra,,85,,5.50,,44.47,085-ShipOf32Guns.jpg,"MAIN TOPMAST — Shrouds, fine",,,677,677
1028,32 guns,MAIN TOPMAST,Ratling,ALBERETTO DI GABBIA MAESTRA — Griselle di gabbia maestra,,85,,1,,8.09,085-ShipOf32Guns.jpg,MAIN TOPMAST — Ratling,,,677,677
1029,32 guns,MAIN TOPMAST,"Standing backstays, fine",ALBERETTO DI GABBIA MAESTRA — Paterazzi fissi di gabbia maestra,,85,,5.50,,44.47,085-ShipOf32Guns.jpg,"MAIN TOPMAST — Standing backstays, fine",,,677,677
1030,32 guns,MAIN TOPMAST,Breast backstay runners,ALBERETTO DI GABBIA MAESTRA — Corridori paterazzi laterali di gabbia,,85,,3.50,,28.30,085-ShipOf32Guns.jpg,MAIN TOPMAST — Breast backstay runners,,,677,677
1031,32 guns,MAIN TOPMAST,"Stay, cabled 4 strands fine",ALBERETTO DI GABBIA MAESTRA — Strallo di gabbia maestra,,85,,6,,48.51,085-ShipOf32Guns.jpg,"MAIN TOPMAST — Stay, cabled 4 strands fine",,,677,677
1032,32 guns,MAIN TOPMAST,"Preventer stay, cabled 4 strands fine",ALBERETTO DI GABBIA MAESTRA — Controstrallo di gabbia maestra,,85,,4.50,,36.38,085-ShipOf32Guns.jpg,"MAIN TOPMAST — Preventer stay, cabled 4 strands fine",,,677,677
1033,32 guns,MAIN TOPMAST,"Shifting backstays, fine",ALBERETTO DI GABBIA MAESTRA — Paterazzi volanti di gabbia maestra,,85,,5.50,,44.47,085-ShipOf32Guns.jpg,"MAIN TOPMAST — Shifting backstays, fine",,,677,677
1034,32 guns,MAIN TOPMAST,"Futtock shrouds, fine",ALBERETTO DI GABBIA MAESTRA — Sartie di coffa di gabbia maestra,,85,,5.50,,44.47,085-ShipOf32Guns.jpg,"MAIN TOPMAST — Futtock shrouds, fine",,,677,677
1035,32 guns,MAIN TOPMAST,"Top rope pendants, fine",ALBERETTO DI GABBIA MAESTRA — Pendenti top-rope di gabbia maestra,,85,,6.50,,52.55,085-ShipOf32Guns.jpg,"MAIN TOPMAST — Top rope pendants, fine",,,677,677
1036,32 guns,MAIN TOPGALLANT,Shrouds,ALBERETTO DI VELACCIO MAESTRO — Sartie di velaccio maestro,,86,,3,,24.26,086-ShipOf32Guns.jpg,MAIN TOPGALLANT — Shrouds,,,677,677
1037,32 guns,MAIN TOPGALLANT,Standing backstays,ALBERETTO DI VELACCIO MAESTRO — Paterazzi fissi di velaccio maestro,,86,,3,,24.26,086-ShipOf32Guns.jpg,MAIN TOPGALLANT — Standing backstays,,,677,677
1038,32 guns,MAIN TOPGALLANT,"Stay, cabled 4 strands",ALBERETTO DI VELACCIO MAESTRO — Strallo di velaccio maestro,,86,,3.50,,28.30,086-ShipOf32Guns.jpg,"MAIN TOPGALLANT — Stay, cabled 4 strands",,,677,677
1039,32 guns,MAIN TOPGALLANT,Tye,ALBERETTO DI VELACCIO MAESTRO — Tye/drizza del velaccio maestro,,86,,3,,24.26,086-ShipOf32Guns.jpg,MAIN TOPGALLANT — Tye,,,677,677
1040,32 guns,MAIN TOPGALLANT,Braces,ALBERETTO DI VELACCIO MAESTRO — Bracci del velaccio maestro,,86,,1.50,,12.13,086-ShipOf32Guns.jpg,MAIN TOPGALLANT — Braces,,,677,677
1041,32 guns,MAIN TOPGALLANT,"Lifts, single",ALBERETTO DI VELACCIO MAESTRO — Amantigli del velaccio maestro,,86,,2.50,,20.21,086-ShipOf32Guns.jpg,"MAIN TOPGALLANT — Lifts, single",,,677,677
1042,32 guns,MAIN TOPGALLANT,Clewlines,ALBERETTO DI VELACCIO MAESTRO — Imbrogli del velaccio maestro,,86,,1.50,,12.13,086-ShipOf32Guns.jpg,MAIN TOPGALLANT — Clewlines,,,677,677
1043,32 guns,MAIN TOPGALLANT,Bowlines,ALBERETTO DI VELACCIO MAESTRO — Boline del velaccio maestro,,86,,1.50,,12.13,086-ShipOf32Guns.jpg,MAIN TOPGALLANT — Bowlines,,,677,677
1044,32 guns,MIZEN MAST,"Shrouds, fine",ALBERO DI MEZZANA — Sartie di mezzana,,87,,5.50,,44.47,087-ShipOf32Guns.jpg,"MIZEN MAST — Shrouds, fine",,,677,677
1045,32 guns,MIZEN MAST,Ratling,ALBERO DI MEZZANA — Griselle di mezzana,,87,,1,,8.09,087-ShipOf32Guns.jpg,MIZEN MAST — Ratling,,,677,677
1046,32 guns,MIZEN MAST,"Stay, cabled 4 strands fine",ALBERO DI MEZZANA — Strallo di mezzana,,87,,6,,48.51,087-ShipOf32Guns.jpg,"MIZEN MAST — Stay, cabled 4 strands fine",,,677,677
1047,32 guns,MIZEN MAST,Jeers,ALBERO DI MEZZANA — Jeers della mezzana,,87,,4,,32.34,087-ShipOf32Guns.jpg,MIZEN MAST — Jeers,,,677,677
1048,32 guns,MIZEN MAST,Vang pendants,ALBERO DI MEZZANA — Pendenti dei vang della mezzana,,87,,3.50,,28.30,087-ShipOf32Guns.jpg,MIZEN MAST — Vang pendants,,,677,677
1049,32 guns,MIZEN MAST,Bowlines,ALBERO DI MEZZANA — Boline della mezzana,,87,,2.50,,20.21,087-ShipOf32Guns.jpg,MIZEN MAST — Bowlines,,,677,677
1050,32 guns,CROSS-JACK YARD,Braces,VERGASECCA — Bracci della vergasecca,,87,,2,,16.17,087-ShipOf32Guns.jpg,CROSS-JACK YARD — Braces,,,677,677
1051,32 guns,CROSS-JACK YARD,"Lifts, running",VERGASECCA — Amantigli della vergasecca,,87,,2,,16.17,087-ShipOf32Guns.jpg,"CROSS-JACK YARD — Lifts, running",,,677,677
1052,32 guns,MIZEN TOPMAST,"Shrouds, fine",ALBERETTO DI CONTROMEZZANA — Sartie di contromezzana,,87,,3.50,,28.30,087-ShipOf32Guns.jpg,"MIZEN TOPMAST — Shrouds, fine",,,677,677
1053,32 guns,MIZEN TOPMAST,Ratling,ALBERETTO DI CONTROMEZZANA — Griselle di contromezzana,,87,,1,,8.09,087-ShipOf32Guns.jpg,MIZEN TOPMAST — Ratling,,,677,677
1054,32 guns,MIZEN TOPMAST,"Standing backstays, fine",ALBERETTO DI CONTROMEZZANA — Paterazzi fissi di contromezzana,,87,,3.50,,28.30,087-ShipOf32Guns.jpg,"MIZEN TOPMAST — Standing backstays, fine",,,677,677
1055,32 guns,MIZEN TOPMAST,"Stay, cabled 4 strands fine",ALBERETTO DI CONTROMEZZANA — Strallo di contromezzana,,87,,4,,32.34,087-ShipOf32Guns.jpg,"MIZEN TOPMAST — Stay, cabled 4 strands fine",,,677,677
1056,32 guns,MIZEN TOPGALLANT,Shrouds,ALBERETTO DI BELVEDERE — Sartie di belvedere,,88,,2,,16.17,088-ShipOf32Guns.jpg,MIZEN TOPGALLANT — Shrouds,,,677,677
1057,32 guns,MIZEN TOPGALLANT,Backstays,ALBERETTO DI BELVEDERE — Paterazzi di belvedere,,88,,2,,16.17,088-ShipOf32Guns.jpg,MIZEN TOPGALLANT — Backstays,,,677,677
1058,32 guns,MIZEN TOPGALLANT,Stay,ALBERETTO DI BELVEDERE — Strallo di belvedere,,88,,2.50,,20.21,088-ShipOf32Guns.jpg,MIZEN TOPGALLANT — Stay,,,677,677
1059,32 guns,MIZEN TOPGALLANT,Tye,ALBERETTO DI BELVEDERE — Tye/drizza di belvedere,,88,,2,,16.17,088-ShipOf32Guns.jpg,MIZEN TOPGALLANT — Tye,,,677,677
1060,32 guns,NECESSARY ROPES,Winding tackle pendant,CORDAMI DI SERVIZIO — Pendante del paranco di tonneggio,,88,,8.50,,68.72,088-ShipOf32Guns.jpg,NECESSARY ROPES — Winding tackle pendant,,,677,677
1061,32 guns,NECESSARY ROPES,Cat falls,CORDAMI DI SERVIZIO — Cavi di caponatura dell'ancora,,88,,4,,32.34,088-ShipOf32Guns.jpg,NECESSARY ROPES — Cat falls,,,677,677
1062,32 guns,NECESSARY ROPES,Fish tackle pendant,CORDAMI DI SERVIZIO — Pendante del paranco di pescaggio dell'ancora,,88,,7,,56.60,088-ShipOf32Guns.jpg,NECESSARY ROPES — Fish tackle pendant,,,677,677
1063,32 guns,NECESSARY ROPES,Fish tackle fall,CORDAMI DI SERVIZIO — Corrente del paranco di pescaggio dell'ancora,,88,,3.50,,28.30,088-ShipOf32Guns.jpg,NECESSARY ROPES — Fish tackle fall,,,677,677
1064,32 guns,NECESSARY ROPES,Anchor stock tackle fall,CORDAMI DI SERVIZIO — Corrente paranco del ceppo d'ancora,,88,,2.50,,20.21,088-ShipOf32Guns.jpg,NECESSARY ROPES — Anchor stock tackle fall,,,677,677
1065,32 guns,NECESSARY ROPES,Bill pendant,CORDAMI DI SERVIZIO — Pendante Bill,,88,,4,,32.34,088-ShipOf32Guns.jpg,NECESSARY ROPES — Bill pendant,,,677,677
1066,32 guns,NECESSARY ROPES,Stoppers — sheet/best/small bower/spare,CORDAMI DI SERVIZIO — Bozze delle ancore principali,,88,,6,,48.51,088-ShipOf32Guns.jpg,NECESSARY ROPES — Stoppers — sheet/best/small bower/spare,,,677,677
1067,32 guns,NECESSARY ROPES,"Wing, cabled",CORDAMI DI SERVIZIO — Cavo wing,,88,,6,,48.51,088-ShipOf32Guns.jpg,"NECESSARY ROPES — Wing, cabled",,,677,677
1068,32 guns,NECESSARY ROPES,Dog,CORDAMI DI SERVIZIO — Cavo dog,,88,,6,,48.51,088-ShipOf32Guns.jpg,NECESSARY ROPES — Dog,,,677,677
1069,32 guns,NECESSARY ROPES,"Stream anchor, cabled",CORDAMI DI SERVIZIO — Gomena dell'ancora di corrente,,88,,4,,32.34,088-ShipOf32Guns.jpg,"NECESSARY ROPES — Stream anchor, cabled",,,677,677
1070,32 guns,NECESSARY ROPES,Kedge,CORDAMI DI SERVIZIO — Gomena dell'ancorotto,,88,,3,,24.26,088-ShipOf32Guns.jpg,NECESSARY ROPES — Kedge,,,677,677
1071,32 guns,NECESSARY ROPES,"Deck & bit, cabled",CORDAMI DI SERVIZIO — Cavi di coperta e bitte,,88,,8,,64.68,088-ShipOf32Guns.jpg,"NECESSARY ROPES — Deck & bit, cabled",,,677,677
1072,32 guns,NECESSARY ROPES,Shank painters — sheet anchor,CORDAMI DI SERVIZIO — Shank painter dell'ancora di posta,,89,,5.50,,44.47,089-ShipOf32Guns.jpg,NECESSARY ROPES — Shank painters — sheet anchor,,,677,677
1073,32 guns,NECESSARY ROPES,Shank painters — best bower,CORDAMI DI SERVIZIO — Shank painter best bower,,89,,5.50,,44.47,089-ShipOf32Guns.jpg,NECESSARY ROPES — Shank painters — best bower,,,677,677
1074,32 guns,NECESSARY ROPES,Shank painters — small bower,CORDAMI DI SERVIZIO — Shank painter small bower,,89,,5.50,,44.47,089-ShipOf32Guns.jpg,NECESSARY ROPES — Shank painters — small bower,,,677,677
1075,32 guns,NECESSARY ROPES,Shank painters — spare,CORDAMI DI SERVIZIO — Shank painter di rispetto,,89,,5.50,,44.47,089-ShipOf32Guns.jpg,NECESSARY ROPES — Shank painters — spare,,,677,677
1076,32 guns,NECESSARY ROPES,Buoy ropes — sheet anchor,CORDAMI DI SERVIZIO — Cima boa dell'ancora di posta,,89,,5.50,,44.47,089-ShipOf32Guns.jpg,NECESSARY ROPES — Buoy ropes — sheet anchor,,,677,677
1077,32 guns,NECESSARY ROPES,Buoy ropes — best bower,CORDAMI DI SERVIZIO — Cima boa best bower,,89,,5.50,,44.47,089-ShipOf32Guns.jpg,NECESSARY ROPES — Buoy ropes — best bower,,,677,677
1078,32 guns,NECESSARY ROPES,Buoy ropes — small bower,CORDAMI DI SERVIZIO — Cima boa small bower,,89,,5.50,,44.47,089-ShipOf32Guns.jpg,NECESSARY ROPES — Buoy ropes — small bower,,,677,677
1079,32 guns,NECESSARY ROPES,"Stream anchor, cabled",CORDAMI DI SERVIZIO — Gomena ancora di corrente,,89,,3.50,,28.30,089-ShipOf32Guns.jpg,"NECESSARY ROPES — Stream anchor, cabled",,,677,677
1080,32 guns,NECESSARY ROPES,"Kedge, cabled",CORDAMI DI SERVIZIO — Gomena ancorotto,,89,,3,,24.26,089-ShipOf32Guns.jpg,"NECESSARY ROPES — Kedge, cabled",,,677,677
1081,32 guns,NECESSARY ROPES,"Rudder pendants, cabled",CORDAMI DI SERVIZIO — Pendenti del timone,,89,,5,,40.43,089-ShipOf32Guns.jpg,"NECESSARY ROPES — Rudder pendants, cabled",,,677,677
1082,32 guns,NECESSARY ROPES,Gun,CORDAMI DI SERVIZIO — Cordame per cannone (voce Steel 'Gun'),,89,,6,,48.51,089-ShipOf32Guns.jpg,NECESSARY ROPES — Gun,,,677,677
1083,32 guns,LONGBOAT,Burton pendants,LANCIA — Pendenti Burton della lancia,,89,,3.50,,28.30,089-ShipOf32Guns.jpg,LONGBOAT — Burton pendants,,,677,677
1084,32 guns,LONGBOAT,Shrouds,LANCIA — Sartie della lancia,,89,,3,,24.26,089-ShipOf32Guns.jpg,LONGBOAT — Shrouds,,,677,677
1085,32 guns,LONGBOAT,Stay,LANCIA — Strallo della lancia,,89,,3.50,,28.30,089-ShipOf32Guns.jpg,LONGBOAT — Stay,,,677,677
1086,32 guns,LONGBOAT,Main halliard,LANCIA — Drizza maestra della lancia,,89,,1.50,,12.13,089-ShipOf32Guns.jpg,LONGBOAT — Main halliard,,,677,677
1087,32 guns,LONGBOAT,"Boat-rope, cabled",LANCIA — Cavo della lancia,,89,,6,,48.51,089-ShipOf32Guns.jpg,"LONGBOAT — Boat-rope, cabled",,,677,677
1088,32 guns,PINNACE,Halliards main and fore,PINNACCIA — Drizze maestra e trinchetto della pinnaccia,,90,,1.50,,12.13,090-ShipOf32Guns.jpg,PINNACE — Halliards main and fore,,,677,677
1089,32 guns,PINNACE,Sheets,PINNACCIA — Scotte della pinnaccia,,90,,1.50,,12.13,090-ShipOf32Guns.jpg,PINNACE — Sheets,,,677,677
1090,32 guns,PINNACE,"Grapnel-rope, cabled",PINNACCIA — Gomena del grappino della pinnaccia,,90,,3.50,,28.30,090-ShipOf32Guns.jpg,"PINNACE — Grapnel-rope, cabled",,,677,677
1091,32 guns,PINNACE,Painter,PINNACCIA — Barbetta della pinnaccia,,90,,3.50,,28.30,090-ShipOf32Guns.jpg,PINNACE — Painter,,,677,677
1092,32 guns,YAWL OR CUTTER,Halliards (if cutters),IOLE / CUTTER — Drizze della iole/cutter,,90,,2,,16.17,090-ShipOf32Guns.jpg,YAWL OR CUTTER — Halliards (if cutters),,,677,677
1093,32 guns,YAWL OR CUTTER,Sheets,IOLE / CUTTER — Scotte della iole/cutter,,90,,2 / 1.5,,14.15,090-ShipOf32Guns.jpg,YAWL OR CUTTER — Sheets,,Steel riporta due circonferenze nella stessa voce aggregata del database.,677,677
1094,32 guns,YAWL OR CUTTER,"Grapnel-rope, cabled",IOLE / CUTTER — Gomena del grappino della iole/cutter,,90,,3.50,,28.30,090-ShipOf32Guns.jpg,"YAWL OR CUTTER — Grapnel-rope, cabled",,,677,677
1095,32 guns,YAWL OR CUTTER,Painter,IOLE / CUTTER — Barbetta della iole/cutter,,90,,3.50,,28.30,090-ShipOf32Guns.jpg,YAWL OR CUTTER — Painter,,,677,677
1096,32 guns,NECESSARY ROPES,"Viol, cabled",CORDAMI DI SERVIZIO — Viol / grande cavo di tonneggio,,88,,,,76.81,088-ShipOf32Guns.jpg,"NECESSARY ROPES — Viol, cabled",,Circonferenza non leggibile con sufficiente certezza dalla tavola p.88; nessuna interpolazione. | Ø dedotto dalle classi Steel contigue; circonferenza originale non ricostruita.,677,677
1097,32 guns,LONGBOAT,Tye,LANCIA — Tye della lancia,,89,,,,12.13,089-ShipOf32Guns.jpg,LONGBOAT — Tye,,Circonferenza non leggibile con sufficiente certezza dalla tavola p.89; nessuna interpolazione. | Ø dedotto dalle classi Steel contigue; circonferenza originale non ricostruita.,677,677
1098,28 guns,BOWSPRIT,Woolding,BOMPRESSO — Cerchiatura/legatura del bompresso,,91,,2.50,,20.21,091-ShipOf28Guns.jpg,BOWSPRIT — Woolding,,,594,594
1099,28 guns,BOWSPRIT,Gammonings,BOMPRESSO — Legature (gammoning) del bompresso,,91,,5.50,,44.47,091-ShipOf28Guns.jpg,BOWSPRIT — Gammonings,,,594,594
1100,28 guns,BOWSPRIT,"Shrouds, fine",BOMPRESSO — Briglie/sartie del bompresso,,91,,5.50,,44.47,091-ShipOf28Guns.jpg,"BOWSPRIT — Shrouds, fine",,,594,594
1101,28 guns,BOWSPRIT,"Bobstays, cabled fine",BOMPRESSO — Stragli inferiori del bompresso (bobstays),,91,,6.50,,52.55,091-ShipOf28Guns.jpg,"BOWSPRIT — Bobstays, cabled fine",,,594,594
1102,28 guns,SPRITSAIL,Braces,CIVADA — Bracci del pennone di civada,,91,,2.50,,20.21,091-ShipOf28Guns.jpg,SPRITSAIL — Braces,,,594,594
1103,28 guns,SPRITSAIL,Lifts,CIVADA — Amantigli del pennone di civada,,91,,2.50,,20.21,091-ShipOf28Guns.jpg,SPRITSAIL — Lifts,,,594,594
1104,28 guns,SPRITSAIL,Halliard,CIVADA — Drizza del pennone di civada,,91,,2.50,,20.21,091-ShipOf28Guns.jpg,SPRITSAIL — Halliard,,,594,594
1105,28 guns,SPRITSAIL,Clew-lines,CIVADA — Imbrogli della civada,,91,,2,,16.17,091-ShipOf28Guns.jpg,SPRITSAIL — Clew-lines,,,594,594
1106,28 guns,SPRITSAIL,Buntlines,CIVADA — Caricaboline della civada,,91,,1.50,,12.13,091-ShipOf28Guns.jpg,SPRITSAIL — Buntlines,,,594,594
1107,28 guns,SPRITSAIL,"Sheets, cabled single",CIVADA — Scotte della civada,,91,,3.50,,28.30,091-ShipOf28Guns.jpg,"SPRITSAIL — Sheets, cabled single",,,594,594
1108,28 guns,FORE MAST,"Shrouds, cabled fine",ALBERO DI TRINCHETTO — Sartie di trinchetto,,92,,8,,64.68,092-ShipOf28Guns.jpg,"FORE MAST — Shrouds, cabled fine",,,594,594
1109,28 guns,FORE MAST,Ratling,ALBERO DI TRINCHETTO — Griselle di trinchetto,,92,,1.50,,12.13,092-ShipOf28Guns.jpg,FORE MAST — Ratling,,,594,594
1110,28 guns,FORE MAST,"Stay, cabled fine 4 strands",ALBERO DI TRINCHETTO — Strallo di trinchetto,,92,,11.50,,92.98,092-ShipOf28Guns.jpg,"FORE MAST — Stay, cabled fine 4 strands",,,594,594
1111,28 guns,FORE MAST,"Preventer stay, cabled 4 strands fine",ALBERO DI TRINCHETTO — Controstrallo di trinchetto,,92,,7.50,,60.64,092-ShipOf28Guns.jpg,"FORE MAST — Preventer stay, cabled 4 strands fine",,,594,594
1112,28 guns,FORE MAST,Catharpin legs,ALBERO DI TRINCHETTO — Catarpine di trinchetto,,92,,4.50,,36.38,092-ShipOf28Guns.jpg,FORE MAST — Catharpin legs,,,594,594
1113,28 guns,FORE MAST,Jeers — tye,ALBERO DI TRINCHETTO — Jeers/drizza del pennone di trinchetto,,92,,8,,64.68,092-ShipOf28Guns.jpg,FORE MAST — Jeers — tye,,,594,594
1114,28 guns,FORE MAST,Yard tackle pendants,ALBERO DI TRINCHETTO — Pendenti dei paranchi del pennone di trinchetto,,92,,3.50,,28.30,092-ShipOf28Guns.jpg,FORE MAST — Yard tackle pendants,,,594,594
1115,28 guns,FORE MAST,Braces,ALBERO DI TRINCHETTO — Bracci del pennone di trinchetto,,92,,3,,24.26,092-ShipOf28Guns.jpg,FORE MAST — Braces,,,594,594
1116,28 guns,FORE MAST,Brace pendants,ALBERO DI TRINCHETTO — Pendenti dei bracci di trinchetto,,92,,4,,32.34,092-ShipOf28Guns.jpg,FORE MAST — Brace pendants,,,594,594
1117,28 guns,FORE TOPMAST,Burton pendants,ALBERETTO DI PARROCCHETTO — Pendenti Burton di parrocchetto,,93,,4,,32.34,093-ShipOf28Guns.jpg,FORE TOPMAST — Burton pendants,,,594,594
1118,28 guns,FORE TOPMAST,"Shrouds, fine",ALBERETTO DI PARROCCHETTO — Sartie di parrocchetto,,93,,5,,40.43,093-ShipOf28Guns.jpg,"FORE TOPMAST — Shrouds, fine",,,594,594
1119,28 guns,FORE TOPMAST,Ratling,ALBERETTO DI PARROCCHETTO — Griselle di parrocchetto,,93,,1,,8.09,093-ShipOf28Guns.jpg,FORE TOPMAST — Ratling,,,594,594
1120,28 guns,FORE TOPMAST,"Standing backstays, fine",ALBERETTO DI PARROCCHETTO — Paterazzi fissi di parrocchetto,,93,,5,,40.43,093-ShipOf28Guns.jpg,"FORE TOPMAST — Standing backstays, fine",,,594,594
1121,28 guns,FORE TOPMAST,Breast backstay runners,ALBERETTO DI PARROCCHETTO — Corridori dei paterazzi laterali di parrocchetto,,93,,3.50,,28.30,093-ShipOf28Guns.jpg,FORE TOPMAST — Breast backstay runners,,,594,594
1122,28 guns,FORE TOPMAST,"Stay, cabled 4 strands fine",ALBERETTO DI PARROCCHETTO — Strallo di parrocchetto,,93,,5.50,,44.47,093-ShipOf28Guns.jpg,"FORE TOPMAST — Stay, cabled 4 strands fine",,,594,594
1123,28 guns,FORE TOPMAST,"Preventer stay, cabled 4 strands fine",ALBERETTO DI PARROCCHETTO — Controstrallo di parrocchetto,,93,,4,,32.34,093-ShipOf28Guns.jpg,"FORE TOPMAST — Preventer stay, cabled 4 strands fine",,,594,594
1124,28 guns,FORE TOPMAST,"Shifting backstays, fine",ALBERETTO DI PARROCCHETTO — Paterazzi volanti di parrocchetto,,93,,5,,40.43,093-ShipOf28Guns.jpg,"FORE TOPMAST — Shifting backstays, fine",,,594,594
1125,28 guns,FORE TOPMAST,"Futtock shrouds, fine",ALBERETTO DI PARROCCHETTO — Sartie di coffa di parrocchetto,,93,,5,,40.43,093-ShipOf28Guns.jpg,"FORE TOPMAST — Futtock shrouds, fine",,,594,594
1126,28 guns,FORE TOPMAST,"Top rope pendants, fine",ALBERETTO DI PARROCCHETTO — Pendenti del top-rope di parrocchetto,,93,,6.50,,52.55,093-ShipOf28Guns.jpg,"FORE TOPMAST — Top rope pendants, fine",,,594,594
1127,28 guns,FORE TOPMAST,Tye,ALBERETTO DI PARROCCHETTO — Tye/drizza del parrocchetto,,93,,4.50,,36.38,093-ShipOf28Guns.jpg,FORE TOPMAST — Tye,,,594,594
1128,28 guns,FORE TOPMAST,Braces,ALBERETTO DI PARROCCHETTO — Bracci del parrocchetto,,93,,2.50,,20.21,093-ShipOf28Guns.jpg,FORE TOPMAST — Braces,,,594,594
1129,28 guns,FORE TOPMAST,Lifts,ALBERETTO DI PARROCCHETTO — Amantigli del parrocchetto,,93,,3,,24.26,093-ShipOf28Guns.jpg,FORE TOPMAST — Lifts,,,594,594
1130,28 guns,FORE TOPMAST,Clewlines,ALBERETTO DI PARROCCHETTO — Imbrogli del parrocchetto,,93,,2.50,,20.21,093-ShipOf28Guns.jpg,FORE TOPMAST — Clewlines,,,594,594
1131,28 guns,FORE TOPMAST,Buntlines,ALBERETTO DI PARROCCHETTO — Caricaboline del parrocchetto,,93,,2,,16.17,093-ShipOf28Guns.jpg,FORE TOPMAST — Buntlines,,,594,594
1132,28 guns,FORE TOPMAST,Leechlines,ALBERETTO DI PARROCCHETTO — Caricascotte/leechlines del parrocchetto,,93,,1.50,,12.13,093-ShipOf28Guns.jpg,FORE TOPMAST — Leechlines,,,594,594
1133,28 guns,FORE TOPMAST,Bowlines,ALBERETTO DI PARROCCHETTO — Boline del parrocchetto,,93,,2.50,,20.21,093-ShipOf28Guns.jpg,FORE TOPMAST — Bowlines,,,594,594
1134,28 guns,FORE TOPMAST,Sheets,ALBERETTO DI PARROCCHETTO — Scotte del parrocchetto,,93,,5,,40.43,093-ShipOf28Guns.jpg,FORE TOPMAST — Sheets,,,594,594
1135,28 guns,MAIN MAST,"Shrouds, cabled fine",ALBERO MAESTRO — Sartie maestre,,94,,8,,64.68,094-ShipOf28Guns.jpg,"MAIN MAST — Shrouds, cabled fine",,,594,594
1136,28 guns,MAIN MAST,Ratling,ALBERO MAESTRO — Griselle maestre,,94,,1.50,,12.13,094-ShipOf28Guns.jpg,MAIN MAST — Ratling,,,594,594
1137,28 guns,MAIN MAST,"Stay, cabled 4 strands fine",ALBERO MAESTRO — Strallo maestro,,94,,12,,97.02,094-ShipOf28Guns.jpg,"MAIN MAST — Stay, cabled 4 strands fine",,,594,594
1138,28 guns,MAIN MAST,"Preventer stay, cabled 4 strands fine",ALBERO MAESTRO — Controstrallo maestro,,94,,8.50,,68.72,094-ShipOf28Guns.jpg,"MAIN MAST — Preventer stay, cabled 4 strands fine",,,594,594
1139,28 guns,MAIN MAST,Catharpin legs,ALBERO MAESTRO — Catarpine maestre,,94,,4.50,,36.38,094-ShipOf28Guns.jpg,MAIN MAST — Catharpin legs,,,594,594
1140,28 guns,MAIN MAST,Jeers — tye,ALBERO MAESTRO — Jeers/drizza del pennone maestro,,94,,8,,64.68,094-ShipOf28Guns.jpg,MAIN MAST — Jeers — tye,,,594,594
1141,28 guns,MAIN MAST,Yard tackle pendants,ALBERO MAESTRO — Pendenti dei paranchi del pennone maestro,,94,,5.50,,44.47,094-ShipOf28Guns.jpg,MAIN MAST — Yard tackle pendants,,,594,594
1142,28 guns,MAIN MAST,Braces,ALBERO MAESTRO — Bracci del pennone maestro,,94,,3,,24.26,094-ShipOf28Guns.jpg,MAIN MAST — Braces,,,594,594
1143,28 guns,MAIN MAST,Brace pendants,ALBERO MAESTRO — Pendenti dei bracci maestri,,94,,4,,32.34,094-ShipOf28Guns.jpg,MAIN MAST — Brace pendants,,,594,594
1144,28 guns,MAIN MAST,Lifts,ALBERO MAESTRO — Amantigli del pennone maestro,,94,,3.50,,28.30,094-ShipOf28Guns.jpg,MAIN MAST — Lifts,,,594,594
1145,28 guns,MAIN COURSE,Clew-garnets,VELA MAESTRA — Caricascotte della maestra,,95,,3,,24.26,095-ShipOf28Guns.jpg,MAIN COURSE — Clew-garnets,,,594,594
1146,28 guns,MAIN COURSE,Buntline legs,VELA MAESTRA — Caricaboline della maestra,,95,,2,,16.17,095-ShipOf28Guns.jpg,MAIN COURSE — Buntline legs,,,594,594
1147,28 guns,MAIN COURSE,Leechline legs,VELA MAESTRA — Leechlines della maestra,,95,,2,,16.17,095-ShipOf28Guns.jpg,MAIN COURSE — Leechline legs,,,594,594
1148,28 guns,MAIN COURSE,Slablines,VELA MAESTRA — Slablines della maestra,,95,,1.50,,12.13,095-ShipOf28Guns.jpg,MAIN COURSE — Slablines,,,594,594
1149,28 guns,MAIN COURSE,Bowlines,VELA MAESTRA — Boline della maestra,,95,,3.50,,28.30,095-ShipOf28Guns.jpg,MAIN COURSE — Bowlines,,,594,594
1150,28 guns,MAIN COURSE,"Sheets, cabled",VELA MAESTRA — Scotte della maestra,,95,,5,,40.43,095-ShipOf28Guns.jpg,"MAIN COURSE — Sheets, cabled",,,594,594
1151,28 guns,MAIN COURSE,"Tacks, taper and cabled",VELA MAESTRA — Mure della maestra,,95,,6.50,,52.55,095-ShipOf28Guns.jpg,"MAIN COURSE — Tacks, taper and cabled",,,594,594
1152,28 guns,MAIN TOPMAST,Burton pendants,ALBERETTO DI GABBIA MAESTRA — Pendenti Burton di gabbia maestra,,95,,4,,32.34,095-ShipOf28Guns.jpg,MAIN TOPMAST — Burton pendants,,,594,594
1153,28 guns,MAIN TOPMAST,"Shrouds, fine",ALBERETTO DI GABBIA MAESTRA — Sartie di gabbia maestra,,95,,5.50,,44.47,095-ShipOf28Guns.jpg,"MAIN TOPMAST — Shrouds, fine",,,594,594
1154,28 guns,MAIN TOPMAST,Ratling,ALBERETTO DI GABBIA MAESTRA — Griselle di gabbia maestra,,95,,1,,8.09,095-ShipOf28Guns.jpg,MAIN TOPMAST — Ratling,,,594,594
1155,28 guns,MAIN TOPMAST,"Standing backstays, fine",ALBERETTO DI GABBIA MAESTRA — Paterazzi fissi di gabbia maestra,,95,,5,,40.43,095-ShipOf28Guns.jpg,"MAIN TOPMAST — Standing backstays, fine",,,594,594
1156,28 guns,MAIN TOPMAST,Breast backstay runners,ALBERETTO DI GABBIA MAESTRA — Corridori paterazzi laterali di gabbia,,95,,3.50,,28.30,095-ShipOf28Guns.jpg,MAIN TOPMAST — Breast backstay runners,,,594,594
1157,28 guns,MAIN TOPMAST,"Stay, cabled 4 strands fine",ALBERETTO DI GABBIA MAESTRA — Strallo di gabbia maestra,,95,,6,,48.51,095-ShipOf28Guns.jpg,"MAIN TOPMAST — Stay, cabled 4 strands fine",,,594,594
1158,28 guns,MAIN TOPMAST,"Preventer stay, cabled 4 strands fine",ALBERETTO DI GABBIA MAESTRA — Controstrallo di gabbia maestra,,95,,4.50,,36.38,095-ShipOf28Guns.jpg,"MAIN TOPMAST — Preventer stay, cabled 4 strands fine",,,594,594
1159,28 guns,MAIN TOPMAST,"Shifting backstays, fine",ALBERETTO DI GABBIA MAESTRA — Paterazzi volanti di gabbia maestra,,95,,5,,40.43,095-ShipOf28Guns.jpg,"MAIN TOPMAST — Shifting backstays, fine",,,594,594
1160,28 guns,MAIN TOPMAST,"Futtock shrouds, fine",ALBERETTO DI GABBIA MAESTRA — Sartie di coffa di gabbia maestra,,95,,5,,40.43,095-ShipOf28Guns.jpg,"MAIN TOPMAST — Futtock shrouds, fine",,,594,594
1161,28 guns,MAIN TOPMAST,"Top rope pendants, fine",ALBERETTO DI GABBIA MAESTRA — Pendenti top-rope di gabbia maestra,,95,,6.50,,52.55,095-ShipOf28Guns.jpg,"MAIN TOPMAST — Top rope pendants, fine",,,594,594
1162,28 guns,MAIN TOPGALLANT,Shrouds,ALBERETTO DI VELACCIO MAESTRO — Sartie di velaccio maestro,,96,,3,,24.26,096-ShipOf28Guns.jpg,MAIN TOPGALLANT — Shrouds,,,594,594
1163,28 guns,MAIN TOPGALLANT,Standing backstays,ALBERETTO DI VELACCIO MAESTRO — Paterazzi fissi di velaccio maestro,,96,,3,,24.26,096-ShipOf28Guns.jpg,MAIN TOPGALLANT — Standing backstays,,,594,594
1164,28 guns,MAIN TOPGALLANT,"Stay, cabled 4 strands",ALBERETTO DI VELACCIO MAESTRO — Strallo di velaccio maestro,,96,,3.50,,28.30,096-ShipOf28Guns.jpg,"MAIN TOPGALLANT — Stay, cabled 4 strands",,,594,594
1165,28 guns,MAIN TOPGALLANT,Tye,ALBERETTO DI VELACCIO MAESTRO — Tye/drizza del velaccio maestro,,96,,3,,24.26,096-ShipOf28Guns.jpg,MAIN TOPGALLANT — Tye,,,594,594
1166,28 guns,MAIN TOPGALLANT,Braces,ALBERETTO DI VELACCIO MAESTRO — Bracci del velaccio maestro,,96,,1.50,,12.13,096-ShipOf28Guns.jpg,MAIN TOPGALLANT — Braces,,,594,594
1167,28 guns,MAIN TOPGALLANT,"Lifts, single",ALBERETTO DI VELACCIO MAESTRO — Amantigli del velaccio maestro,,96,,2.50,,20.21,096-ShipOf28Guns.jpg,"MAIN TOPGALLANT — Lifts, single",,,594,594
1168,28 guns,MAIN TOPGALLANT,Clewlines,ALBERETTO DI VELACCIO MAESTRO — Imbrogli del velaccio maestro,,96,,1.50,,12.13,096-ShipOf28Guns.jpg,MAIN TOPGALLANT — Clewlines,,,594,594
1169,28 guns,MAIN TOPGALLANT,Bowlines,ALBERETTO DI VELACCIO MAESTRO — Boline del velaccio maestro,,96,,1.50,,12.13,096-ShipOf28Guns.jpg,MAIN TOPGALLANT — Bowlines,,,594,594
1170,28 guns,MIZEN MAST,"Shrouds, fine",ALBERO DI MEZZANA — Sartie di mezzana,,97,,5,,40.43,097-ShipOf28Guns.jpg,"MIZEN MAST — Shrouds, fine",,,594,594
1171,28 guns,MIZEN MAST,Ratling,ALBERO DI MEZZANA — Griselle di mezzana,,97,,1,,8.09,097-ShipOf28Guns.jpg,MIZEN MAST — Ratling,,,594,594
1172,28 guns,MIZEN MAST,"Stay, cabled 4 strands fine",ALBERO DI MEZZANA — Strallo di mezzana,,97,,6,,48.51,097-ShipOf28Guns.jpg,"MIZEN MAST — Stay, cabled 4 strands fine",,,594,594
1173,28 guns,MIZEN MAST,Jeers,ALBERO DI MEZZANA — Jeers della mezzana,,97,,4,,32.34,097-ShipOf28Guns.jpg,MIZEN MAST — Jeers,,,594,594
1174,28 guns,MIZEN MAST,Vang pendants,ALBERO DI MEZZANA — Pendenti dei vang della mezzana,,97,,3.50,,28.30,097-ShipOf28Guns.jpg,MIZEN MAST — Vang pendants,,,594,594
1175,28 guns,MIZEN MAST,Bowlines,ALBERO DI MEZZANA — Boline della mezzana,,97,,2.50,,20.21,097-ShipOf28Guns.jpg,MIZEN MAST — Bowlines,,,594,594
1176,28 guns,CROSS-JACK YARD,Braces,VERGASECCA — Bracci della vergasecca,,97,,2.50,,20.21,097-ShipOf28Guns.jpg,CROSS-JACK YARD — Braces,,,594,594
1177,28 guns,CROSS-JACK YARD,"Lifts, running",VERGASECCA — Amantigli della vergasecca,,97,,2,,16.17,097-ShipOf28Guns.jpg,"CROSS-JACK YARD — Lifts, running",,,594,594
1178,28 guns,MIZEN TOPMAST,"Shrouds, fine",ALBERETTO DI CONTROMEZZANA — Sartie di contromezzana,,97,,3.50,,28.30,097-ShipOf28Guns.jpg,"MIZEN TOPMAST — Shrouds, fine",,,594,594
1179,28 guns,MIZEN TOPMAST,Ratling,ALBERETTO DI CONTROMEZZANA — Griselle di contromezzana,,97,,1,,8.09,097-ShipOf28Guns.jpg,MIZEN TOPMAST — Ratling,,,594,594
1180,28 guns,MIZEN TOPMAST,"Standing backstays, fine",ALBERETTO DI CONTROMEZZANA — Paterazzi fissi di contromezzana,,97,,3.50,,28.30,097-ShipOf28Guns.jpg,"MIZEN TOPMAST — Standing backstays, fine",,,594,594
1181,28 guns,MIZEN TOPMAST,"Stay, cabled 4 strands fine",ALBERETTO DI CONTROMEZZANA — Strallo di contromezzana,,97,,4,,32.34,097-ShipOf28Guns.jpg,"MIZEN TOPMAST — Stay, cabled 4 strands fine",,,594,594
1182,28 guns,MIZEN TOPGALLANT,Shrouds,ALBERETTO DI BELVEDERE — Sartie di belvedere,,98,,2,,16.17,098-ShipOf28Guns.jpg,MIZEN TOPGALLANT — Shrouds,,,594,594
1183,28 guns,MIZEN TOPGALLANT,Backstays,ALBERETTO DI BELVEDERE — Paterazzi di belvedere,,98,,2,,16.17,098-ShipOf28Guns.jpg,MIZEN TOPGALLANT — Backstays,,,594,594
1184,28 guns,MIZEN TOPGALLANT,Stay,ALBERETTO DI BELVEDERE — Strallo di belvedere,,98,,2.50,,20.21,098-ShipOf28Guns.jpg,MIZEN TOPGALLANT — Stay,,,594,594
1185,28 guns,MIZEN TOPGALLANT,Tye,ALBERETTO DI BELVEDERE — Tye/drizza di belvedere,,98,,2,,16.17,098-ShipOf28Guns.jpg,MIZEN TOPGALLANT — Tye,,,594,594
1186,28 guns,NECESSARY ROPES,"Viol, cabled",CORDAMI DI SERVIZIO — Viol / grande cavo di tonneggio,,98,,,,72.77,098-ShipOf28Guns.jpg,"NECESSARY ROPES — Viol, cabled",,Circonferenza non leggibile con sufficiente certezza dalla tavola p.98; nessuna interpolazione. | Ø dedotto dalle classi Steel contigue; circonferenza originale non ricostruita.,594,594
1187,28 guns,NECESSARY ROPES,Winding tackle pendant,CORDAMI DI SERVIZIO — Pendante del paranco di tonneggio,,98,,8.50,,68.72,098-ShipOf28Guns.jpg,NECESSARY ROPES — Winding tackle pendant,,,594,594
1188,28 guns,NECESSARY ROPES,Cat falls,CORDAMI DI SERVIZIO — Cavi di caponatura dell'ancora,,98,,4,,32.34,098-ShipOf28Guns.jpg,NECESSARY ROPES — Cat falls,,,594,594
1189,28 guns,NECESSARY ROPES,Fish tackle pendant,CORDAMI DI SERVIZIO — Pendante del paranco di pescaggio dell'ancora,,98,,6.50,,52.55,098-ShipOf28Guns.jpg,NECESSARY ROPES — Fish tackle pendant,,,594,594
1190,28 guns,NECESSARY ROPES,Fish tackle fall,CORDAMI DI SERVIZIO — Corrente del paranco di pescaggio dell'ancora,,98,,3.50,,28.30,098-ShipOf28Guns.jpg,NECESSARY ROPES — Fish tackle fall,,,594,594
1191,28 guns,NECESSARY ROPES,Anchor stock tackle fall,CORDAMI DI SERVIZIO — Corrente paranco del ceppo d'ancora,,98,,2.50,,20.21,098-ShipOf28Guns.jpg,NECESSARY ROPES — Anchor stock tackle fall,,,594,594
1192,28 guns,NECESSARY ROPES,Bill pendant,CORDAMI DI SERVIZIO — Pendante Bill,,98,,4,,32.34,098-ShipOf28Guns.jpg,NECESSARY ROPES — Bill pendant,,,594,594
1193,28 guns,NECESSARY ROPES,Stoppers — sheet/best/small bower/spare,CORDAMI DI SERVIZIO — Bozze delle ancore principali,,98,,6,,48.51,098-ShipOf28Guns.jpg,NECESSARY ROPES — Stoppers — sheet/best/small bower/spare,,,594,594
1194,28 guns,NECESSARY ROPES,"Wing, cabled",CORDAMI DI SERVIZIO — Cavo wing,,98,,6,,48.51,098-ShipOf28Guns.jpg,"NECESSARY ROPES — Wing, cabled",,,594,594
1195,28 guns,NECESSARY ROPES,Dog,CORDAMI DI SERVIZIO — Cavo dog,,98,,6,,48.51,098-ShipOf28Guns.jpg,NECESSARY ROPES — Dog,,,594,594
1196,28 guns,NECESSARY ROPES,"Stream anchor, cabled",CORDAMI DI SERVIZIO — Gomena dell'ancora di corrente,,98,,4,,32.34,098-ShipOf28Guns.jpg,"NECESSARY ROPES — Stream anchor, cabled",,,594,594
1197,28 guns,NECESSARY ROPES,Kedge,CORDAMI DI SERVIZIO — Gomena dell'ancorotto,,98,,3,,24.26,098-ShipOf28Guns.jpg,NECESSARY ROPES — Kedge,,,594,594
1198,28 guns,NECESSARY ROPES,"Deck & bit, cabled",CORDAMI DI SERVIZIO — Cavi di coperta e bitte,,98,,8,,64.68,098-ShipOf28Guns.jpg,"NECESSARY ROPES — Deck & bit, cabled",,,594,594
1199,28 guns,NECESSARY ROPES,Shank painters — sheet anchor,CORDAMI DI SERVIZIO — Shank painter dell'ancora di posta,,99,,5.50,,44.47,099-ShipOf28Guns.jpg,NECESSARY ROPES — Shank painters — sheet anchor,,,594,594
1200,28 guns,NECESSARY ROPES,Shank painters — best bower,CORDAMI DI SERVIZIO — Shank painter best bower,,99,,5.50,,44.47,099-ShipOf28Guns.jpg,NECESSARY ROPES — Shank painters — best bower,,,594,594
1201,28 guns,NECESSARY ROPES,Shank painters — small bower,CORDAMI DI SERVIZIO — Shank painter small bower,,99,,5.50,,44.47,099-ShipOf28Guns.jpg,NECESSARY ROPES — Shank painters — small bower,,,594,594
1202,28 guns,NECESSARY ROPES,Shank painters — spare,CORDAMI DI SERVIZIO — Shank painter di rispetto,,99,,5.50,,44.47,099-ShipOf28Guns.jpg,NECESSARY ROPES — Shank painters — spare,,,594,594
1203,28 guns,NECESSARY ROPES,Buoy ropes — sheet anchor,CORDAMI DI SERVIZIO — Cima boa dell'ancora di posta,,99,,5,,40.43,099-ShipOf28Guns.jpg,NECESSARY ROPES — Buoy ropes — sheet anchor,,,594,594
1204,28 guns,NECESSARY ROPES,Buoy ropes — best bower,CORDAMI DI SERVIZIO — Cima boa best bower,,99,,5,,40.43,099-ShipOf28Guns.jpg,NECESSARY ROPES — Buoy ropes — best bower,,,594,594
1205,28 guns,NECESSARY ROPES,Buoy ropes — small bower,CORDAMI DI SERVIZIO — Cima boa small bower,,99,,5,,40.43,099-ShipOf28Guns.jpg,NECESSARY ROPES — Buoy ropes — small bower,,,594,594
1206,28 guns,NECESSARY ROPES,"Stream anchor, cabled",CORDAMI DI SERVIZIO — Gomena ancora di corrente,,99,,3.50,,28.30,099-ShipOf28Guns.jpg,"NECESSARY ROPES — Stream anchor, cabled",,,594,594
1207,28 guns,NECESSARY ROPES,"Kedge, cabled",CORDAMI DI SERVIZIO — Gomena ancorotto,,99,,3,,24.26,099-ShipOf28Guns.jpg,"NECESSARY ROPES — Kedge, cabled",,,594,594
1208,28 guns,NECESSARY ROPES,"Rudder pendants, cabled",CORDAMI DI SERVIZIO — Pendenti del timone,,99,,5,,40.43,099-ShipOf28Guns.jpg,"NECESSARY ROPES — Rudder pendants, cabled",,,594,594
1209,28 guns,NECESSARY ROPES,Gun,CORDAMI DI SERVIZIO — Cordame per cannone (voce Steel 'Gun'),,99,,6,,48.51,099-ShipOf28Guns.jpg,NECESSARY ROPES — Gun,,,594,594
1210,28 guns,LONGBOAT,Burton pendants,LANCIA — Pendenti Burton della lancia,,99,,3,,24.26,099-ShipOf28Guns.jpg,LONGBOAT — Burton pendants,,,594,594
1211,28 guns,LONGBOAT,Shrouds,LANCIA — Sartie della lancia,,99,,3,,24.26,099-ShipOf28Guns.jpg,LONGBOAT — Shrouds,,,594,594
1212,28 guns,LONGBOAT,Stay,LANCIA — Strallo della lancia,,99,,3.50,,28.30,099-ShipOf28Guns.jpg,LONGBOAT — Stay,,,594,594
1213,28 guns,LONGBOAT,Tye,LANCIA — Tye della lancia,,99,,,,12.13,099-ShipOf28Guns.jpg,LONGBOAT — Tye,,Circonferenza non leggibile con sufficiente certezza dalla tavola p.99; nessuna interpolazione. | Ø dedotto dalle classi Steel contigue; circonferenza originale non ricostruita.,594,594
1214,28 guns,LONGBOAT,Main halliard,LANCIA — Drizza maestra della lancia,,99,,1.50,,12.13,099-ShipOf28Guns.jpg,LONGBOAT — Main halliard,,,594,594
1215,28 guns,LONGBOAT,"Boat-rope, cabled",LANCIA — Cavo della lancia,,99,,5.50,,44.47,099-ShipOf28Guns.jpg,"LONGBOAT — Boat-rope, cabled",,,594,594
1216,28 guns,PINNACE,Halliards main and fore,PINNACCIA — Drizze maestra e trinchetto della pinnaccia,,100,,1.50,,12.13,100-ShipOf28Guns.jpg,PINNACE — Halliards main and fore,,,594,594
1217,28 guns,PINNACE,Sheets,PINNACCIA — Scotte della pinnaccia,,100,,1.50,,12.13,100-ShipOf28Guns.jpg,PINNACE — Sheets,,,594,594
1218,28 guns,PINNACE,"Grapnel-rope, cabled",PINNACCIA — Gomena del grappino della pinnaccia,,100,,3.50,,28.30,100-ShipOf28Guns.jpg,"PINNACE — Grapnel-rope, cabled",,,594,594
1219,28 guns,PINNACE,Painter,PINNACCIA — Barbetta della pinnaccia,,100,,3.50,,28.30,100-ShipOf28Guns.jpg,PINNACE — Painter,,,594,594
1220,28 guns,YAWL OR CUTTER,Halliards (if cutters),IOLE / CUTTER — Drizze della iole/cutter,,100,,2,,16.17,100-ShipOf28Guns.jpg,YAWL OR CUTTER — Halliards (if cutters),,,594,594
1221,28 guns,YAWL OR CUTTER,Sheets,IOLE / CUTTER — Scotte della iole/cutter,,100,,2 / 1.5,,14.15,100-ShipOf28Guns.jpg,YAWL OR CUTTER — Sheets,,Steel riporta due circonferenze nella stessa voce aggregata del database.,594,594
1222,28 guns,YAWL OR CUTTER,"Grapnel-rope, cabled",IOLE / CUTTER — Gomena del grappino della iole/cutter,,100,,3.50,,28.30,100-ShipOf28Guns.jpg,"YAWL OR CUTTER — Grapnel-rope, cabled",,,594,594
1223,28 guns,YAWL OR CUTTER,Painter,IOLE / CUTTER — Barbetta della iole/cutter,,100,,3.50,,28.30,100-ShipOf28Guns.jpg,YAWL OR CUTTER — Painter,,,594,594
1224,24 guns,BOWSPRIT,Woolding,BOMPRESSO — Cerchiatura/legatura del bompresso,,101,,2.50,,20.21,101-ShipOf24Guns.jpg,BOWSPRIT — Woolding,,,500,500
1225,24 guns,BOWSPRIT,Gammonings,BOMPRESSO — Legature (gammoning) del bompresso,,101,,5.50,,44.47,101-ShipOf24Guns.jpg,BOWSPRIT — Gammonings,,,500,500
1226,24 guns,BOWSPRIT,"Shrouds, fine",BOMPRESSO — Briglie/sartie del bompresso,,101,,5,,40.43,101-ShipOf24Guns.jpg,"BOWSPRIT — Shrouds, fine",,,500,500
1227,24 guns,BOWSPRIT,"Bobstays, cabled fine",BOMPRESSO — Stragli inferiori del bompresso (bobstays),,101,,6,,48.51,101-ShipOf24Guns.jpg,"BOWSPRIT — Bobstays, cabled fine",,,500,500
1228,24 guns,SPRITSAIL,Braces,CIVADA — Bracci del pennone di civada,,101,,2.50,,20.21,101-ShipOf24Guns.jpg,SPRITSAIL — Braces,,,500,500
1229,24 guns,SPRITSAIL,Lifts,CIVADA — Amantigli del pennone di civada,,101,,2.50,,20.21,101-ShipOf24Guns.jpg,SPRITSAIL — Lifts,,,500,500
1230,24 guns,SPRITSAIL,Halliard,CIVADA — Drizza del pennone di civada,,101,,2.50,,20.21,101-ShipOf24Guns.jpg,SPRITSAIL — Halliard,,,500,500
1231,24 guns,SPRITSAIL,Clew-lines,CIVADA — Imbrogli della civada,,101,,2,,16.17,101-ShipOf24Guns.jpg,SPRITSAIL — Clew-lines,,,500,500
1232,24 guns,SPRITSAIL,Buntlines,CIVADA — Caricaboline della civada,,101,,1.50,,12.13,101-ShipOf24Guns.jpg,SPRITSAIL — Buntlines,,,500,500
1233,24 guns,SPRITSAIL,"Sheets, cabled single",CIVADA — Scotte della civada,,101,,3.50,,28.30,101-ShipOf24Guns.jpg,"SPRITSAIL — Sheets, cabled single",,,500,500
1234,24 guns,FORE MAST,"Shrouds, cabled fine",ALBERO DI TRINCHETTO — Sartie di trinchetto,,102,,7.50,,60.64,102-ShipOf24Guns.jpg,"FORE MAST — Shrouds, cabled fine",,,500,500
1235,24 guns,FORE MAST,Ratling,ALBERO DI TRINCHETTO — Griselle di trinchetto,,102,,1.50,,12.13,102-ShipOf24Guns.jpg,FORE MAST — Ratling,,,500,500
1236,24 guns,FORE MAST,"Stay, cabled fine 4 strands",ALBERO DI TRINCHETTO — Strallo di trinchetto,,102,,11,,88.94,102-ShipOf24Guns.jpg,"FORE MAST — Stay, cabled fine 4 strands",,,500,500
1237,24 guns,FORE MAST,"Preventer stay, cabled 4 strands fine",ALBERO DI TRINCHETTO — Controstrallo di trinchetto,,102,,7,,56.60,102-ShipOf24Guns.jpg,"FORE MAST — Preventer stay, cabled 4 strands fine",,,500,500
1238,24 guns,FORE MAST,Catharpin legs,ALBERO DI TRINCHETTO — Catarpine di trinchetto,,102,,4,,32.34,102-ShipOf24Guns.jpg,FORE MAST — Catharpin legs,,,500,500
1239,24 guns,FORE MAST,Jeers — tye,ALBERO DI TRINCHETTO — Jeers/drizza del pennone di trinchetto,,102,,7.50,,60.64,102-ShipOf24Guns.jpg,FORE MAST — Jeers — tye,,,500,500
1240,24 guns,FORE MAST,Yard tackle pendants,ALBERO DI TRINCHETTO — Pendenti dei paranchi del pennone di trinchetto,,102,,3.50,,28.30,102-ShipOf24Guns.jpg,FORE MAST — Yard tackle pendants,,,500,500
1241,24 guns,FORE MAST,Braces,ALBERO DI TRINCHETTO — Bracci del pennone di trinchetto,,102,,3,,24.26,102-ShipOf24Guns.jpg,FORE MAST — Braces,,,500,500
1242,24 guns,FORE MAST,Brace pendants,ALBERO DI TRINCHETTO — Pendenti dei bracci di trinchetto,,102,,4,,32.34,102-ShipOf24Guns.jpg,FORE MAST — Brace pendants,,,500,500
1243,24 guns,FORE TOPMAST,Burton pendants,ALBERETTO DI PARROCCHETTO — Pendenti Burton di parrocchetto,,103,,4,,32.34,103-ShipOf24Guns.jpg,FORE TOPMAST — Burton pendants,,,500,500
1244,24 guns,FORE TOPMAST,"Shrouds, fine",ALBERETTO DI PARROCCHETTO — Sartie di parrocchetto,,103,,5,,40.43,103-ShipOf24Guns.jpg,"FORE TOPMAST — Shrouds, fine",,,500,500
1245,24 guns,FORE TOPMAST,Ratling,ALBERETTO DI PARROCCHETTO — Griselle di parrocchetto,,103,,1,,8.09,103-ShipOf24Guns.jpg,FORE TOPMAST — Ratling,,,500,500
1246,24 guns,FORE TOPMAST,"Standing backstays, fine",ALBERETTO DI PARROCCHETTO — Paterazzi fissi di parrocchetto,,103,,5,,40.43,103-ShipOf24Guns.jpg,"FORE TOPMAST — Standing backstays, fine",,,500,500
1247,24 guns,FORE TOPMAST,Breast backstay runners,ALBERETTO DI PARROCCHETTO — Corridori dei paterazzi laterali di parrocchetto,,103,,3.50,,28.30,103-ShipOf24Guns.jpg,FORE TOPMAST — Breast backstay runners,,,500,500
1248,24 guns,FORE TOPMAST,"Stay, cabled 4 strands fine",ALBERETTO DI PARROCCHETTO — Strallo di parrocchetto,,103,,5.50,,44.47,103-ShipOf24Guns.jpg,"FORE TOPMAST — Stay, cabled 4 strands fine",,,500,500
1249,24 guns,FORE TOPMAST,"Preventer stay, cabled 4 strands fine",ALBERETTO DI PARROCCHETTO — Controstrallo di parrocchetto,,103,,4,,32.34,103-ShipOf24Guns.jpg,"FORE TOPMAST — Preventer stay, cabled 4 strands fine",,,500,500
1250,24 guns,FORE TOPMAST,"Shifting backstays, fine",ALBERETTO DI PARROCCHETTO — Paterazzi volanti di parrocchetto,,103,,5,,40.43,103-ShipOf24Guns.jpg,"FORE TOPMAST — Shifting backstays, fine",,,500,500
1251,24 guns,FORE TOPMAST,"Futtock shrouds, fine",ALBERETTO DI PARROCCHETTO — Sartie di coffa di parrocchetto,,103,,5,,40.43,103-ShipOf24Guns.jpg,"FORE TOPMAST — Futtock shrouds, fine",,,500,500
1252,24 guns,FORE TOPMAST,"Top rope pendants, fine",ALBERETTO DI PARROCCHETTO — Pendenti del top-rope di parrocchetto,,103,,6,,48.51,103-ShipOf24Guns.jpg,"FORE TOPMAST — Top rope pendants, fine",,,500,500
1253,24 guns,FORE TOPMAST,Tye,ALBERETTO DI PARROCCHETTO — Tye/drizza del parrocchetto,,103,,4,,32.34,103-ShipOf24Guns.jpg,FORE TOPMAST — Tye,,,500,500
1254,24 guns,FORE TOPMAST,Braces,ALBERETTO DI PARROCCHETTO — Bracci del parrocchetto,,103,,2.50,,20.21,103-ShipOf24Guns.jpg,FORE TOPMAST — Braces,,,500,500
1255,24 guns,FORE TOPMAST,Lifts,ALBERETTO DI PARROCCHETTO — Amantigli del parrocchetto,,103,,3,,24.26,103-ShipOf24Guns.jpg,FORE TOPMAST — Lifts,,,500,500
1256,24 guns,FORE TOPMAST,Clewlines,ALBERETTO DI PARROCCHETTO — Imbrogli del parrocchetto,,103,,2.50,,20.21,103-ShipOf24Guns.jpg,FORE TOPMAST — Clewlines,,,500,500
1257,24 guns,FORE TOPMAST,Buntlines,ALBERETTO DI PARROCCHETTO — Caricaboline del parrocchetto,,103,,2,,16.17,103-ShipOf24Guns.jpg,FORE TOPMAST — Buntlines,,,500,500
1258,24 guns,FORE TOPMAST,Leechlines,ALBERETTO DI PARROCCHETTO — Caricascotte/leechlines del parrocchetto,,103,,1.50,,12.13,103-ShipOf24Guns.jpg,FORE TOPMAST — Leechlines,,,500,500
1259,24 guns,FORE TOPMAST,Bowlines,ALBERETTO DI PARROCCHETTO — Boline del parrocchetto,,103,,2.50,,20.21,103-ShipOf24Guns.jpg,FORE TOPMAST — Bowlines,,,500,500
1260,24 guns,FORE TOPMAST,Sheets,ALBERETTO DI PARROCCHETTO — Scotte del parrocchetto,,103,,5,,40.43,103-ShipOf24Guns.jpg,FORE TOPMAST — Sheets,,,500,500
1261,24 guns,MAIN MAST,"Shrouds, cabled fine",ALBERO MAESTRO — Sartie maestre,,104,,7.50,,60.64,104-ShipOf24Guns.jpg,"MAIN MAST — Shrouds, cabled fine",,,500,500
1262,24 guns,MAIN MAST,Ratling,ALBERO MAESTRO — Griselle maestre,,104,,1.50,,12.13,104-ShipOf24Guns.jpg,MAIN MAST — Ratling,,,500,500
1263,24 guns,MAIN MAST,"Stay, cabled 4 strands fine",ALBERO MAESTRO — Strallo maestro,,104,,11.50,,92.98,104-ShipOf24Guns.jpg,"MAIN MAST — Stay, cabled 4 strands fine",,,500,500
1264,24 guns,MAIN MAST,"Preventer stay, cabled 4 strands fine",ALBERO MAESTRO — Controstrallo maestro,,104,,8,,64.68,104-ShipOf24Guns.jpg,"MAIN MAST — Preventer stay, cabled 4 strands fine",,,500,500
1265,24 guns,MAIN MAST,Catharpin legs,ALBERO MAESTRO — Catarpine maestre,,104,,4.50,,36.38,104-ShipOf24Guns.jpg,MAIN MAST — Catharpin legs,,,500,500
1266,24 guns,MAIN MAST,Jeers — tye,ALBERO MAESTRO — Jeers/drizza del pennone maestro,,104,,8,,64.68,104-ShipOf24Guns.jpg,MAIN MAST — Jeers — tye,,,500,500
1267,24 guns,MAIN MAST,Yard tackle pendants,ALBERO MAESTRO — Pendenti dei paranchi del pennone maestro,,104,,5.50,,44.47,104-ShipOf24Guns.jpg,MAIN MAST — Yard tackle pendants,,,500,500
1268,24 guns,MAIN MAST,Braces,ALBERO MAESTRO — Bracci del pennone maestro,,104,,3,,24.26,104-ShipOf24Guns.jpg,MAIN MAST — Braces,,,500,500
1269,24 guns,MAIN MAST,Brace pendants,ALBERO MAESTRO — Pendenti dei bracci maestri,,104,,4,,32.34,104-ShipOf24Guns.jpg,MAIN MAST — Brace pendants,,,500,500
1270,24 guns,MAIN MAST,Lifts,ALBERO MAESTRO — Amantigli del pennone maestro,,104,,3.50,,28.30,104-ShipOf24Guns.jpg,MAIN MAST — Lifts,,,500,500
1271,24 guns,MAIN COURSE,Clew-garnets,VELA MAESTRA — Caricascotte della maestra,,105,,3,,24.26,105-ShipOf24Guns.jpg,MAIN COURSE — Clew-garnets,,,500,500
1272,24 guns,MAIN COURSE,Buntline legs,VELA MAESTRA — Caricaboline della maestra,,105,,2,,16.17,105-ShipOf24Guns.jpg,MAIN COURSE — Buntline legs,,,500,500
1273,24 guns,MAIN COURSE,Leechline legs,VELA MAESTRA — Leechlines della maestra,,105,,2,,16.17,105-ShipOf24Guns.jpg,MAIN COURSE — Leechline legs,,,500,500
1274,24 guns,MAIN COURSE,Slablines,VELA MAESTRA — Slablines della maestra,,105,,1.50,,12.13,105-ShipOf24Guns.jpg,MAIN COURSE — Slablines,,,500,500
1275,24 guns,MAIN COURSE,Bowlines,VELA MAESTRA — Boline della maestra,,105,,3.50,,28.30,105-ShipOf24Guns.jpg,MAIN COURSE — Bowlines,,,500,500
1276,24 guns,MAIN COURSE,"Sheets, cabled",VELA MAESTRA — Scotte della maestra,,105,,5,,40.43,105-ShipOf24Guns.jpg,"MAIN COURSE — Sheets, cabled",,,500,500
1277,24 guns,MAIN COURSE,"Tacks, taper and cabled",VELA MAESTRA — Mure della maestra,,105,,6,,48.51,105-ShipOf24Guns.jpg,"MAIN COURSE — Tacks, taper and cabled",,,500,500
1278,24 guns,MAIN TOPMAST,Burton pendants,ALBERETTO DI GABBIA MAESTRA — Pendenti Burton di gabbia maestra,,105,,4,,32.34,105-ShipOf24Guns.jpg,MAIN TOPMAST — Burton pendants,,,500,500
1279,24 guns,MAIN TOPMAST,"Shrouds, fine",ALBERETTO DI GABBIA MAESTRA — Sartie di gabbia maestra,,105,,5,,40.43,105-ShipOf24Guns.jpg,"MAIN TOPMAST — Shrouds, fine",,,500,500
1280,24 guns,MAIN TOPMAST,Ratling,ALBERETTO DI GABBIA MAESTRA — Griselle di gabbia maestra,,105,,1,,8.09,105-ShipOf24Guns.jpg,MAIN TOPMAST — Ratling,,,500,500
1281,24 guns,MAIN TOPMAST,"Standing backstays, fine",ALBERETTO DI GABBIA MAESTRA — Paterazzi fissi di gabbia maestra,,105,,5,,40.43,105-ShipOf24Guns.jpg,"MAIN TOPMAST — Standing backstays, fine",,,500,500
1282,24 guns,MAIN TOPMAST,Breast backstay runners,ALBERETTO DI GABBIA MAESTRA — Corridori paterazzi laterali di gabbia,,105,,3.50,,28.30,105-ShipOf24Guns.jpg,MAIN TOPMAST — Breast backstay runners,,,500,500
1283,24 guns,MAIN TOPMAST,"Stay, cabled 4 strands fine",ALBERETTO DI GABBIA MAESTRA — Strallo di gabbia maestra,,105,,5.50,,44.47,105-ShipOf24Guns.jpg,"MAIN TOPMAST — Stay, cabled 4 strands fine",,,500,500
1284,24 guns,MAIN TOPMAST,"Preventer stay, cabled 4 strands fine",ALBERETTO DI GABBIA MAESTRA — Controstrallo di gabbia maestra,,105,,4.50,,36.38,105-ShipOf24Guns.jpg,"MAIN TOPMAST — Preventer stay, cabled 4 strands fine",,,500,500
1285,24 guns,MAIN TOPMAST,"Shifting backstays, fine",ALBERETTO DI GABBIA MAESTRA — Paterazzi volanti di gabbia maestra,,105,,5,,40.43,105-ShipOf24Guns.jpg,"MAIN TOPMAST — Shifting backstays, fine",,,500,500
1286,24 guns,MAIN TOPMAST,"Futtock shrouds, fine",ALBERETTO DI GABBIA MAESTRA — Sartie di coffa di gabbia maestra,,105,,5,,40.43,105-ShipOf24Guns.jpg,"MAIN TOPMAST — Futtock shrouds, fine",,,500,500
1287,24 guns,MAIN TOPMAST,"Top rope pendants, fine",ALBERETTO DI GABBIA MAESTRA — Pendenti top-rope di gabbia maestra,,105,,6,,48.51,105-ShipOf24Guns.jpg,"MAIN TOPMAST — Top rope pendants, fine",,,500,500
1288,24 guns,MAIN TOPGALLANT,Shrouds,ALBERETTO DI VELACCIO MAESTRO — Sartie di velaccio maestro,,106,,3,,24.26,106-ShipOf24Guns.jpg,MAIN TOPGALLANT — Shrouds,,,500,500
1289,24 guns,MAIN TOPGALLANT,Standing backstays,ALBERETTO DI VELACCIO MAESTRO — Paterazzi fissi di velaccio maestro,,106,,3,,24.26,106-ShipOf24Guns.jpg,MAIN TOPGALLANT — Standing backstays,,,500,500
1290,24 guns,MAIN TOPGALLANT,"Stay, cabled 4 strands",ALBERETTO DI VELACCIO MAESTRO — Strallo di velaccio maestro,,106,,3.50,,28.30,106-ShipOf24Guns.jpg,"MAIN TOPGALLANT — Stay, cabled 4 strands",,,500,500
1291,24 guns,MAIN TOPGALLANT,Tye,ALBERETTO DI VELACCIO MAESTRO — Tye/drizza del velaccio maestro,,106,,2.50,,20.21,106-ShipOf24Guns.jpg,MAIN TOPGALLANT — Tye,,,500,500
1292,24 guns,MAIN TOPGALLANT,Braces,ALBERETTO DI VELACCIO MAESTRO — Bracci del velaccio maestro,,106,,1.50,,12.13,106-ShipOf24Guns.jpg,MAIN TOPGALLANT — Braces,,,500,500
1293,24 guns,MAIN TOPGALLANT,"Lifts, single",ALBERETTO DI VELACCIO MAESTRO — Amantigli del velaccio maestro,,106,,2.50,,20.21,106-ShipOf24Guns.jpg,"MAIN TOPGALLANT — Lifts, single",,,500,500
1294,24 guns,MAIN TOPGALLANT,Clewlines,ALBERETTO DI VELACCIO MAESTRO — Imbrogli del velaccio maestro,,106,,1.50,,12.13,106-ShipOf24Guns.jpg,MAIN TOPGALLANT — Clewlines,,,500,500
1295,24 guns,MAIN TOPGALLANT,Bowlines,ALBERETTO DI VELACCIO MAESTRO — Boline del velaccio maestro,,106,,1.50,,12.13,106-ShipOf24Guns.jpg,MAIN TOPGALLANT — Bowlines,,,500,500
1296,24 guns,MIZEN MAST,"Shrouds, fine",ALBERO DI MEZZANA — Sartie di mezzana,,107,,5,,40.43,107-ShipOf24Guns.jpg,"MIZEN MAST — Shrouds, fine",,,500,500
1297,24 guns,MIZEN MAST,Ratling,ALBERO DI MEZZANA — Griselle di mezzana,,107,,1,,8.09,107-ShipOf24Guns.jpg,MIZEN MAST — Ratling,,,500,500
1298,24 guns,MIZEN MAST,"Stay, cabled 4 strands fine",ALBERO DI MEZZANA — Strallo di mezzana,,107,,5.50,,44.47,107-ShipOf24Guns.jpg,"MIZEN MAST — Stay, cabled 4 strands fine",,,500,500
1299,24 guns,MIZEN MAST,Jeers,ALBERO DI MEZZANA — Jeers della mezzana,,107,,4,,32.34,107-ShipOf24Guns.jpg,MIZEN MAST — Jeers,,,500,500
1300,24 guns,MIZEN MAST,Vang pendants,ALBERO DI MEZZANA — Pendenti dei vang della mezzana,,107,,3,,24.26,107-ShipOf24Guns.jpg,MIZEN MAST — Vang pendants,,,500,500
1301,24 guns,MIZEN MAST,Bowlines,ALBERO DI MEZZANA — Boline della mezzana,,107,,2.50,,20.21,107-ShipOf24Guns.jpg,MIZEN MAST — Bowlines,,,500,500
1302,24 guns,CROSS-JACK YARD,Braces,VERGASECCA — Bracci della vergasecca,,107,,2,,16.17,107-ShipOf24Guns.jpg,CROSS-JACK YARD — Braces,,,500,500
1303,24 guns,CROSS-JACK YARD,"Lifts, running",VERGASECCA — Amantigli della vergasecca,,107,,2,,16.17,107-ShipOf24Guns.jpg,"CROSS-JACK YARD — Lifts, running",,,500,500
1304,24 guns,MIZEN TOPMAST,"Shrouds, fine",ALBERETTO DI CONTROMEZZANA — Sartie di contromezzana,,107,,3.50,,28.30,107-ShipOf24Guns.jpg,"MIZEN TOPMAST — Shrouds, fine",,,500,500
1305,24 guns,MIZEN TOPMAST,Ratling,ALBERETTO DI CONTROMEZZANA — Griselle di contromezzana,,107,,1,,8.09,107-ShipOf24Guns.jpg,MIZEN TOPMAST — Ratling,,,500,500
1306,24 guns,MIZEN TOPMAST,"Standing backstays, fine",ALBERETTO DI CONTROMEZZANA — Paterazzi fissi di contromezzana,,107,,3.50,,28.30,107-ShipOf24Guns.jpg,"MIZEN TOPMAST — Standing backstays, fine",,,500,500
1307,24 guns,MIZEN TOPMAST,"Stay, cabled 4 strands fine",ALBERETTO DI CONTROMEZZANA — Strallo di contromezzana,,107,,4,,32.34,107-ShipOf24Guns.jpg,"MIZEN TOPMAST — Stay, cabled 4 strands fine",,,500,500
1308,24 guns,MIZEN TOPGALLANT,Shrouds,ALBERETTO DI BELVEDERE — Sartie di belvedere,,108,,2,,16.17,108-ShipOf24Guns.jpg,MIZEN TOPGALLANT — Shrouds,,,500,500
1309,24 guns,MIZEN TOPGALLANT,Backstays,ALBERETTO DI BELVEDERE — Paterazzi di belvedere,,108,,2,,16.17,108-ShipOf24Guns.jpg,MIZEN TOPGALLANT — Backstays,,,500,500
1310,24 guns,MIZEN TOPGALLANT,Stay,ALBERETTO DI BELVEDERE — Strallo di belvedere,,108,,2.50,,20.21,108-ShipOf24Guns.jpg,MIZEN TOPGALLANT — Stay,,,500,500
1311,24 guns,MIZEN TOPGALLANT,Tye,ALBERETTO DI BELVEDERE — Tye/drizza di belvedere,,108,,2,,16.17,108-ShipOf24Guns.jpg,MIZEN TOPGALLANT — Tye,,,500,500
1312,24 guns,NECESSARY ROPES,"Viol, cabled",CORDAMI DI SERVIZIO — Viol / grande cavo di tonneggio,,108,,,,68.72,108-ShipOf24Guns.jpg,"NECESSARY ROPES — Viol, cabled",,Circonferenza non leggibile con sufficiente certezza dalla tavola p.108; nessuna interpolazione. | Ø dedotto dalle classi Steel contigue; circonferenza originale non ricostruita.,500,500
1313,24 guns,NECESSARY ROPES,Winding tackle pendant,CORDAMI DI SERVIZIO — Pendante del paranco di tonneggio,,108,,8,,64.68,108-ShipOf24Guns.jpg,NECESSARY ROPES — Winding tackle pendant,,,500,500
1314,24 guns,NECESSARY ROPES,Cat falls,CORDAMI DI SERVIZIO — Cavi di caponatura dell'ancora,,108,,4,,32.34,108-ShipOf24Guns.jpg,NECESSARY ROPES — Cat falls,,,500,500
1315,24 guns,NECESSARY ROPES,Fish tackle pendant,CORDAMI DI SERVIZIO — Pendante del paranco di pescaggio dell'ancora,,108,,6.50,,52.55,108-ShipOf24Guns.jpg,NECESSARY ROPES — Fish tackle pendant,,,500,500
1316,24 guns,NECESSARY ROPES,Fish tackle fall,CORDAMI DI SERVIZIO — Corrente del paranco di pescaggio dell'ancora,,108,,3.50,,28.30,108-ShipOf24Guns.jpg,NECESSARY ROPES — Fish tackle fall,,,500,500
1317,24 guns,NECESSARY ROPES,Anchor stock tackle fall,CORDAMI DI SERVIZIO — Corrente paranco del ceppo d'ancora,,108,,2.50,,20.21,108-ShipOf24Guns.jpg,NECESSARY ROPES — Anchor stock tackle fall,,,500,500
1318,24 guns,NECESSARY ROPES,Bill pendant,CORDAMI DI SERVIZIO — Pendante Bill,,108,,4,,32.34,108-ShipOf24Guns.jpg,NECESSARY ROPES — Bill pendant,,,500,500
1319,24 guns,NECESSARY ROPES,Stoppers — sheet/best/small bower/spare,CORDAMI DI SERVIZIO — Bozze delle ancore principali,,108,,6,,48.51,108-ShipOf24Guns.jpg,NECESSARY ROPES — Stoppers — sheet/best/small bower/spare,,,500,500
1320,24 guns,NECESSARY ROPES,"Wing, cabled",CORDAMI DI SERVIZIO — Cavo wing,,108,,6,,48.51,108-ShipOf24Guns.jpg,"NECESSARY ROPES — Wing, cabled",,,500,500
1321,24 guns,NECESSARY ROPES,Dog,CORDAMI DI SERVIZIO — Cavo dog,,108,,6,,48.51,108-ShipOf24Guns.jpg,NECESSARY ROPES — Dog,,,500,500
1322,24 guns,NECESSARY ROPES,"Stream anchor, cabled",CORDAMI DI SERVIZIO — Gomena dell'ancora di corrente,,108,,4,,32.34,108-ShipOf24Guns.jpg,"NECESSARY ROPES — Stream anchor, cabled",,,500,500
1323,24 guns,NECESSARY ROPES,Kedge,CORDAMI DI SERVIZIO — Gomena dell'ancorotto,,108,,3,,24.26,108-ShipOf24Guns.jpg,NECESSARY ROPES — Kedge,,,500,500
1324,24 guns,NECESSARY ROPES,"Deck & bit, cabled",CORDAMI DI SERVIZIO — Cavi di coperta e bitte,,108,,8,,64.68,108-ShipOf24Guns.jpg,"NECESSARY ROPES — Deck & bit, cabled",,,500,500
1325,24 guns,NECESSARY ROPES,Shank painters — sheet anchor,CORDAMI DI SERVIZIO — Shank painter dell'ancora di posta,,109,,5,,40.43,109-ShipOf24Guns.jpg,NECESSARY ROPES — Shank painters — sheet anchor,,,500,500
1326,24 guns,NECESSARY ROPES,Shank painters — best bower,CORDAMI DI SERVIZIO — Shank painter best bower,,109,,5.50,,44.47,109-ShipOf24Guns.jpg,NECESSARY ROPES — Shank painters — best bower,,,500,500
1327,24 guns,NECESSARY ROPES,Shank painters — small bower,CORDAMI DI SERVIZIO — Shank painter small bower,,109,,5.50,,44.47,109-ShipOf24Guns.jpg,NECESSARY ROPES — Shank painters — small bower,,,500,500
1328,24 guns,NECESSARY ROPES,Shank painters — spare,CORDAMI DI SERVIZIO — Shank painter di rispetto,,109,,5.50,,44.47,109-ShipOf24Guns.jpg,NECESSARY ROPES — Shank painters — spare,,,500,500
1329,24 guns,NECESSARY ROPES,Buoy ropes — sheet anchor,CORDAMI DI SERVIZIO — Cima boa dell'ancora di posta,,109,,5,,40.43,109-ShipOf24Guns.jpg,NECESSARY ROPES — Buoy ropes — sheet anchor,,,500,500
1330,24 guns,NECESSARY ROPES,Buoy ropes — best bower,CORDAMI DI SERVIZIO — Cima boa best bower,,109,,5,,40.43,109-ShipOf24Guns.jpg,NECESSARY ROPES — Buoy ropes — best bower,,,500,500
1331,24 guns,NECESSARY ROPES,Buoy ropes — small bower,CORDAMI DI SERVIZIO — Cima boa small bower,,109,,5,,40.43,109-ShipOf24Guns.jpg,NECESSARY ROPES — Buoy ropes — small bower,,,500,500
1332,24 guns,NECESSARY ROPES,"Stream anchor, cabled",CORDAMI DI SERVIZIO — Gomena ancora di corrente,,109,,3,,24.26,109-ShipOf24Guns.jpg,"NECESSARY ROPES — Stream anchor, cabled",,,500,500
1333,24 guns,NECESSARY ROPES,"Kedge, cabled",CORDAMI DI SERVIZIO — Gomena ancorotto,,109,,3,,24.26,109-ShipOf24Guns.jpg,"NECESSARY ROPES — Kedge, cabled",,,500,500
1334,24 guns,NECESSARY ROPES,"Rudder pendants, cabled",CORDAMI DI SERVIZIO — Pendenti del timone,,109,,5,,40.43,109-ShipOf24Guns.jpg,"NECESSARY ROPES — Rudder pendants, cabled",,,500,500
1335,24 guns,NECESSARY ROPES,Gun,CORDAMI DI SERVIZIO — Cordame per cannone (voce Steel 'Gun'),,109,,5.50,,44.47,109-ShipOf24Guns.jpg,NECESSARY ROPES — Gun,,,500,500
1336,24 guns,LONGBOAT,Burton pendants,LANCIA — Pendenti Burton della lancia,,109,,3,,24.26,109-ShipOf24Guns.jpg,LONGBOAT — Burton pendants,,,500,500
1337,24 guns,LONGBOAT,Shrouds,LANCIA — Sartie della lancia,,109,,3,,24.26,109-ShipOf24Guns.jpg,LONGBOAT — Shrouds,,,500,500
1338,24 guns,LONGBOAT,Stay,LANCIA — Strallo della lancia,,109,,3.50,,28.30,109-ShipOf24Guns.jpg,LONGBOAT — Stay,,,500,500
1339,24 guns,LONGBOAT,Tye,LANCIA — Tye della lancia,,109,,,,12.13,109-ShipOf24Guns.jpg,LONGBOAT — Tye,,Circonferenza non leggibile con sufficiente certezza dalla tavola p.109; nessuna interpolazione. | Ø dedotto dalle classi Steel contigue; circonferenza originale non ricostruita.,500,500
1340,24 guns,LONGBOAT,Main halliard,LANCIA — Drizza maestra della lancia,,109,,1.50,,12.13,109-ShipOf24Guns.jpg,LONGBOAT — Main halliard,,,500,500
1341,24 guns,LONGBOAT,"Boat-rope, cabled",LANCIA — Cavo della lancia,,109,,5.50,,44.47,109-ShipOf24Guns.jpg,"LONGBOAT — Boat-rope, cabled",,,500,500
1342,24 guns,PINNACE,Halliards main and fore,PINNACCIA — Drizze maestra e trinchetto della pinnaccia,,110,,1.50,,12.13,110-ShipOf24Guns.jpg,PINNACE — Halliards main and fore,,,500,500
1343,24 guns,PINNACE,Sheets,PINNACCIA — Scotte della pinnaccia,,110,,1.50,,12.13,110-ShipOf24Guns.jpg,PINNACE — Sheets,,,500,500
1344,24 guns,PINNACE,"Grapnel-rope, cabled",PINNACCIA — Gomena del grappino della pinnaccia,,110,,3.50,,28.30,110-ShipOf24Guns.jpg,"PINNACE — Grapnel-rope, cabled",,,500,500
1345,24 guns,PINNACE,Painter,PINNACCIA — Barbetta della pinnaccia,,110,,3.50,,28.30,110-ShipOf24Guns.jpg,PINNACE — Painter,,,500,500
1346,24 guns,YAWL OR CUTTER,Halliards (if cutters),IOLE / CUTTER — Drizze della iole/cutter,,110,,2,,16.17,110-ShipOf24Guns.jpg,YAWL OR CUTTER — Halliards (if cutters),,,500,500
1347,24 guns,YAWL OR CUTTER,Sheets,IOLE / CUTTER — Scotte della iole/cutter,,110,,2 / 1.5,,14.15,110-ShipOf24Guns.jpg,YAWL OR CUTTER — Sheets,,Steel riporta due circonferenze nella stessa voce aggregata del database.,500,500
1348,24 guns,YAWL OR CUTTER,"Grapnel-rope, cabled",IOLE / CUTTER — Gomena del grappino della iole/cutter,,110,,3.50,,28.30,110-ShipOf24Guns.jpg,"YAWL OR CUTTER — Grapnel-rope, cabled",,,500,500
1349,24 guns,YAWL OR CUTTER,Painter,IOLE / CUTTER — Barbetta della iole/cutter,,110,,3.50,,28.30,110-ShipOf24Guns.jpg,YAWL OR CUTTER — Painter,,,500,500
1350,22-20 guns,BOWSPRIT,Woolding,BOMPRESSO — Cerchiatura/legatura del bompresso,,111,,2,,16.17,111-ShipOf22and20Guns.jpg,BOWSPRIT — Woolding,,,400,450
1351,22-20 guns,BOWSPRIT,Gammonings,BOMPRESSO — Legature (gammoning) del bompresso,,111,,5,,40.43,111-ShipOf22and20Guns.jpg,BOWSPRIT — Gammonings,,,400,450
1352,22-20 guns,BOWSPRIT,"Shrouds, fine",BOMPRESSO — Briglie/sartie del bompresso,,111,,4.50,,36.38,111-ShipOf22and20Guns.jpg,"BOWSPRIT — Shrouds, fine",,,400,450
1353,22-20 guns,BOWSPRIT,"Bobstays, cabled fine",BOMPRESSO — Stragli inferiori del bompresso (bobstays),,111,,6,,48.51,111-ShipOf22and20Guns.jpg,"BOWSPRIT — Bobstays, cabled fine",,,400,450
1354,22-20 guns,SPRITSAIL,Braces,CIVADA — Bracci del pennone di civada,,111,,2,,16.17,111-ShipOf22and20Guns.jpg,SPRITSAIL — Braces,,,400,450
1355,22-20 guns,SPRITSAIL,Lifts,CIVADA — Amantigli del pennone di civada,,111,,2,,16.17,111-ShipOf22and20Guns.jpg,SPRITSAIL — Lifts,,,400,450
1356,22-20 guns,SPRITSAIL,Halliard,CIVADA — Drizza del pennone di civada,,111,,2,,16.17,111-ShipOf22and20Guns.jpg,SPRITSAIL — Halliard,,,400,450
1357,22-20 guns,SPRITSAIL,Clew-lines,CIVADA — Imbrogli della civada,,111,,1.50,,12.13,111-ShipOf22and20Guns.jpg,SPRITSAIL — Clew-lines,,,400,450
1358,22-20 guns,SPRITSAIL,Buntlines,CIVADA — Caricaboline della civada,,111,,1.50,,12.13,111-ShipOf22and20Guns.jpg,SPRITSAIL — Buntlines,,,400,450
1359,22-20 guns,SPRITSAIL,"Sheets, cabled single",CIVADA — Scotte della civada,,111,,3,,24.26,111-ShipOf22and20Guns.jpg,"SPRITSAIL — Sheets, cabled single",,,400,450
1360,22-20 guns,FORE MAST,"Shrouds, cabled fine",ALBERO DI TRINCHETTO — Sartie di trinchetto,,112,,7,,56.60,112-ShipOf22and20Guns.jpg,"FORE MAST — Shrouds, cabled fine",,,400,450
1361,22-20 guns,FORE MAST,Ratling,ALBERO DI TRINCHETTO — Griselle di trinchetto,,112,,1.50,,12.13,112-ShipOf22and20Guns.jpg,FORE MAST — Ratling,,,400,450
1362,22-20 guns,FORE MAST,"Stay, cabled fine 4 strands",ALBERO DI TRINCHETTO — Strallo di trinchetto,,112,,10.50,,84.89,112-ShipOf22and20Guns.jpg,"FORE MAST — Stay, cabled fine 4 strands",,,400,450
1363,22-20 guns,FORE MAST,"Preventer stay, cabled 4 strands fine",ALBERO DI TRINCHETTO — Controstrallo di trinchetto,,112,,6.50,,52.55,112-ShipOf22and20Guns.jpg,"FORE MAST — Preventer stay, cabled 4 strands fine",,,400,450
1364,22-20 guns,FORE MAST,Catharpin legs,ALBERO DI TRINCHETTO — Catarpine di trinchetto,,112,,4,,32.34,112-ShipOf22and20Guns.jpg,FORE MAST — Catharpin legs,,,400,450
1365,22-20 guns,FORE MAST,Jeers — tye,ALBERO DI TRINCHETTO — Jeers/drizza del pennone di trinchetto,,112,,7,,56.60,112-ShipOf22and20Guns.jpg,FORE MAST — Jeers — tye,,,400,450
1366,22-20 guns,FORE MAST,Yard tackle pendants,ALBERO DI TRINCHETTO — Pendenti dei paranchi del pennone di trinchetto,,112,,3.50,,28.30,112-ShipOf22and20Guns.jpg,FORE MAST — Yard tackle pendants,,,400,450
1367,22-20 guns,FORE MAST,Braces,ALBERO DI TRINCHETTO — Bracci del pennone di trinchetto,,112,,3,,24.26,112-ShipOf22and20Guns.jpg,FORE MAST — Braces,,,400,450
1368,22-20 guns,FORE MAST,Brace pendants,ALBERO DI TRINCHETTO — Pendenti dei bracci di trinchetto,,112,,4,,32.34,112-ShipOf22and20Guns.jpg,FORE MAST — Brace pendants,,,400,450
1369,22-20 guns,FORE TOPMAST,Burton pendants,ALBERETTO DI PARROCCHETTO — Pendenti Burton di parrocchetto,,113,,3.50,,28.30,113-ShipOf22and20Guns.jpg,FORE TOPMAST — Burton pendants,,,400,450
1370,22-20 guns,FORE TOPMAST,"Shrouds, fine",ALBERETTO DI PARROCCHETTO — Sartie di parrocchetto,,113,,4.50,,36.38,113-ShipOf22and20Guns.jpg,"FORE TOPMAST — Shrouds, fine",,,400,450
1371,22-20 guns,FORE TOPMAST,Ratling,ALBERETTO DI PARROCCHETTO — Griselle di parrocchetto,,113,,1,,8.09,113-ShipOf22and20Guns.jpg,FORE TOPMAST — Ratling,,,400,450
1372,22-20 guns,FORE TOPMAST,"Standing backstays, fine",ALBERETTO DI PARROCCHETTO — Paterazzi fissi di parrocchetto,,113,,4.50,,36.38,113-ShipOf22and20Guns.jpg,"FORE TOPMAST — Standing backstays, fine",,,400,450
1373,22-20 guns,FORE TOPMAST,Breast backstay runners,ALBERETTO DI PARROCCHETTO — Corridori dei paterazzi laterali di parrocchetto,,113,,3,,24.26,113-ShipOf22and20Guns.jpg,FORE TOPMAST — Breast backstay runners,,,400,450
1374,22-20 guns,FORE TOPMAST,"Stay, cabled 4 strands fine",ALBERETTO DI PARROCCHETTO — Strallo di parrocchetto,,113,,5,,40.43,113-ShipOf22and20Guns.jpg,"FORE TOPMAST — Stay, cabled 4 strands fine",,,400,450
1375,22-20 guns,FORE TOPMAST,"Preventer stay, cabled 4 strands fine",ALBERETTO DI PARROCCHETTO — Controstrallo di parrocchetto,,113,,4,,32.34,113-ShipOf22and20Guns.jpg,"FORE TOPMAST — Preventer stay, cabled 4 strands fine",,,400,450
1376,22-20 guns,FORE TOPMAST,"Shifting backstays, fine",ALBERETTO DI PARROCCHETTO — Paterazzi volanti di parrocchetto,,113,,4.50,,36.38,113-ShipOf22and20Guns.jpg,"FORE TOPMAST — Shifting backstays, fine",,,400,450
1377,22-20 guns,FORE TOPMAST,"Futtock shrouds, fine",ALBERETTO DI PARROCCHETTO — Sartie di coffa di parrocchetto,,113,,4.50,,36.38,113-ShipOf22and20Guns.jpg,"FORE TOPMAST — Futtock shrouds, fine",,,400,450
1378,22-20 guns,FORE TOPMAST,"Top rope pendants, fine",ALBERETTO DI PARROCCHETTO — Pendenti del top-rope di parrocchetto,,113,,5.50,,44.47,113-ShipOf22and20Guns.jpg,"FORE TOPMAST — Top rope pendants, fine",,,400,450
1379,22-20 guns,FORE TOPMAST,Tye,ALBERETTO DI PARROCCHETTO — Tye/drizza del parrocchetto,,113,,4,,32.34,113-ShipOf22and20Guns.jpg,FORE TOPMAST — Tye,,,400,450
1380,22-20 guns,FORE TOPMAST,Braces,ALBERETTO DI PARROCCHETTO — Bracci del parrocchetto,,113,,2.50,,20.21,113-ShipOf22and20Guns.jpg,FORE TOPMAST — Braces,,,400,450
1381,22-20 guns,FORE TOPMAST,Lifts,ALBERETTO DI PARROCCHETTO — Amantigli del parrocchetto,,113,,3,,24.26,113-ShipOf22and20Guns.jpg,FORE TOPMAST — Lifts,,,400,450
1382,22-20 guns,FORE TOPMAST,Clewlines,ALBERETTO DI PARROCCHETTO — Imbrogli del parrocchetto,,113,,2.50,,20.21,113-ShipOf22and20Guns.jpg,FORE TOPMAST — Clewlines,,,400,450
1383,22-20 guns,FORE TOPMAST,Buntlines,ALBERETTO DI PARROCCHETTO — Caricaboline del parrocchetto,,113,,2,,16.17,113-ShipOf22and20Guns.jpg,FORE TOPMAST — Buntlines,,,400,450
1384,22-20 guns,FORE TOPMAST,Leechlines,ALBERETTO DI PARROCCHETTO — Caricascotte/leechlines del parrocchetto,,113,,1.50,,12.13,113-ShipOf22and20Guns.jpg,FORE TOPMAST — Leechlines,,,400,450
1385,22-20 guns,FORE TOPMAST,Bowlines,ALBERETTO DI PARROCCHETTO — Boline del parrocchetto,,113,,2.50,,20.21,113-ShipOf22and20Guns.jpg,FORE TOPMAST — Bowlines,,,400,450
1386,22-20 guns,FORE TOPMAST,Sheets,ALBERETTO DI PARROCCHETTO — Scotte del parrocchetto,,113,,4.50,,36.38,113-ShipOf22and20Guns.jpg,FORE TOPMAST — Sheets,,,400,450
1387,22-20 guns,MAIN MAST,"Shrouds, cabled fine",ALBERO MAESTRO — Sartie maestre,,114,,7,,56.60,114-ShipOf22and20Guns.jpg,"MAIN MAST — Shrouds, cabled fine",,,400,450
1388,22-20 guns,MAIN MAST,Ratling,ALBERO MAESTRO — Griselle maestre,,114,,1.50,,12.13,114-ShipOf22and20Guns.jpg,MAIN MAST — Ratling,,,400,450
1389,22-20 guns,MAIN MAST,"Stay, cabled 4 strands fine",ALBERO MAESTRO — Strallo maestro,,114,,10,,80.85,114-ShipOf22and20Guns.jpg,"MAIN MAST — Stay, cabled 4 strands fine",,,400,450
1390,22-20 guns,MAIN MAST,"Preventer stay, cabled 4 strands fine",ALBERO MAESTRO — Controstrallo maestro,,114,,7.50,,60.64,114-ShipOf22and20Guns.jpg,"MAIN MAST — Preventer stay, cabled 4 strands fine",,,400,450
1391,22-20 guns,MAIN MAST,Catharpin legs,ALBERO MAESTRO — Catarpine maestre,,114,,4.50,,36.38,114-ShipOf22and20Guns.jpg,MAIN MAST — Catharpin legs,,,400,450
1392,22-20 guns,MAIN MAST,Jeers — tye,ALBERO MAESTRO — Jeers/drizza del pennone maestro,,114,,7.50,,60.64,114-ShipOf22and20Guns.jpg,MAIN MAST — Jeers — tye,,,400,450
1393,22-20 guns,MAIN MAST,Yard tackle pendants,ALBERO MAESTRO — Pendenti dei paranchi del pennone maestro,,114,,5,,40.43,114-ShipOf22and20Guns.jpg,MAIN MAST — Yard tackle pendants,,,400,450
1394,22-20 guns,MAIN MAST,Braces,ALBERO MAESTRO — Bracci del pennone maestro,,114,,3,,24.26,114-ShipOf22and20Guns.jpg,MAIN MAST — Braces,,,400,450
1395,22-20 guns,MAIN MAST,Brace pendants,ALBERO MAESTRO — Pendenti dei bracci maestri,,114,,4,,32.34,114-ShipOf22and20Guns.jpg,MAIN MAST — Brace pendants,,,400,450
1396,22-20 guns,MAIN MAST,Lifts,ALBERO MAESTRO — Amantigli del pennone maestro,,114,,3.50,,28.30,114-ShipOf22and20Guns.jpg,MAIN MAST — Lifts,,,400,450
1397,22-20 guns,MAIN COURSE,Clew-garnets,VELA MAESTRA — Caricascotte della maestra,,115,,3,,24.26,115-ShipOf22and20Guns.jpg,MAIN COURSE — Clew-garnets,,,400,450
1398,22-20 guns,MAIN COURSE,Buntline legs,VELA MAESTRA — Caricaboline della maestra,,115,,2,,16.17,115-ShipOf22and20Guns.jpg,MAIN COURSE — Buntline legs,,,400,450
1399,22-20 guns,MAIN COURSE,Leechline legs,VELA MAESTRA — Leechlines della maestra,,115,,2,,16.17,115-ShipOf22and20Guns.jpg,MAIN COURSE — Leechline legs,,,400,450
1400,22-20 guns,MAIN COURSE,Slablines,VELA MAESTRA — Slablines della maestra,,115,,1.50,,12.13,115-ShipOf22and20Guns.jpg,MAIN COURSE — Slablines,,,400,450
1401,22-20 guns,MAIN COURSE,Bowlines,VELA MAESTRA — Boline della maestra,,115,,3,,24.26,115-ShipOf22and20Guns.jpg,MAIN COURSE — Bowlines,,,400,450
1402,22-20 guns,MAIN COURSE,"Sheets, cabled",VELA MAESTRA — Scotte della maestra,,115,,4.50,,36.38,115-ShipOf22and20Guns.jpg,"MAIN COURSE — Sheets, cabled",,,400,450
1403,22-20 guns,MAIN COURSE,"Tacks, taper and cabled",VELA MAESTRA — Mure della maestra,,115,,5.50,,44.47,115-ShipOf22and20Guns.jpg,"MAIN COURSE — Tacks, taper and cabled",,,400,450
1404,22-20 guns,MAIN TOPMAST,Burton pendants,ALBERETTO DI GABBIA MAESTRA — Pendenti Burton di gabbia maestra,,115,,4,,32.34,115-ShipOf22and20Guns.jpg,MAIN TOPMAST — Burton pendants,,,400,450
1405,22-20 guns,MAIN TOPMAST,"Shrouds, fine",ALBERETTO DI GABBIA MAESTRA — Sartie di gabbia maestra,,115,,5,,40.43,115-ShipOf22and20Guns.jpg,"MAIN TOPMAST — Shrouds, fine",,,400,450
1406,22-20 guns,MAIN TOPMAST,Ratling,ALBERETTO DI GABBIA MAESTRA — Griselle di gabbia maestra,,115,,1,,8.09,115-ShipOf22and20Guns.jpg,MAIN TOPMAST — Ratling,,,400,450
1407,22-20 guns,MAIN TOPMAST,"Standing backstays, fine",ALBERETTO DI GABBIA MAESTRA — Paterazzi fissi di gabbia maestra,,115,,5,,40.43,115-ShipOf22and20Guns.jpg,"MAIN TOPMAST — Standing backstays, fine",,,400,450
1408,22-20 guns,MAIN TOPMAST,Breast backstay runners,ALBERETTO DI GABBIA MAESTRA — Corridori paterazzi laterali di gabbia,,115,,3.50,,28.30,115-ShipOf22and20Guns.jpg,MAIN TOPMAST — Breast backstay runners,,,400,450
1409,22-20 guns,MAIN TOPMAST,"Stay, cabled 4 strands fine",ALBERETTO DI GABBIA MAESTRA — Strallo di gabbia maestra,,115,,5,,40.43,115-ShipOf22and20Guns.jpg,"MAIN TOPMAST — Stay, cabled 4 strands fine",,,400,450
1410,22-20 guns,MAIN TOPMAST,"Preventer stay, cabled 4 strands fine",ALBERETTO DI GABBIA MAESTRA — Controstrallo di gabbia maestra,,115,,4.50,,36.38,115-ShipOf22and20Guns.jpg,"MAIN TOPMAST — Preventer stay, cabled 4 strands fine",,,400,450
1411,22-20 guns,MAIN TOPMAST,"Shifting backstays, fine",ALBERETTO DI GABBIA MAESTRA — Paterazzi volanti di gabbia maestra,,115,,5,,40.43,115-ShipOf22and20Guns.jpg,"MAIN TOPMAST — Shifting backstays, fine",,,400,450
1412,22-20 guns,MAIN TOPMAST,"Futtock shrouds, fine",ALBERETTO DI GABBIA MAESTRA — Sartie di coffa di gabbia maestra,,115,,5,,40.43,115-ShipOf22and20Guns.jpg,"MAIN TOPMAST — Futtock shrouds, fine",,,400,450
1413,22-20 guns,MAIN TOPMAST,"Top rope pendants, fine",ALBERETTO DI GABBIA MAESTRA — Pendenti top-rope di gabbia maestra,,115,,5.50,,44.47,115-ShipOf22and20Guns.jpg,"MAIN TOPMAST — Top rope pendants, fine",,,400,450
1414,22-20 guns,MAIN TOPGALLANT,Shrouds,ALBERETTO DI VELACCIO MAESTRO — Sartie di velaccio maestro,,116,,3,,24.26,116-ShipOf22and20Guns.jpg,MAIN TOPGALLANT — Shrouds,,,400,450
1415,22-20 guns,MAIN TOPGALLANT,Standing backstays,ALBERETTO DI VELACCIO MAESTRO — Paterazzi fissi di velaccio maestro,,116,,3,,24.26,116-ShipOf22and20Guns.jpg,MAIN TOPGALLANT — Standing backstays,,,400,450
1416,22-20 guns,MAIN TOPGALLANT,"Stay, cabled 4 strands",ALBERETTO DI VELACCIO MAESTRO — Strallo di velaccio maestro,,116,,3.50,,28.30,116-ShipOf22and20Guns.jpg,"MAIN TOPGALLANT — Stay, cabled 4 strands",,,400,450
1417,22-20 guns,MAIN TOPGALLANT,Tye,ALBERETTO DI VELACCIO MAESTRO — Tye/drizza del velaccio maestro,,116,,2.50,,20.21,116-ShipOf22and20Guns.jpg,MAIN TOPGALLANT — Tye,,,400,450
1418,22-20 guns,MAIN TOPGALLANT,Braces,ALBERETTO DI VELACCIO MAESTRO — Bracci del velaccio maestro,,116,,1.50,,12.13,116-ShipOf22and20Guns.jpg,MAIN TOPGALLANT — Braces,,,400,450
1419,22-20 guns,MAIN TOPGALLANT,"Lifts, single",ALBERETTO DI VELACCIO MAESTRO — Amantigli del velaccio maestro,,116,,2.50,,20.21,116-ShipOf22and20Guns.jpg,"MAIN TOPGALLANT — Lifts, single",,,400,450
1420,22-20 guns,MAIN TOPGALLANT,Clewlines,ALBERETTO DI VELACCIO MAESTRO — Imbrogli del velaccio maestro,,116,,1.50,,12.13,116-ShipOf22and20Guns.jpg,MAIN TOPGALLANT — Clewlines,,,400,450
1421,22-20 guns,MAIN TOPGALLANT,Bowlines,ALBERETTO DI VELACCIO MAESTRO — Boline del velaccio maestro,,116,,1.50,,12.13,116-ShipOf22and20Guns.jpg,MAIN TOPGALLANT — Bowlines,,,400,450
1422,22-20 guns,MIZEN MAST,"Shrouds, fine",ALBERO DI MEZZANA — Sartie di mezzana,,117,,4.50,,36.38,117-ShipOf22and20Guns.jpg,"MIZEN MAST — Shrouds, fine",,,400,450
1423,22-20 guns,MIZEN MAST,Ratling,ALBERO DI MEZZANA — Griselle di mezzana,,117,,1,,8.09,117-ShipOf22and20Guns.jpg,MIZEN MAST — Ratling,,,400,450
1424,22-20 guns,MIZEN MAST,"Stay, cabled 4 strands fine",ALBERO DI MEZZANA — Strallo di mezzana,,117,,5,,40.43,117-ShipOf22and20Guns.jpg,"MIZEN MAST — Stay, cabled 4 strands fine",,,400,450
1425,22-20 guns,MIZEN MAST,Jeers,ALBERO DI MEZZANA — Jeers della mezzana,,117,,4,,32.34,117-ShipOf22and20Guns.jpg,MIZEN MAST — Jeers,,,400,450
1426,22-20 guns,MIZEN MAST,Vang pendants,ALBERO DI MEZZANA — Pendenti dei vang della mezzana,,117,,3,,24.26,117-ShipOf22and20Guns.jpg,MIZEN MAST — Vang pendants,,,400,450
1427,22-20 guns,MIZEN MAST,Bowlines,ALBERO DI MEZZANA — Boline della mezzana,,117,,2.50,,20.21,117-ShipOf22and20Guns.jpg,MIZEN MAST — Bowlines,,,400,450
1428,22-20 guns,CROSS-JACK YARD,Braces,VERGASECCA — Bracci della vergasecca,,117,,2,,16.17,117-ShipOf22and20Guns.jpg,CROSS-JACK YARD — Braces,,,400,450
1429,22-20 guns,CROSS-JACK YARD,"Lifts, running",VERGASECCA — Amantigli della vergasecca,,117,,2,,16.17,117-ShipOf22and20Guns.jpg,"CROSS-JACK YARD — Lifts, running",,,400,450
1430,22-20 guns,MIZEN TOPMAST,"Shrouds, fine",ALBERETTO DI CONTROMEZZANA — Sartie di contromezzana,,117,,3,,24.26,117-ShipOf22and20Guns.jpg,"MIZEN TOPMAST — Shrouds, fine",,,400,450
1431,22-20 guns,MIZEN TOPMAST,Ratling,ALBERETTO DI CONTROMEZZANA — Griselle di contromezzana,,117,,1,,8.09,117-ShipOf22and20Guns.jpg,MIZEN TOPMAST — Ratling,,,400,450
1432,22-20 guns,MIZEN TOPMAST,"Standing backstays, fine",ALBERETTO DI CONTROMEZZANA — Paterazzi fissi di contromezzana,,117,,3.50,,28.30,117-ShipOf22and20Guns.jpg,"MIZEN TOPMAST — Standing backstays, fine",,,400,450
1433,22-20 guns,MIZEN TOPMAST,"Stay, cabled 4 strands fine",ALBERETTO DI CONTROMEZZANA — Strallo di contromezzana,,117,,4,,32.34,117-ShipOf22and20Guns.jpg,"MIZEN TOPMAST — Stay, cabled 4 strands fine",,,400,450
1434,22-20 guns,MIZEN TOPGALLANT,Shrouds,ALBERETTO DI BELVEDERE — Sartie di belvedere,,118,,2,,16.17,118-ShipOf22and20Guns.jpg,MIZEN TOPGALLANT — Shrouds,,,400,450
1435,22-20 guns,MIZEN TOPGALLANT,Backstays,ALBERETTO DI BELVEDERE — Paterazzi di belvedere,,118,,2,,16.17,118-ShipOf22and20Guns.jpg,MIZEN TOPGALLANT — Backstays,,,400,450
1436,22-20 guns,MIZEN TOPGALLANT,Stay,ALBERETTO DI BELVEDERE — Strallo di belvedere,,118,,2.50,,20.21,118-ShipOf22and20Guns.jpg,MIZEN TOPGALLANT — Stay,,,400,450
1437,22-20 guns,MIZEN TOPGALLANT,Tye,ALBERETTO DI BELVEDERE — Tye/drizza di belvedere,,118,,2,,16.17,118-ShipOf22and20Guns.jpg,MIZEN TOPGALLANT — Tye,,,400,450
1438,22-20 guns,NECESSARY ROPES,"Viol, cabled",CORDAMI DI SERVIZIO — Viol / grande cavo di tonneggio,,118,,,,64.68,118-ShipOf22and20Guns.jpg,"NECESSARY ROPES — Viol, cabled",,Circonferenza non leggibile con sufficiente certezza dalla tavola p.118; nessuna interpolazione. | Ø dedotto dalle classi Steel contigue; circonferenza originale non ricostruita.,400,450
1439,22-20 guns,NECESSARY ROPES,Winding tackle pendant,CORDAMI DI SERVIZIO — Pendante del paranco di tonneggio,,118,,7.50,,60.64,118-ShipOf22and20Guns.jpg,NECESSARY ROPES — Winding tackle pendant,,,400,450
1440,22-20 guns,NECESSARY ROPES,Cat falls,CORDAMI DI SERVIZIO — Cavi di caponatura dell'ancora,,118,,3.50,,28.30,118-ShipOf22and20Guns.jpg,NECESSARY ROPES — Cat falls,,,400,450
1441,22-20 guns,NECESSARY ROPES,Fish tackle pendant,CORDAMI DI SERVIZIO — Pendante del paranco di pescaggio dell'ancora,,118,,6,,48.51,118-ShipOf22and20Guns.jpg,NECESSARY ROPES — Fish tackle pendant,,,400,450
1442,22-20 guns,NECESSARY ROPES,Fish tackle fall,CORDAMI DI SERVIZIO — Corrente del paranco di pescaggio dell'ancora,,118,,3,,24.26,118-ShipOf22and20Guns.jpg,NECESSARY ROPES — Fish tackle fall,,,400,450
1443,22-20 guns,NECESSARY ROPES,Anchor stock tackle fall,CORDAMI DI SERVIZIO — Corrente paranco del ceppo d'ancora,,118,,2.50,,20.21,118-ShipOf22and20Guns.jpg,NECESSARY ROPES — Anchor stock tackle fall,,,400,450
1444,22-20 guns,NECESSARY ROPES,Bill pendant,CORDAMI DI SERVIZIO — Pendante Bill,,118,,4,,32.34,118-ShipOf22and20Guns.jpg,NECESSARY ROPES — Bill pendant,,,400,450
1445,22-20 guns,NECESSARY ROPES,Stoppers — sheet/best/small bower/spare,CORDAMI DI SERVIZIO — Bozze delle ancore principali,,118,,5.50,,44.47,118-ShipOf22and20Guns.jpg,NECESSARY ROPES — Stoppers — sheet/best/small bower/spare,,,400,450
1446,22-20 guns,NECESSARY ROPES,"Wing, cabled",CORDAMI DI SERVIZIO — Cavo wing,,118,,5.50,,44.47,118-ShipOf22and20Guns.jpg,"NECESSARY ROPES — Wing, cabled",,,400,450
1447,22-20 guns,NECESSARY ROPES,Dog,CORDAMI DI SERVIZIO — Cavo dog,,118,,5.50,,44.47,118-ShipOf22and20Guns.jpg,NECESSARY ROPES — Dog,,,400,450
1448,22-20 guns,NECESSARY ROPES,"Stream anchor, cabled",CORDAMI DI SERVIZIO — Gomena dell'ancora di corrente,,118,,4,,32.34,118-ShipOf22and20Guns.jpg,"NECESSARY ROPES — Stream anchor, cabled",,,400,450
1449,22-20 guns,NECESSARY ROPES,Kedge,CORDAMI DI SERVIZIO — Gomena dell'ancorotto,,118,,3,,24.26,118-ShipOf22and20Guns.jpg,NECESSARY ROPES — Kedge,,,400,450
1450,22-20 guns,NECESSARY ROPES,"Deck & bit, cabled",CORDAMI DI SERVIZIO — Cavi di coperta e bitte,,118,,7.50,,60.64,118-ShipOf22and20Guns.jpg,"NECESSARY ROPES — Deck & bit, cabled",,,400,450
1451,22-20 guns,NECESSARY ROPES,Shank painters — sheet anchor,CORDAMI DI SERVIZIO — Shank painter dell'ancora di posta,,119,,4.50,,36.38,119-ShipOf22and20Guns.jpg,NECESSARY ROPES — Shank painters — sheet anchor,,,400,450
1452,22-20 guns,NECESSARY ROPES,Shank painters — best bower,CORDAMI DI SERVIZIO — Shank painter best bower,,119,,5,,40.43,119-ShipOf22and20Guns.jpg,NECESSARY ROPES — Shank painters — best bower,,,400,450
1453,22-20 guns,NECESSARY ROPES,Shank painters — small bower,CORDAMI DI SERVIZIO — Shank painter small bower,,119,,5,,40.43,119-ShipOf22and20Guns.jpg,NECESSARY ROPES — Shank painters — small bower,,,400,450
1454,22-20 guns,NECESSARY ROPES,Shank painters — spare,CORDAMI DI SERVIZIO — Shank painter di rispetto,,119,,5,,40.43,119-ShipOf22and20Guns.jpg,NECESSARY ROPES — Shank painters — spare,,,400,450
1455,22-20 guns,NECESSARY ROPES,Buoy ropes — sheet anchor,CORDAMI DI SERVIZIO — Cima boa dell'ancora di posta,,119,,4.50,,36.38,119-ShipOf22and20Guns.jpg,NECESSARY ROPES — Buoy ropes — sheet anchor,,,400,450
1456,22-20 guns,NECESSARY ROPES,Buoy ropes — best bower,CORDAMI DI SERVIZIO — Cima boa best bower,,119,,4.50,,36.38,119-ShipOf22and20Guns.jpg,NECESSARY ROPES — Buoy ropes — best bower,,,400,450
1457,22-20 guns,NECESSARY ROPES,Buoy ropes — small bower,CORDAMI DI SERVIZIO — Cima boa small bower,,119,,4.50,,36.38,119-ShipOf22and20Guns.jpg,NECESSARY ROPES — Buoy ropes — small bower,,,400,450
1458,22-20 guns,NECESSARY ROPES,"Stream anchor, cabled",CORDAMI DI SERVIZIO — Gomena ancora di corrente,,119,,3,,24.26,119-ShipOf22and20Guns.jpg,"NECESSARY ROPES — Stream anchor, cabled",,,400,450
1459,22-20 guns,NECESSARY ROPES,"Kedge, cabled",CORDAMI DI SERVIZIO — Gomena ancorotto,,119,,3,,24.26,119-ShipOf22and20Guns.jpg,"NECESSARY ROPES — Kedge, cabled",,,400,450
1460,22-20 guns,NECESSARY ROPES,"Rudder pendants, cabled",CORDAMI DI SERVIZIO — Pendenti del timone,,119,,4.50,,36.38,119-ShipOf22and20Guns.jpg,"NECESSARY ROPES — Rudder pendants, cabled",,,400,450
1461,22-20 guns,NECESSARY ROPES,Gun,CORDAMI DI SERVIZIO — Cordame per cannone (voce Steel 'Gun'),,119,,5,,40.43,119-ShipOf22and20Guns.jpg,NECESSARY ROPES — Gun,,,400,450
1462,22-20 guns,LONGBOAT,Burton pendants,LANCIA — Pendenti Burton della lancia,,119,,3,,24.26,119-ShipOf22and20Guns.jpg,LONGBOAT — Burton pendants,,,400,450
1463,22-20 guns,LONGBOAT,Shrouds,LANCIA — Sartie della lancia,,119,,3,,24.26,119-ShipOf22and20Guns.jpg,LONGBOAT — Shrouds,,,400,450
1464,22-20 guns,LONGBOAT,Stay,LANCIA — Strallo della lancia,,119,,3.50,,28.30,119-ShipOf22and20Guns.jpg,LONGBOAT — Stay,,,400,450
1465,22-20 guns,LONGBOAT,Tye,LANCIA — Tye della lancia,,119,,,,12.13,119-ShipOf22and20Guns.jpg,LONGBOAT — Tye,,Circonferenza non leggibile con sufficiente certezza dalla tavola p.119; nessuna interpolazione. | Ø dedotto dalle classi Steel contigue; circonferenza originale non ricostruita.,400,450
1466,22-20 guns,LONGBOAT,Main halliard,LANCIA — Drizza maestra della lancia,,119,,1.50,,12.13,119-ShipOf22and20Guns.jpg,LONGBOAT — Main halliard,,,400,450
1467,22-20 guns,LONGBOAT,"Boat-rope, cabled",LANCIA — Cavo della lancia,,119,,5,,40.43,119-ShipOf22and20Guns.jpg,"LONGBOAT — Boat-rope, cabled",,,400,450
1468,22-20 guns,PINNACE,Halliards main and fore,PINNACCIA — Drizze maestra e trinchetto della pinnaccia,,120,,1.50,,12.13,120-ShipOf22and20Guns.jpg,PINNACE — Halliards main and fore,,,400,450
1469,22-20 guns,PINNACE,Sheets,PINNACCIA — Scotte della pinnaccia,,120,,1.50,,12.13,120-ShipOf22and20Guns.jpg,PINNACE — Sheets,,,400,450
1470,22-20 guns,PINNACE,"Grapnel-rope, cabled",PINNACCIA — Gomena del grappino della pinnaccia,,120,,3.50,,28.30,120-ShipOf22and20Guns.jpg,"PINNACE — Grapnel-rope, cabled",,,400,450
1471,22-20 guns,PINNACE,Painter,PINNACCIA — Barbetta della pinnaccia,,120,,3.50,,28.30,120-ShipOf22and20Guns.jpg,PINNACE — Painter,,,400,450
1472,22-20 guns,YAWL OR CUTTER,Halliards (if cutters),IOLE / CUTTER — Drizze della iole/cutter,,120,,2,,16.17,120-ShipOf22and20Guns.jpg,YAWL OR CUTTER — Halliards (if cutters),,,400,450
1473,22-20 guns,YAWL OR CUTTER,Sheets,IOLE / CUTTER — Scotte della iole/cutter,,120,,2 / 1.5,,14.15,120-ShipOf22and20Guns.jpg,YAWL OR CUTTER — Sheets,,Steel riporta due circonferenze nella stessa voce aggregata del database.,400,450
1474,22-20 guns,YAWL OR CUTTER,"Grapnel-rope, cabled",IOLE / CUTTER — Gomena del grappino della iole/cutter,,120,,3.50,,28.30,120-ShipOf22and20Guns.jpg,"YAWL OR CUTTER — Grapnel-rope, cabled",,,400,450
1475,22-20 guns,YAWL OR CUTTER,Painter,IOLE / CUTTER — Barbetta della iole/cutter,,120,,3.50,,28.30,120-ShipOf22and20Guns.jpg,YAWL OR CUTTER — Painter,,,400,450
1476,16-14 guns,BOWSPRIT,Woolding,Cerchiatura/legatura del bompresso,,121,,2,,16.17,121-ShipOf16-14Guns.jpg,,Fallback Steel — eccezione McKay,McKay indica wooldings/gammoning tra le voci da determinare specificamente per Bounty; il valore Steel resta solo riferimento finché non si legge la schedule numerica.,280,300
1477,16-14 guns,BOWSPRIT,Gammonings,Legature (gammoning) del bompresso,,121,,4.50,,36.38,121-ShipOf16-14Guns.jpg,,Fallback Steel — eccezione McKay,McKay indica wooldings/gammoning tra le voci da determinare specificamente per Bounty; il valore Steel resta solo riferimento finché non si legge la schedule numerica.,280,300
1478,16-14 guns,BOWSPRIT,"Shrouds, fine",Briglie/sartie del bompresso,,121,,4.50,,36.38,121-ShipOf16-14Guns.jpg,,Fallback utilizzabile,,280,300
1479,16-14 guns,BOWSPRIT,"Bobstays, cabled fine",Stragli inferiori del bompresso (bobstays),,121,,5,,40.43,121-ShipOf16-14Guns.jpg,,Fallback utilizzabile,,280,300
1480,16-14 guns,SPRITSAIL,Braces,Bracci del pennone di civada,,121,,2.50,,20.21,121-ShipOf16-14Guns.jpg,,Fallback utilizzabile,,280,300
1481,16-14 guns,SPRITSAIL,Lifts,Amantigli del pennone di civada,,121,,2,,16.17,121-ShipOf16-14Guns.jpg,,Fallback utilizzabile,,280,300
1482,16-14 guns,SPRITSAIL,Halliard,Drizza del pennone di civada,,121,,2,,16.17,121-ShipOf16-14Guns.jpg,,Fallback utilizzabile,,280,300
1483,16-14 guns,SPRITSAIL,Clew-lines,Imbrogli della civada,,121,,1.50,,12.13,121-ShipOf16-14Guns.jpg,,Fallback utilizzabile,,280,300
1484,16-14 guns,SPRITSAIL,Buntlines,Caricaboline della civada,,121,,1,,8.09,121-ShipOf16-14Guns.jpg,,Fallback utilizzabile,,280,300
1485,16-14 guns,SPRITSAIL,"Sheets, cabled single",Scotte della civada,,121,,3,,24.26,121-ShipOf16-14Guns.jpg,,Fallback utilizzabile,,280,300
1486,16-14 guns,FORE MAST,"Shrouds, cabled fine",Sartie di trinchetto,,122,,7,,56.60,122-ShipOf16-14Guns.jpg,,Fallback Steel — quantità/length corretti da McKay,McKay specifica 5 coppie di sartie sulla Bounty contro 7 nella base Steel; la correzione riguarda quantità/lunghezza complessiva. La circonferenza Steel resta qui come riferimento.,280,300
1487,16-14 guns,FORE MAST,Ratling,Griselle di trinchetto,,122,,1.50,,12.13,122-ShipOf16-14Guns.jpg,,Fallback utilizzabile,,280,300
1488,16-14 guns,FORE MAST,"Stay, cabled fine 4 strands",Strallo di trinchetto,,122,,9.50,,76.81,122-ShipOf16-14Guns.jpg,,Fallback utilizzabile,,280,300
1489,16-14 guns,FORE MAST,"Preventer stay, cabled 4 strands fine",Controstrallo di trinchetto,,122,,6,,48.51,122-ShipOf16-14Guns.jpg,,Fallback utilizzabile,,280,300
1490,16-14 guns,FORE MAST,Catharpin legs,Catarpine di trinchetto,,122,,3.50,,28.30,122-ShipOf16-14Guns.jpg,,Fallback utilizzabile,,280,300
1491,16-14 guns,FORE MAST,Jeers — tye,Jeers/drizza del pennone di trinchetto,,122,,7,,56.60,122-ShipOf16-14Guns.jpg,,Fallback utilizzabile,,280,300
1492,16-14 guns,FORE MAST,Yard tackle pendants,Pendenti dei paranchi del pennone di trinchetto,,122,,4.50,,36.38,122-ShipOf16-14Guns.jpg,,Fallback utilizzabile,,280,300
1493,16-14 guns,FORE MAST,Braces,Bracci del pennone di trinchetto,,122,,3.50,,28.30,122-ShipOf16-14Guns.jpg,,Fallback utilizzabile,,280,300
1494,16-14 guns,FORE MAST,Brace pendants,Pendenti dei bracci di trinchetto,,122,,3.50,,28.30,122-ShipOf16-14Guns.jpg,,Fallback utilizzabile,,280,300
1495,16-14 guns,FORE TOPMAST,Burton pendants,Pendenti Burton di parrocchetto,,123,,5,,40.43,123-ShipOf16-14Guns.jpg,,Fallback utilizzabile,,280,300
1496,16-14 guns,FORE TOPMAST,"Shrouds, fine",Sartie di parrocchetto,,123,,4.50,,36.38,123-ShipOf16-14Guns.jpg,,Fallback utilizzabile,,280,300
1497,16-14 guns,FORE TOPMAST,Ratling,Griselle di parrocchetto,,123,,1,,8.09,123-ShipOf16-14Guns.jpg,,Fallback utilizzabile,,280,300
1498,16-14 guns,FORE TOPMAST,"Standing backstays, fine",Paterazzi fissi di parrocchetto,,123,,4.50,,36.38,123-ShipOf16-14Guns.jpg,,Fallback utilizzabile,,280,300
1499,16-14 guns,FORE TOPMAST,Breast backstay runners,Corridori dei paterazzi laterali di parrocchetto,,123,,3,,24.26,123-ShipOf16-14Guns.jpg,,Fallback utilizzabile,,280,300
1500,16-14 guns,FORE TOPMAST,"Stay, cabled 4 strands fine",Strallo di parrocchetto,,123,,5,,40.43,123-ShipOf16-14Guns.jpg,,Fallback utilizzabile,,280,300
1501,16-14 guns,FORE TOPMAST,"Preventer stay, cabled 4 strands fine",Controstrallo di parrocchetto,,123,,4,,32.34,123-ShipOf16-14Guns.jpg,,Fallback utilizzabile,,280,300
1502,16-14 guns,FORE TOPMAST,"Shifting backstays, fine",Paterazzi volanti di parrocchetto,,123,,4.50,,36.38,123-ShipOf16-14Guns.jpg,,Fallback utilizzabile,,280,300
1503,16-14 guns,FORE TOPMAST,"Futtock shrouds, fine",Sartie di coffa di parrocchetto,,123,,4.50,,36.38,123-ShipOf16-14Guns.jpg,,Fallback utilizzabile,,280,300
1504,16-14 guns,FORE TOPMAST,"Top rope pendants, fine",Pendenti del top-rope di parrocchetto,,123,,6,,48.51,123-ShipOf16-14Guns.jpg,,Fallback utilizzabile,,280,300
1505,16-14 guns,FORE TOPMAST,Tye,Tye/drizza del parrocchetto,,123,,4.50,,36.38,123-ShipOf16-14Guns.jpg,,Fallback utilizzabile,,280,300
1506,16-14 guns,FORE TOPMAST,Braces,Bracci del parrocchetto,,123,,2,,16.17,123-ShipOf16-14Guns.jpg,,Fallback utilizzabile,,280,300
1507,16-14 guns,FORE TOPMAST,Lifts,Amantigli del parrocchetto,,123,,2.50,,20.21,123-ShipOf16-14Guns.jpg,,Fallback utilizzabile,,280,300
1508,16-14 guns,FORE TOPMAST,Clewlines,Imbrogli del parrocchetto,,123,,2,,16.17,123-ShipOf16-14Guns.jpg,,Fallback utilizzabile,,280,300
1509,16-14 guns,FORE TOPMAST,Buntlines,Caricaboline del parrocchetto,,123,,2,,16.17,123-ShipOf16-14Guns.jpg,,Fallback utilizzabile,,280,300
1510,16-14 guns,FORE TOPMAST,Leechlines,Caricascotte/leechlines del parrocchetto,,123,,1.50,,12.13,123-ShipOf16-14Guns.jpg,,Fallback utilizzabile,,280,300
1511,16-14 guns,FORE TOPMAST,Bowlines,Boline del parrocchetto,,123,,2,,16.17,123-ShipOf16-14Guns.jpg,,Fallback utilizzabile,,280,300
1512,16-14 guns,FORE TOPMAST,Sheets,Scotte del parrocchetto,,123,,4,,32.34,123-ShipOf16-14Guns.jpg,,Fallback utilizzabile,,280,300
1513,16-14 guns,MAIN MAST,"Shrouds, cabled fine",Sartie maestre,,124,,7,,56.60,124-ShipOf16-14Guns.jpg,,Fallback utilizzabile,,280,300
1514,16-14 guns,MAIN MAST,Ratling,Griselle maestre,,124,,1.50,,12.13,124-ShipOf16-14Guns.jpg,,Fallback utilizzabile,,280,300
1515,16-14 guns,MAIN MAST,"Stay, cabled 4 strands fine",Strallo maestro,,124,,10,,80.85,124-ShipOf16-14Guns.jpg,,Fallback utilizzabile,,280,300
1516,16-14 guns,MAIN MAST,"Preventer stay, cabled 4 strands fine",Controstrallo maestro,,124,,7,,56.60,124-ShipOf16-14Guns.jpg,,Fallback utilizzabile,,280,300
1517,16-14 guns,MAIN MAST,Catharpin legs,Catarpine maestre,,124,,3.50,,28.30,124-ShipOf16-14Guns.jpg,,Fallback utilizzabile,,280,300
1518,16-14 guns,MAIN MAST,Jeers — tye,Jeers/drizza del pennone maestro,,124,,7,,56.60,124-ShipOf16-14Guns.jpg,,Fallback utilizzabile,,280,300
1519,16-14 guns,MAIN MAST,Yard tackle pendants,Pendenti dei paranchi del pennone maestro,,124,,4.50,,36.38,124-ShipOf16-14Guns.jpg,,Fallback utilizzabile,,280,300
1520,16-14 guns,MAIN MAST,Braces,Bracci del pennone maestro,,124,,2,,16.17,124-ShipOf16-14Guns.jpg,,Fallback utilizzabile,,280,300
1521,16-14 guns,MAIN MAST,Brace pendants,Pendenti dei bracci maestri,,124,,3.50,,28.30,124-ShipOf16-14Guns.jpg,,Fallback utilizzabile,,280,300
1522,16-14 guns,MAIN MAST,Lifts,Amantigli del pennone maestro,,124,,3,,24.26,124-ShipOf16-14Guns.jpg,,Fallback utilizzabile,,280,300
1523,16-14 guns,MAIN COURSE,Clew-garnets,Caricascotte della maestra,,125,,2.50,,20.21,125-ShipOf16-14Guns.jpg,,Fallback utilizzabile,,280,300
1524,16-14 guns,MAIN COURSE,Buntline legs,Caricaboline della maestra,,125,,2,,16.17,125-ShipOf16-14Guns.jpg,,Fallback utilizzabile,,280,300
1525,16-14 guns,MAIN COURSE,Leechline legs,Leechlines della maestra,,125,,2,,16.17,125-ShipOf16-14Guns.jpg,,Fallback utilizzabile,,280,300
1526,16-14 guns,MAIN COURSE,Slablines,Slablines della maestra,,125,,1.50,,12.13,125-ShipOf16-14Guns.jpg,,Fallback utilizzabile,,280,300
1527,16-14 guns,MAIN COURSE,Bowlines,Boline della maestra,,125,,3,,24.26,125-ShipOf16-14Guns.jpg,,Fallback utilizzabile,,280,300
1528,16-14 guns,MAIN COURSE,"Sheets, cabled",Scotte della maestra,,125,,4.50,,36.38,125-ShipOf16-14Guns.jpg,,Fallback utilizzabile,,280,300
1529,16-14 guns,MAIN COURSE,"Tacks, taper and cabled",Mure della maestra,,125,,5.50,,44.47,125-ShipOf16-14Guns.jpg,,Fallback utilizzabile,,280,300
1530,16-14 guns,MAIN TOPMAST,Burton pendants,Pendenti Burton di gabbia maestra,,125,,3,,24.26,125-ShipOf16-14Guns.jpg,,Fallback utilizzabile,,280,300
1531,16-14 guns,MAIN TOPMAST,"Shrouds, fine",Sartie di gabbia maestra,,125,,4.50,,36.38,125-ShipOf16-14Guns.jpg,,Fallback utilizzabile,,280,300
1532,16-14 guns,MAIN TOPMAST,Ratling,Griselle di gabbia maestra,,125,,1,,8.09,125-ShipOf16-14Guns.jpg,,Fallback utilizzabile,,280,300
1533,16-14 guns,MAIN TOPMAST,"Standing backstays, fine",Paterazzi fissi di gabbia maestra,,125,,4.50,,36.38,125-ShipOf16-14Guns.jpg,,Fallback utilizzabile,,280,300
1534,16-14 guns,MAIN TOPMAST,Breast backstay runners,Corridori paterazzi laterali di gabbia,,125,,3,,24.26,125-ShipOf16-14Guns.jpg,,Fallback utilizzabile,,280,300
1535,16-14 guns,MAIN TOPMAST,"Stay, cabled 4 strands fine",Strallo di gabbia maestra,,125,,5.50,,44.47,125-ShipOf16-14Guns.jpg,,Fallback utilizzabile,,280,300
1536,16-14 guns,MAIN TOPMAST,"Preventer stay, cabled 4 strands fine",Controstrallo di gabbia maestra,,125,,4,,32.34,125-ShipOf16-14Guns.jpg,,Fallback utilizzabile,,280,300
1537,16-14 guns,MAIN TOPMAST,"Shifting backstays, fine",Paterazzi volanti di gabbia maestra,,125,,4.50,,36.38,125-ShipOf16-14Guns.jpg,,Fallback utilizzabile,,280,300
1538,16-14 guns,MAIN TOPMAST,"Futtock shrouds, fine",Sartie di coffa di gabbia maestra,,125,,4.50,,36.38,125-ShipOf16-14Guns.jpg,,Fallback utilizzabile,,280,300
1539,16-14 guns,MAIN TOPMAST,"Top rope pendants, fine",Pendenti top-rope di gabbia maestra,,125,,6,,48.51,125-ShipOf16-14Guns.jpg,,Fallback utilizzabile,,280,300
1540,16-14 guns,MAIN TOPGALLANT,Shrouds,Sartie di velaccio maestro,,126,,2.50,,20.21,126-ShipOf16-14Guns.jpg,,Fallback utilizzabile,,280,300
1541,16-14 guns,MAIN TOPGALLANT,Standing backstays,Paterazzi fissi di velaccio maestro,,126,,2.50,,20.21,126-ShipOf16-14Guns.jpg,,Fallback utilizzabile,,280,300
1542,16-14 guns,MAIN TOPGALLANT,"Stay, cabled 4 strands",Strallo di velaccio maestro,,126,,3,,24.26,126-ShipOf16-14Guns.jpg,,Fallback utilizzabile,,280,300
1543,16-14 guns,MAIN TOPGALLANT,Tye,Tye/drizza del velaccio maestro,,126,,2.50,,20.21,126-ShipOf16-14Guns.jpg,,Fallback utilizzabile,,280,300
1544,16-14 guns,MAIN TOPGALLANT,Braces,Bracci del velaccio maestro,,126,,1.50,,12.13,126-ShipOf16-14Guns.jpg,,Fallback utilizzabile,,280,300
1545,16-14 guns,MAIN TOPGALLANT,"Lifts, single",Amantigli del velaccio maestro,,126,,2,,16.17,126-ShipOf16-14Guns.jpg,,Fallback utilizzabile,,280,300
1546,16-14 guns,MAIN TOPGALLANT,Clewlines,Imbrogli del velaccio maestro,,126,,1,,8.09,126-ShipOf16-14Guns.jpg,,Fallback utilizzabile,,280,300
1547,16-14 guns,MAIN TOPGALLANT,Bowlines,Boline del velaccio maestro,,126,,1,,8.09,126-ShipOf16-14Guns.jpg,,Fallback utilizzabile,,280,300
1548,16-14 guns,MIZEN MAST,"Shrouds, fine",Sartie di mezzana,,127,,4.50,,36.38,127-ShipOf16-14Guns.jpg,,Fallback utilizzabile,,280,300
1549,16-14 guns,MIZEN MAST,Ratling,Griselle di mezzana,,127,,1,,8.09,127-ShipOf16-14Guns.jpg,,Fallback utilizzabile,,280,300
1550,16-14 guns,MIZEN MAST,"Stay, cabled 4 strands fine",Strallo di mezzana,,127,,5.50,,44.47,127-ShipOf16-14Guns.jpg,,Fallback utilizzabile,,280,300
1551,16-14 guns,MIZEN MAST,Jeers,Jeers della mezzana,,127,,3,,24.26,127-ShipOf16-14Guns.jpg,,Fallback utilizzabile,,280,300
1552,16-14 guns,MIZEN MAST,Vang pendants,Pendenti dei vang della mezzana,,127,,3,,24.26,127-ShipOf16-14Guns.jpg,,Fallback utilizzabile,,280,300
1553,16-14 guns,MIZEN MAST,Bowlines,Boline della mezzana,,127,,,,20.21,127-ShipOf16-14Guns.jpg,,N/D dalla tavola,Voce presente/compatibile nel master ma la tavola Steel 16/14 non fornisce una misura leggibile/utilizzabile per questa riga. | Ø dedotto dalle classi Steel contigue; circonferenza originale non ricostruita.,280,300
1554,16-14 guns,CROSS-JACK YARD,Braces,Bracci della vergasecca,,127,,1.50,,12.13,127-ShipOf16-14Guns.jpg,,Fallback utilizzabile,,280,300
1555,16-14 guns,CROSS-JACK YARD,"Lifts, running",Amantigli della vergasecca,,127,,1.50,,12.13,127-ShipOf16-14Guns.jpg,,Fallback utilizzabile,,280,300
1556,16-14 guns,MIZEN TOPMAST,"Shrouds, fine",Sartie di contromezzana,,127,,2.50,,20.21,127-ShipOf16-14Guns.jpg,,Fallback utilizzabile,,280,300
1557,16-14 guns,MIZEN TOPMAST,Ratling,Griselle di contromezzana,,127,,1,,8.09,127-ShipOf16-14Guns.jpg,,Fallback utilizzabile,,280,300
1558,16-14 guns,MIZEN TOPMAST,"Standing backstays, fine",Paterazzi fissi di contromezzana,,127,,2.50,,20.21,127-ShipOf16-14Guns.jpg,,Fallback utilizzabile,,280,300
1559,16-14 guns,MIZEN TOPMAST,"Stay, cabled 4 strands fine",Strallo di contromezzana,,127,,3,,24.26,127-ShipOf16-14Guns.jpg,,Fallback utilizzabile,,280,300
1560,16-14 guns,MIZEN TOPGALLANT,Shrouds,Sartie di belvedere,,128,,,,16.17,128-ShipOf16-14Guns.jpg,,N/P sulla Bounty,McKay descrive sulla mezzana la sola topsail: nessuna mizzen topgallant sail sulla Bounty alla partenza. | Ø dedotto dalle classi Steel contigue; circonferenza originale non ricostruita.,280,300
1561,16-14 guns,MIZEN TOPGALLANT,Backstays,Paterazzi di belvedere,,128,,,,16.17,128-ShipOf16-14Guns.jpg,,N/P sulla Bounty,McKay descrive sulla mezzana la sola topsail: nessuna mizzen topgallant sail sulla Bounty alla partenza. | Ø dedotto dalle classi Steel contigue; circonferenza originale non ricostruita.,280,300
1562,16-14 guns,MIZEN TOPGALLANT,Stay,Strallo di belvedere,,128,,,,20.21,128-ShipOf16-14Guns.jpg,,N/P sulla Bounty,McKay descrive sulla mezzana la sola topsail: nessuna mizzen topgallant sail sulla Bounty alla partenza. | Ø dedotto dalle classi Steel contigue; circonferenza originale non ricostruita.,280,300
1563,16-14 guns,MIZEN TOPGALLANT,Tye,Tye/drizza di belvedere,,128,,,,16.17,128-ShipOf16-14Guns.jpg,,N/P sulla Bounty,McKay descrive sulla mezzana la sola topsail: nessuna mizzen topgallant sail sulla Bounty alla partenza. | Ø dedotto dalle classi Steel contigue; circonferenza originale non ricostruita.,280,300
1564,16-14 guns,NECESSARY ROPES,"Viol, cabled",Viol / grande cavo di tonneggio,,128,,,,56.60,128-ShipOf16-14Guns.jpg,,N/D dalla tavola,Voce presente/compatibile nel master ma la tavola Steel 16/14 non fornisce una misura leggibile/utilizzabile per questa riga. | Ø dedotto dalle classi Steel contigue; circonferenza originale non ricostruita.,280,300
1565,16-14 guns,NECESSARY ROPES,Winding tackle pendant,Pendante del paranco di tonneggio,,128,,,,56.60,128-ShipOf16-14Guns.jpg,,N/D dalla tavola,Voce presente/compatibile nel master ma la tavola Steel 16/14 non fornisce una misura leggibile/utilizzabile per questa riga. | Ø dedotto dalle classi Steel contigue; circonferenza originale non ricostruita.,280,300
1566,16-14 guns,NECESSARY ROPES,Cat falls,Cavi di caponatura dell'ancora,,128,,3,,24.26,128-ShipOf16-14Guns.jpg,,Fallback utilizzabile,,280,300
1567,16-14 guns,NECESSARY ROPES,Fish tackle pendant,Pendante del paranco di pescaggio dell'ancora,,128,,5.50,,44.47,128-ShipOf16-14Guns.jpg,,Fallback utilizzabile,,280,300
1568,16-14 guns,NECESSARY ROPES,Fish tackle fall,Corrente del paranco di pescaggio dell'ancora,,128,,3,,24.26,128-ShipOf16-14Guns.jpg,,Fallback utilizzabile,,280,300
1569,16-14 guns,NECESSARY ROPES,Anchor stock tackle fall,Corrente paranco del ceppo d'ancora,,128,,2,,16.17,128-ShipOf16-14Guns.jpg,,Fallback utilizzabile,,280,300
1570,16-14 guns,NECESSARY ROPES,Bill pendant,Pendante Bill,,128,,3,,24.26,128-ShipOf16-14Guns.jpg,,Fallback utilizzabile,,280,300
1571,16-14 guns,NECESSARY ROPES,Stoppers — sheet/best/small bower/spare,Bozze delle ancore principali,,128,,5,,40.43,128-ShipOf16-14Guns.jpg,,Fallback utilizzabile,,280,300
1572,16-14 guns,NECESSARY ROPES,"Wing, cabled",Cavo wing,,128,,5,,40.43,128-ShipOf16-14Guns.jpg,,Fallback utilizzabile,,280,300
1573,16-14 guns,NECESSARY ROPES,Log,Cavo log,,128,,5,,40.43,128-ShipOf16-14Guns.jpg,,Fallback utilizzabile,,280,300
1574,16-14 guns,NECESSARY ROPES,"Stream anchor, cabled",Gomena dell'ancora di corrente,,128,,3,,24.26,128-ShipOf16-14Guns.jpg,,Fallback utilizzabile,,280,300
1575,16-14 guns,NECESSARY ROPES,Kedge,Gomena dell'ancorotto,,128,,2.50,,20.21,128-ShipOf16-14Guns.jpg,,Fallback utilizzabile,,280,300
1576,16-14 guns,NECESSARY ROPES,"Deck & bit, cabled",Cavi di coperta e bitte,,128,,7,,56.60,128-ShipOf16-14Guns.jpg,,Fallback utilizzabile,,280,300
1577,16-14 guns,NECESSARY ROPES,Shank painters — sheet anchor,Shank painter dell'ancora di posta,,128,,4.50,,36.38,128-ShipOf16-14Guns.jpg,,Fallback utilizzabile,,280,300
1578,16-14 guns,NECESSARY ROPES,Shank painters — best bower,Shank painter best bower,,128,,4.50,,36.38,128-ShipOf16-14Guns.jpg,,Fallback utilizzabile,,280,300
1579,16-14 guns,NECESSARY ROPES,Shank painters — small bower,Shank painter small bower,,128,,4.50,,36.38,128-ShipOf16-14Guns.jpg,,Fallback utilizzabile,,280,300
1580,16-14 guns,NECESSARY ROPES,Shank painters — spare,Shank painter di rispetto,,128,,4.50,,36.38,128-ShipOf16-14Guns.jpg,,Fallback utilizzabile,,280,300
1581,16-14 guns,NECESSARY ROPES,Buoy ropes — sheet anchor,Cima boa dell'ancora di posta,,128,,4,,32.34,128-ShipOf16-14Guns.jpg,,Fallback utilizzabile,,280,300
1582,16-14 guns,NECESSARY ROPES,Buoy ropes — best bower,Cima boa best bower,,128,,4,,32.34,128-ShipOf16-14Guns.jpg,,Fallback utilizzabile,,280,300
1583,16-14 guns,NECESSARY ROPES,Buoy ropes — small bower,Cima boa small bower,,128,,4,,32.34,128-ShipOf16-14Guns.jpg,,Fallback utilizzabile,,280,300
1584,16-14 guns,NECESSARY ROPES,"Stream anchor, cabled",Gomena ancora di corrente,,128,,3,,24.26,128-ShipOf16-14Guns.jpg,,Fallback utilizzabile,,280,300
1585,16-14 guns,NECESSARY ROPES,"Kedge, cabled",Gomena ancorotto,,128,,2.50,,20.21,128-ShipOf16-14Guns.jpg,,Fallback utilizzabile,,280,300
1586,16-14 guns,NECESSARY ROPES,"Rudder pendants, cabled",Pendenti del timone,,129,,4,,32.34,129-ShipOf16-14Guns.jpg,,Fallback utilizzabile,,280,300
1587,16-14 guns,NECESSARY ROPES,Gun,Cordame per cannone (voce Steel 'Gun'),,129,,4.50,,36.38,129-ShipOf16-14Guns.jpg,,Fallback utilizzabile,,280,300
1588,16-14 guns,LONGBOAT,Burton pendants,Pendenti Burton della lancia,,129,,,,24.26,129-ShipOf16-14Guns.jpg,,N/D — barca non equivalente,La tabella Steel 16/14 riporta LAUNCH; la voce del master LONGBOAT non ha un equivalente diretto sicuro per questa specifica manovra. | Ø dedotto dalle classi Steel contigue; circonferenza originale non ricostruita.,280,300
1589,16-14 guns,LONGBOAT,Shrouds,Sartie della lancia,,129,,,,24.26,129-ShipOf16-14Guns.jpg,,N/D — barca non equivalente,La tabella Steel 16/14 riporta LAUNCH; la voce del master LONGBOAT non ha un equivalente diretto sicuro per questa specifica manovra. | Ø dedotto dalle classi Steel contigue; circonferenza originale non ricostruita.,280,300
1590,16-14 guns,LONGBOAT,Stay,Strallo della lancia,,129,,2,,16.17,129-ShipOf16-14Guns.jpg,,Fallback Steel — LAUNCH → LONGBOAT master,Corrispondenza funzionale usata solo come fallback nel master universale.,280,300
1591,16-14 guns,LONGBOAT,Tye,Tye della lancia,,129,,,,12.13,129-ShipOf16-14Guns.jpg,,N/D — barca non equivalente,La tabella Steel 16/14 riporta LAUNCH; la voce del master LONGBOAT non ha un equivalente diretto sicuro per questa specifica manovra. | Ø dedotto dalle classi Steel contigue; circonferenza originale non ricostruita.,280,300
1592,16-14 guns,LONGBOAT,Main halliard,Drizza maestra della lancia,,129,,1,,8.09,129-ShipOf16-14Guns.jpg,,Fallback Steel — LAUNCH → LONGBOAT master,Corrispondenza funzionale usata solo come fallback nel master universale.,280,300
1593,16-14 guns,LONGBOAT,"Boat-rope, cabled",Cavo della lancia,,129,,,,36.38,129-ShipOf16-14Guns.jpg,,N/D — barca non equivalente,La tabella Steel 16/14 riporta LAUNCH; la voce del master LONGBOAT non ha un equivalente diretto sicuro per questa specifica manovra. | Ø dedotto dalle classi Steel contigue; circonferenza originale non ricostruita.,280,300
1594,16-14 guns,PINNACE,Halliards main and fore,Drizze maestra e trinchetto della pinnaccia,,129,,1.50,,12.13,129-ShipOf16-14Guns.jpg,,Fallback Steel — boat table,Dalla sezione PINNACE / YAWL OR CUTTER delle tavole 16/14 guns.,280,300
1595,16-14 guns,PINNACE,Sheets,Scotte della pinnaccia,,129,,1.50,,12.13,129-ShipOf16-14Guns.jpg,,Fallback Steel — boat table,Dalla sezione PINNACE / YAWL OR CUTTER delle tavole 16/14 guns.,280,300
1596,16-14 guns,PINNACE,"Grapnel-rope, cabled",Gomena del grappino della pinnaccia,,129,,3.50,,28.30,129-ShipOf16-14Guns.jpg,,Fallback Steel — boat table,Dalla sezione PINNACE / YAWL OR CUTTER delle tavole 16/14 guns.,280,300
1597,16-14 guns,PINNACE,Painter,Barbetta della pinnaccia,,129,,3.50,,28.30,129-ShipOf16-14Guns.jpg,,Fallback Steel — boat table,Dalla sezione PINNACE / YAWL OR CUTTER delle tavole 16/14 guns.,280,300
1598,16-14 guns,YAWL OR CUTTER,Halliards (if cutters),Drizze della iole/cutter,,129,,1.50,,12.13,129-ShipOf16-14Guns.jpg,,Fallback Steel — boat table,Dalla sezione PINNACE / YAWL OR CUTTER delle tavole 16/14 guns.,280,300
1599,16-14 guns,YAWL OR CUTTER,Sheets,Scotte della iole/cutter,,129,,1.50,,12.13,129-ShipOf16-14Guns.jpg,,Fallback Steel — boat table,Dalla sezione PINNACE / YAWL OR CUTTER delle tavole 16/14 guns.,280,300
1600,16-14 guns,YAWL OR CUTTER,"Grapnel-rope, cabled",Gomena del grappino della iole/cutter,,129,,3.50,,28.30,129-ShipOf16-14Guns.jpg,,Fallback Steel — boat table,Dalla sezione PINNACE / YAWL OR CUTTER delle tavole 16/14 guns.,280,300
1601,16-14 guns,YAWL OR CUTTER,Painter,Barbetta della iole/cutter,,129,,3.50,,28.30,129-ShipOf16-14Guns.jpg,,Fallback Steel — boat table,Dalla sezione PINNACE / YAWL OR CUTTER delle tavole 16/14 guns.,280,300
1602,Cutter 200t,BOWSPRIT,"Shrouds, 1 Pair",,,141,,5.50,,44.47,141-CutterOf200Tons.jpg,,,,200,200
1603,Cutter 200t,BOWSPRIT,"Tackle Falls, 2",,,141,,2.50,,20.21,141-CutterOf200Tons.jpg,,,,200,200
1604,Cutter 200t,JIBB,"Stay cabled, 4 strands, fine",,,141,,5,,40.43,141-CutterOf200Tons.jpg,,,,200,200
1605,Cutter 200t,JIBB,Halyard,,,141,,3.50,,28.30,141-CutterOf200Tons.jpg,,,,200,200
1606,Cutter 200t,JIBB,Jack,,,141,,6.50,,52.55,141-CutterOf200Tons.jpg,,,,200,200
1607,Cutter 200t,JIBB,"Sheets cable laid, 2",,,141,,5,,40.43,141-CutterOf200Tons.jpg,,,,200,200
1608,Cutter 200t,JIBB,Downhaller,,,141,,2,,16.17,141-CutterOf200Tons.jpg,,,,200,200
1609,Cutter 200t,JIBB,Inhaller,,,141,,2.50,,20.21,141-CutterOf200Tons.jpg,,,,200,200
1610,Cutter 200t,JIBB,Heelrope,,,141,,3,,24.26,141-CutterOf200Tons.jpg,,,,200,200
1611,Cutter 200t,JIBB,Flying Jib Halyard,,,141,,2.50,,20.21,141-CutterOf200Tons.jpg,,,,200,200
1612,Cutter 200t,JIBB,"Flying Jib Sheets, 2",,,141,,2.50,,20.21,141-CutterOf200Tons.jpg,,,,200,200
1613,Cutter 200t,JIBB,Flying Jib Jack,,,141,,2.50,,20.21,141-CutterOf200Tons.jpg,,,,200,200
1614,Cutter 200t,JIBB,Flying Jib Downhaller,,,141,,2,,16.17,141-CutterOf200Tons.jpg,,,,200,200
1615,Cutter 200t,FORE-MAST,Sail Halyards,,,141,,2.50,,20.21,141-CutterOf200Tons.jpg,,,,200,200
1616,Cutter 200t,FORE-MAST,Downhaller,,,141,,2,,16.17,141-CutterOf200Tons.jpg,,,,200,200
1617,Cutter 200t,FORE-MAST,Jack Tackle,,,141,,2.50,,20.21,141-CutterOf200Tons.jpg,,,,200,200
1618,Cutter 200t,FORE-MAST,Bowline,,,141,,3,,24.26,141-CutterOf200Tons.jpg,,,,200,200
1619,Cutter 200t,FORE-MAST,Bridles,,,141,,3,,24.26,141-CutterOf200Tons.jpg,,,,200,200
1620,Cutter 200t,FORE-MAST,Sheets,,,141,,3,,24.26,141-CutterOf200Tons.jpg,,,,200,200
1621,Cutter 200t,MAIN-MAST,"Girdlines, 2",,,141,,2.50,,20.21,141-CutterOf200Tons.jpg,,,,200,200
1622,Cutter 200t,MAIN-MAST,"Lashings, 2",,,141,,1,,8.09,141-CutterOf200Tons.jpg,,,,200,200
1623,Cutter 200t,MAIN-MAST,"Pendants of Tackles, 2",,,141,,6,,48.51,141-CutterOf200Tons.jpg,,,,200,200
1624,Cutter 200t,MAIN-MAST,"Runners of Tackles, 2",,,141,,5.50,,44.47,141-CutterOf200Tons.jpg,,,,200,200
1625,Cutter 200t,MAIN-MAST,"Falls, 2",,,141,,3.50,,28.30,141-CutterOf200Tons.jpg,,,,200,200
1626,Cutter 200t,MAIN-MAST,"Shrouds cabled fine, 4 Pair",,,141,,8,,64.68,141-CutterOf200Tons.jpg,,,,200,200
1627,Cutter 200t,MAIN-MAST,Ratling,,,141,,1.50,,12.13,141-CutterOf200Tons.jpg,,,,200,200
1628,Cutter 200t,MAIN-MAST,"Stay cabled, 4 Strands, fine",,,141,,13,,105.11,141-CutterOf200Tons.jpg,,,,200,200
1629,Cutter 200t,MAIN-MAST,Preventer Stay cab. 4 Strands,,,141,,6.50,,52.55,141-CutterOf200Tons.jpg,,,,200,200
1630,Cutter 200t,MAIN-MAST,Boom Topping Lift,,,141,,4.50,,36.38,141-CutterOf200Tons.jpg,,,,200,200
1631,Cutter 200t,MAIN-MAST,Runner,,,141,,4,,32.34,141-CutterOf200Tons.jpg,,,,200,200
1632,Cutter 200t,MAIN-MAST,Fall,,,141,,2.50,,20.21,141-CutterOf200Tons.jpg,,,,200,200
1633,Cutter 200t,MAIN-MAST,Guy Pendant,,,141,,5,,40.43,141-CutterOf200Tons.jpg,,,,200,200
1634,Cutter 200t,MAIN-MAST,Tackle Fall,,,141,,3,,24.26,141-CutterOf200Tons.jpg,,,,200,200
1635,Cutter 200t,MAIN-MAST,Gaff Span,,,141,,4.50,,36.38,141-CutterOf200Tons.jpg,,,,200,200
1636,Cutter 200t,MAIN-MAST,Downhaller Peck,,,141,,2,,16.17,141-CutterOf200Tons.jpg,,,,200,200
1637,Cutter 200t,MAIN-MAST,Throat,,,141,,2,,16.17,141-CutterOf200Tons.jpg,,,,200,200
1638,Cutter 200t,MAIN-MAST,Inner Tye,,,141,,6,,48.51,141-CutterOf200Tons.jpg,,,,200,200
1639,Cutter 200t,MAIN-MAST,Inner Tye Halyard,,,141,,3,,24.26,141-CutterOf200Tons.jpg,,,,200,200
1640,Cutter 200t,MAIN-MAST,Outer Tye Halyard,,,141,,3.50,,28.30,141-CutterOf200Tons.jpg,,,,200,200
1641,Cutter 200t,MAIN-MAST,Sheet,,,141,,3,,24.26,141-CutterOf200Tons.jpg,,,,200,200
1642,Cutter 200t,MAIN-MAST,Sheet Rope,,,141,,2,,16.17,141-CutterOf200Tons.jpg,,,,200,200
1643,Cutter 200t,TOP-MAST,Tackle Fall,,,142,,3,,24.26,142-CutterOf200Tons.jpg,,,,200,200
1644,Cutter 200t,TOP-MAST,Tye,,,142,,3,,24.26,142-CutterOf200Tons.jpg,,,,200,200
1645,Cutter 200t,TOP-MAST,Halyard,,,142,,3,,24.26,142-CutterOf200Tons.jpg,,,,200,200
1646,Cutter 200t,CROSS-JACK-YARD,"Clewlines, 2",,,142,,2,,16.17,142-CutterOf200Tons.jpg,,,,200,200
1647,Cutter 200t,CROSS-JACK-YARD,"Braces, 2",,,142,,3,,24.26,142-CutterOf200Tons.jpg,,,,200,200
1648,Cutter 200t,CROSS-JACK-YARD,"Sheets, 2",,,142,,3,,24.26,142-CutterOf200Tons.jpg,,,,200,200
1649,Cutter 200t,NECESSARY ROPES,"Cat Falls, 2",,,142,,3,,24.26,142-CutterOf200Tons.jpg,,,,200,200
1650,Cutter 200t,NECESSARY ROPES,Fish Tackle Pendant,,,142,,4,,32.34,142-CutterOf200Tons.jpg,,,,200,200
1651,Cutter 200t,NECESSARY ROPES,Sheet Bower,,,142,,5,,40.43,142-CutterOf200Tons.jpg,,,,200,200
1652,Cutter 200t,NECESSARY ROPES,Small Bower,,,142,,5,,40.43,142-CutterOf200Tons.jpg,,,,200,200
1653,Cutter 200t,NECESSARY ROPES,Stream Anchor,,,142,,4.50,,36.38,142-CutterOf200Tons.jpg,,,,200,200
1654,Cutter 200t,NECESSARY ROPES,Kedge Ditto,,,142,,4,,32.34,142-CutterOf200Tons.jpg,,,,200,200
1655,Cutter 200t,NECESSARY ROPES,"Deck & Bit, cabled",,,142,,6.50,,52.55,142-CutterOf200Tons.jpg,,,,200,200
1656,Cutter 200t,NECESSARY ROPES,Wheel (white),,,142,,2,,16.17,142-CutterOf200Tons.jpg,,,,200,200
1657,Brig 160t,BOWSPRIT,Woolding,BOMPRESSO — Cerchiatura/legatura del bompresso,,131,,4,,32.34,131-BrigOf160Tons.jpg,BOWSPRIT — Woolding,,,160,160
1658,Brig 160t,BOWSPRIT,Gammonings,BOMPRESSO — Legature (gammoning) del bompresso,,131,,4,,32.34,131-BrigOf160Tons.jpg,BOWSPRIT — Gammonings,,,160,160
1659,Brig 160t,BOWSPRIT,"Shrouds, fine",BOMPRESSO — Briglie/sartie del bompresso,,131,,4,,32.34,131-BrigOf160Tons.jpg,"BOWSPRIT — Shrouds, fine",,,160,160
1660,Brig 160t,BOWSPRIT,"Bobstays, cabled fine",BOMPRESSO — Stragli inferiori del bompresso (bobstays),,131,,4,,32.34,131-BrigOf160Tons.jpg,"BOWSPRIT — Bobstays, cabled fine",,,160,160
1661,Brig 160t,SPRITSAIL,Braces,CIVADA — Bracci del pennone di civada,,131,,2,,16.17,131-BrigOf160Tons.jpg,SPRITSAIL — Braces,,,160,160
1662,Brig 160t,SPRITSAIL,Lifts,CIVADA — Amantigli del pennone di civada,,131,,2,,16.17,131-BrigOf160Tons.jpg,SPRITSAIL — Lifts,,,160,160
1663,Brig 160t,SPRITSAIL,Halliard,CIVADA — Drizza del pennone di civada,,131,,1.50,,12.13,131-BrigOf160Tons.jpg,SPRITSAIL — Halliard,,,160,160
1664,Brig 160t,SPRITSAIL,Clew-lines,CIVADA — Imbrogli della civada,,131,,1.50,,12.13,131-BrigOf160Tons.jpg,SPRITSAIL — Clew-lines,,,160,160
1665,Brig 160t,SPRITSAIL,Buntlines,CIVADA — Caricaboline della civada,,131,,1,,8.09,131-BrigOf160Tons.jpg,SPRITSAIL — Buntlines,,,160,160
1666,Brig 160t,SPRITSAIL,"Sheets, cabled single",CIVADA — Scotte della civada,,131,,2.50,,20.21,131-BrigOf160Tons.jpg,"SPRITSAIL — Sheets, cabled single",,,160,160
1667,Brig 160t,FORE MAST,"Shrouds, cabled fine",ALBERO DI TRINCHETTO — Sartie di trinchetto,,132,,5,,40.43,132-BrigOf160Tons.jpg,"FORE MAST — Shrouds, cabled fine",,,160,160
1668,Brig 160t,FORE MAST,Ratling,ALBERO DI TRINCHETTO — Griselle di trinchetto,,132,,1,,8.09,132-BrigOf160Tons.jpg,FORE MAST — Ratling,,,160,160
1669,Brig 160t,FORE MAST,"Stay, cabled fine 4 strands",ALBERO DI TRINCHETTO — Strallo di trinchetto,,132,,7,,56.60,132-BrigOf160Tons.jpg,"FORE MAST — Stay, cabled fine 4 strands",,,160,160
1670,Brig 160t,FORE MAST,"Preventer stay, cabled 4 strands fine",ALBERO DI TRINCHETTO — Controstrallo di trinchetto,,132,,5,,40.43,132-BrigOf160Tons.jpg,"FORE MAST — Preventer stay, cabled 4 strands fine",,,160,160
1671,Brig 160t,FORE MAST,Catharpin legs,ALBERO DI TRINCHETTO — Catarpine di trinchetto,,132,,3,,24.26,132-BrigOf160Tons.jpg,FORE MAST — Catharpin legs,,,160,160
1672,Brig 160t,FORE MAST,Jeers — tye,ALBERO DI TRINCHETTO — Jeers/drizza del pennone di trinchetto,,132,,5,,40.43,132-BrigOf160Tons.jpg,FORE MAST — Jeers — tye,,,160,160
1673,Brig 160t,FORE MAST,Yard tackle pendants,ALBERO DI TRINCHETTO — Pendenti dei paranchi del pennone di trinchetto,,132,,4,,32.34,132-BrigOf160Tons.jpg,FORE MAST — Yard tackle pendants,,,160,160
1674,Brig 160t,FORE MAST,Braces,ALBERO DI TRINCHETTO — Bracci del pennone di trinchetto,,132,,3,,24.26,132-BrigOf160Tons.jpg,FORE MAST — Braces,,,160,160
1675,Brig 160t,FORE MAST,Brace pendants,ALBERO DI TRINCHETTO — Pendenti dei bracci di trinchetto,,132,,3,,24.26,132-BrigOf160Tons.jpg,FORE MAST — Brace pendants,,,160,160
1676,Brig 160t,FORE TOPMAST,Burton pendants,ALBERETTO DI PARROCCHETTO — Pendenti Burton di parrocchetto,,133,,3,,24.26,133-BrigOf160Tons.jpg,FORE TOPMAST — Burton pendants,,,160,160
1677,Brig 160t,FORE TOPMAST,"Shrouds, fine",ALBERETTO DI PARROCCHETTO — Sartie di parrocchetto,,133,,3.50,,28.30,133-BrigOf160Tons.jpg,"FORE TOPMAST — Shrouds, fine",,,160,160
1678,Brig 160t,FORE TOPMAST,Ratling,ALBERETTO DI PARROCCHETTO — Griselle di parrocchetto,,133,,1,,8.09,133-BrigOf160Tons.jpg,FORE TOPMAST — Ratling,,,160,160
1679,Brig 160t,FORE TOPMAST,"Standing backstays, fine",ALBERETTO DI PARROCCHETTO — Paterazzi fissi di parrocchetto,,133,,3.50,,28.30,133-BrigOf160Tons.jpg,"FORE TOPMAST — Standing backstays, fine",,,160,160
1680,Brig 160t,FORE TOPMAST,Breast backstay runners,ALBERETTO DI PARROCCHETTO — Corridori dei paterazzi laterali di parrocchetto,,133,,2.50,,20.21,133-BrigOf160Tons.jpg,FORE TOPMAST — Breast backstay runners,,,160,160
1681,Brig 160t,FORE TOPMAST,"Stay, cabled 4 strands fine",ALBERETTO DI PARROCCHETTO — Strallo di parrocchetto,,133,,4,,32.34,133-BrigOf160Tons.jpg,"FORE TOPMAST — Stay, cabled 4 strands fine",,,160,160
1682,Brig 160t,FORE TOPMAST,"Preventer stay, cabled 4 strands fine",ALBERETTO DI PARROCCHETTO — Controstrallo di parrocchetto,,133,,3,,24.26,133-BrigOf160Tons.jpg,"FORE TOPMAST — Preventer stay, cabled 4 strands fine",,,160,160
1683,Brig 160t,FORE TOPMAST,"Shifting backstays, fine",ALBERETTO DI PARROCCHETTO — Paterazzi volanti di parrocchetto,,133,,3.50,,28.30,133-BrigOf160Tons.jpg,"FORE TOPMAST — Shifting backstays, fine",,,160,160
1684,Brig 160t,FORE TOPMAST,"Futtock shrouds, fine",ALBERETTO DI PARROCCHETTO — Sartie di coffa di parrocchetto,,133,,3.50,,28.30,133-BrigOf160Tons.jpg,"FORE TOPMAST — Futtock shrouds, fine",,,160,160
1685,Brig 160t,FORE TOPMAST,"Top rope pendants, fine",ALBERETTO DI PARROCCHETTO — Pendenti del top-rope di parrocchetto,,133,,4,,32.34,133-BrigOf160Tons.jpg,"FORE TOPMAST — Top rope pendants, fine",,,160,160
1686,Brig 160t,FORE TOPMAST,Tye,ALBERETTO DI PARROCCHETTO — Tye/drizza del parrocchetto,,133,,3,,24.26,133-BrigOf160Tons.jpg,FORE TOPMAST — Tye,,,160,160
1687,Brig 160t,FORE TOPMAST,Braces,ALBERETTO DI PARROCCHETTO — Bracci del parrocchetto,,133,,2,,16.17,133-BrigOf160Tons.jpg,FORE TOPMAST — Braces,,,160,160
1688,Brig 160t,FORE TOPMAST,Lifts,ALBERETTO DI PARROCCHETTO — Amantigli del parrocchetto,,133,,2,,16.17,133-BrigOf160Tons.jpg,FORE TOPMAST — Lifts,,,160,160
1689,Brig 160t,FORE TOPMAST,Clewlines,ALBERETTO DI PARROCCHETTO — Imbrogli del parrocchetto,,133,,2,,16.17,133-BrigOf160Tons.jpg,FORE TOPMAST — Clewlines,,,160,160
1690,Brig 160t,FORE TOPMAST,Buntlines,ALBERETTO DI PARROCCHETTO — Caricaboline del parrocchetto,,133,,1.50,,12.13,133-BrigOf160Tons.jpg,FORE TOPMAST — Buntlines,,,160,160
1691,Brig 160t,FORE TOPMAST,Leechlines,ALBERETTO DI PARROCCHETTO — Caricascotte/leechlines del parrocchetto,,133,,1.50,,12.13,133-BrigOf160Tons.jpg,FORE TOPMAST — Leechlines,,,160,160
1692,Brig 160t,FORE TOPMAST,Bowlines,ALBERETTO DI PARROCCHETTO — Boline del parrocchetto,,133,,2,,16.17,133-BrigOf160Tons.jpg,FORE TOPMAST — Bowlines,,,160,160
1693,Brig 160t,FORE TOPMAST,Sheets,ALBERETTO DI PARROCCHETTO — Scotte del parrocchetto,,133,,3.50,,28.30,133-BrigOf160Tons.jpg,FORE TOPMAST — Sheets,,,160,160
1694,Brig 160t,MAIN MAST,"Shrouds, cabled fine",ALBERO MAESTRO — Sartie maestre,,134,,5,,40.43,134-BrigOf160Tons.jpg,"MAIN MAST — Shrouds, cabled fine",,,160,160
1695,Brig 160t,MAIN MAST,Ratling,ALBERO MAESTRO — Griselle maestre,,134,,1,,8.09,134-BrigOf160Tons.jpg,MAIN MAST — Ratling,,,160,160
1696,Brig 160t,MAIN MAST,"Stay, cabled 4 strands fine",ALBERO MAESTRO — Strallo maestro,,134,,7.50,,60.64,134-BrigOf160Tons.jpg,"MAIN MAST — Stay, cabled 4 strands fine",,,160,160
1697,Brig 160t,MAIN MAST,"Preventer stay, cabled 4 strands fine",ALBERO MAESTRO — Controstrallo maestro,,134,,5.50,,44.47,134-BrigOf160Tons.jpg,"MAIN MAST — Preventer stay, cabled 4 strands fine",,,160,160
1698,Brig 160t,MAIN MAST,Catharpin legs,ALBERO MAESTRO — Catarpine maestre,,134,,3,,24.26,134-BrigOf160Tons.jpg,MAIN MAST — Catharpin legs,,,160,160
1699,Brig 160t,MAIN MAST,Jeers — tye,ALBERO MAESTRO — Jeers/drizza del pennone maestro,,134,,5,,40.43,134-BrigOf160Tons.jpg,MAIN MAST — Jeers — tye,,,160,160
1700,Brig 160t,MAIN MAST,Yard tackle pendants,ALBERO MAESTRO — Pendenti dei paranchi del pennone maestro,,134,,4,,32.34,134-BrigOf160Tons.jpg,MAIN MAST — Yard tackle pendants,,,160,160
1701,Brig 160t,MAIN MAST,Braces,ALBERO MAESTRO — Bracci del pennone maestro,,134,,3,,24.26,134-BrigOf160Tons.jpg,MAIN MAST — Braces,,,160,160
1702,Brig 160t,MAIN MAST,Brace pendants,ALBERO MAESTRO — Pendenti dei bracci maestri,,134,,3,,24.26,134-BrigOf160Tons.jpg,MAIN MAST — Brace pendants,,,160,160
1703,Brig 160t,MAIN MAST,Lifts,ALBERO MAESTRO — Amantigli del pennone maestro,,134,,2.50,,20.21,134-BrigOf160Tons.jpg,MAIN MAST — Lifts,,,160,160
1704,Brig 160t,MAIN COURSE,Clew-garnets,VELA MAESTRA — Caricascotte della maestra,,135,,2.50,,20.21,135-BrigOf160Tons.jpg,MAIN COURSE — Clew-garnets,,,160,160
1705,Brig 160t,MAIN COURSE,Buntline legs,VELA MAESTRA — Caricaboline della maestra,,135,,2,,16.17,135-BrigOf160Tons.jpg,MAIN COURSE — Buntline legs,,,160,160
1706,Brig 160t,MAIN COURSE,Leechline legs,VELA MAESTRA — Leechlines della maestra,,135,,1.50,,12.13,135-BrigOf160Tons.jpg,MAIN COURSE — Leechline legs,,,160,160
1707,Brig 160t,MAIN COURSE,Slablines,VELA MAESTRA — Slablines della maestra,,135,,1.50,,12.13,135-BrigOf160Tons.jpg,MAIN COURSE — Slablines,,,160,160
1708,Brig 160t,MAIN COURSE,Bowlines,VELA MAESTRA — Boline della maestra,,135,,3,,24.26,135-BrigOf160Tons.jpg,MAIN COURSE — Bowlines,,,160,160
1709,Brig 160t,MAIN COURSE,"Sheets, cabled",VELA MAESTRA — Scotte della maestra,,135,,4,,32.34,135-BrigOf160Tons.jpg,"MAIN COURSE — Sheets, cabled",,,160,160
1710,Brig 160t,MAIN COURSE,"Tacks, taper and cabled",VELA MAESTRA — Mure della maestra,,135,,5,,40.43,135-BrigOf160Tons.jpg,"MAIN COURSE — Tacks, taper and cabled",,,160,160
1711,Brig 160t,MAIN TOPMAST,Burton pendants,ALBERETTO DI GABBIA MAESTRA — Pendenti Burton di gabbia maestra,,135,,3,,24.26,135-BrigOf160Tons.jpg,MAIN TOPMAST — Burton pendants,,,160,160
1712,Brig 160t,MAIN TOPMAST,"Shrouds, fine",ALBERETTO DI GABBIA MAESTRA — Sartie di gabbia maestra,,135,,3.50,,28.30,135-BrigOf160Tons.jpg,"MAIN TOPMAST — Shrouds, fine",,,160,160
1713,Brig 160t,MAIN TOPMAST,Ratling,ALBERETTO DI GABBIA MAESTRA — Griselle di gabbia maestra,,135,,1,,8.09,135-BrigOf160Tons.jpg,MAIN TOPMAST — Ratling,,,160,160
1714,Brig 160t,MAIN TOPMAST,"Standing backstays, fine",ALBERETTO DI GABBIA MAESTRA — Paterazzi fissi di gabbia maestra,,135,,3.50,,28.30,135-BrigOf160Tons.jpg,"MAIN TOPMAST — Standing backstays, fine",,,160,160
1715,Brig 160t,MAIN TOPMAST,Breast backstay runners,ALBERETTO DI GABBIA MAESTRA — Corridori paterazzi laterali di gabbia,,135,,2.50,,20.21,135-BrigOf160Tons.jpg,MAIN TOPMAST — Breast backstay runners,,,160,160
1716,Brig 160t,MAIN TOPMAST,"Stay, cabled 4 strands fine",ALBERETTO DI GABBIA MAESTRA — Strallo di gabbia maestra,,135,,4,,32.34,135-BrigOf160Tons.jpg,"MAIN TOPMAST — Stay, cabled 4 strands fine",,,160,160
1717,Brig 160t,MAIN TOPMAST,"Preventer stay, cabled 4 strands fine",ALBERETTO DI GABBIA MAESTRA — Controstrallo di gabbia maestra,,135,,3,,24.26,135-BrigOf160Tons.jpg,"MAIN TOPMAST — Preventer stay, cabled 4 strands fine",,,160,160
1718,Brig 160t,MAIN TOPMAST,"Shifting backstays, fine",ALBERETTO DI GABBIA MAESTRA — Paterazzi volanti di gabbia maestra,,135,,3.50,,28.30,135-BrigOf160Tons.jpg,"MAIN TOPMAST — Shifting backstays, fine",,,160,160
1719,Brig 160t,MAIN TOPMAST,"Futtock shrouds, fine",ALBERETTO DI GABBIA MAESTRA — Sartie di coffa di gabbia maestra,,135,,3.50,,28.30,135-BrigOf160Tons.jpg,"MAIN TOPMAST — Futtock shrouds, fine",,,160,160
1720,Brig 160t,MAIN TOPMAST,"Top rope pendants, fine",ALBERETTO DI GABBIA MAESTRA — Pendenti top-rope di gabbia maestra,,135,,4,,32.34,135-BrigOf160Tons.jpg,"MAIN TOPMAST — Top rope pendants, fine",,,160,160
1721,Brig 160t,MAIN TOPGALLANT,Shrouds,ALBERETTO DI VELACCIO MAESTRO — Sartie di velaccio maestro,,136,,2,,16.17,136-BrigOf160Tons.jpg,MAIN TOPGALLANT — Shrouds,,,160,160
1722,Brig 160t,MAIN TOPGALLANT,Standing backstays,ALBERETTO DI VELACCIO MAESTRO — Paterazzi fissi di velaccio maestro,,136,,2,,16.17,136-BrigOf160Tons.jpg,MAIN TOPGALLANT — Standing backstays,,,160,160
1723,Brig 160t,MAIN TOPGALLANT,"Stay, cabled 4 strands",ALBERETTO DI VELACCIO MAESTRO — Strallo di velaccio maestro,,136,,2.50,,20.21,136-BrigOf160Tons.jpg,"MAIN TOPGALLANT — Stay, cabled 4 strands",,,160,160
1724,Brig 160t,MAIN TOPGALLANT,Tye,ALBERETTO DI VELACCIO MAESTRO — Tye/drizza del velaccio maestro,,136,,2,,16.17,136-BrigOf160Tons.jpg,MAIN TOPGALLANT — Tye,,,160,160
1725,Brig 160t,MAIN TOPGALLANT,Braces,ALBERETTO DI VELACCIO MAESTRO — Bracci del velaccio maestro,,136,,1.50,,12.13,136-BrigOf160Tons.jpg,MAIN TOPGALLANT — Braces,,,160,160
1726,Brig 160t,MAIN TOPGALLANT,"Lifts, single",ALBERETTO DI VELACCIO MAESTRO — Amantigli del velaccio maestro,,136,,2,,16.17,136-BrigOf160Tons.jpg,"MAIN TOPGALLANT — Lifts, single",,,160,160
1727,Brig 160t,MAIN TOPGALLANT,Clewlines,ALBERETTO DI VELACCIO MAESTRO — Imbrogli del velaccio maestro,,136,,1.50,,12.13,136-BrigOf160Tons.jpg,MAIN TOPGALLANT — Clewlines,,,160,160
1728,Brig 160t,MAIN TOPGALLANT,Bowlines,ALBERETTO DI VELACCIO MAESTRO — Boline del velaccio maestro,,136,,1.50,,12.13,136-BrigOf160Tons.jpg,MAIN TOPGALLANT — Bowlines,,,160,160
1729,Brig 160t,NECESSARY ROPES,Winding tackle pendant,CORDAMI DI SERVIZIO — Pendante del paranco di tonneggio,,137,,4,,32.34,137-BrigOf160Tons.jpg,NECESSARY ROPES — Winding tackle pendant,,,160,160
1730,Brig 160t,NECESSARY ROPES,Cat falls,CORDAMI DI SERVIZIO — Cavi di caponatura dell'ancora,,137,,2.50,,20.21,137-BrigOf160Tons.jpg,NECESSARY ROPES — Cat falls,,,160,160
1731,Brig 160t,NECESSARY ROPES,Fish tackle pendant,CORDAMI DI SERVIZIO — Pendante del paranco di pescaggio dell'ancora,,137,,4,,32.34,137-BrigOf160Tons.jpg,NECESSARY ROPES — Fish tackle pendant,,,160,160
1732,Brig 160t,NECESSARY ROPES,Fish tackle fall,CORDAMI DI SERVIZIO — Corrente del paranco di pescaggio dell'ancora,,137,,2,,16.17,137-BrigOf160Tons.jpg,NECESSARY ROPES — Fish tackle fall,,,160,160
1733,Brig 160t,NECESSARY ROPES,Anchor stock tackle fall,CORDAMI DI SERVIZIO — Corrente paranco del ceppo d'ancora,,137,,2,,16.17,137-BrigOf160Tons.jpg,NECESSARY ROPES — Anchor stock tackle fall,,,160,160
1734,Brig 160t,NECESSARY ROPES,Bill pendant,CORDAMI DI SERVIZIO — Pendante Bill,,137,,3,,24.26,137-BrigOf160Tons.jpg,NECESSARY ROPES — Bill pendant,,,160,160
1735,Brig 160t,NECESSARY ROPES,Stoppers — sheet/best/small bower/spare,CORDAMI DI SERVIZIO — Bozze delle ancore principali,,137,,4,,32.34,137-BrigOf160Tons.jpg,NECESSARY ROPES — Stoppers — sheet/best/small bower/spare,,,160,160
1736,Brig 160t,NECESSARY ROPES,"Wing, cabled",CORDAMI DI SERVIZIO — Cavo wing,,137,,4,,32.34,137-BrigOf160Tons.jpg,"NECESSARY ROPES — Wing, cabled",,,160,160
1737,Brig 160t,NECESSARY ROPES,Dog,CORDAMI DI SERVIZIO — Cavo dog,,137,,4,,32.34,137-BrigOf160Tons.jpg,NECESSARY ROPES — Dog,,,160,160
1738,Brig 160t,NECESSARY ROPES,"Stream anchor, cabled",CORDAMI DI SERVIZIO — Gomena dell'ancora di corrente,,137,,2.50,,20.21,137-BrigOf160Tons.jpg,"NECESSARY ROPES — Stream anchor, cabled",,,160,160
1739,Brig 160t,NECESSARY ROPES,Kedge,CORDAMI DI SERVIZIO — Gomena dell'ancorotto,,137,,2,,16.17,137-BrigOf160Tons.jpg,NECESSARY ROPES — Kedge,,,160,160
1740,Brig 160t,NECESSARY ROPES,"Deck & bit, cabled",CORDAMI DI SERVIZIO — Cavi di coperta e bitte,,137,,6,,48.51,137-BrigOf160Tons.jpg,"NECESSARY ROPES — Deck & bit, cabled",,,160,160
1741,Brig 160t,PINNACE,Halliards main and fore,PINNACCIA — Drizze maestra e trinchetto della pinnaccia,,138,,1.50,,12.13,138-BrigOf160Tons.jpg,PINNACE — Halliards main and fore,,,160,160
1742,Brig 160t,PINNACE,Sheets,PINNACCIA — Scotte della pinnaccia,,138,,1.50,,12.13,138-BrigOf160Tons.jpg,PINNACE — Sheets,,,160,160
1743,Brig 160t,PINNACE,"Grapnel-rope, cabled",PINNACCIA — Gomena del grappino della pinnaccia,,138,,3,,24.26,138-BrigOf160Tons.jpg,"PINNACE — Grapnel-rope, cabled",,,160,160
1744,Brig 160t,PINNACE,Painter,PINNACCIA — Barbetta della pinnaccia,,138,,3,,24.26,138-BrigOf160Tons.jpg,PINNACE — Painter,,,160,160
1745,Brig 160t,YAWL OR CUTTER,Halliards (if cutters),IOLE / CUTTER — Drizze della iole/cutter,,138,,1.50,,12.13,138-BrigOf160Tons.jpg,YAWL OR CUTTER — Halliards (if cutters),,,160,160
1746,Brig 160t,YAWL OR CUTTER,Sheets,IOLE / CUTTER — Scotte della iole/cutter,,138,,1.5 / 1.0,,10.10,138-BrigOf160Tons.jpg,YAWL OR CUTTER — Sheets,,Steel riporta più circonferenze nella stessa voce aggregata del database.,160,160
1747,Brig 160t,YAWL OR CUTTER,"Grapnel-rope, cabled",IOLE / CUTTER — Gomena del grappino della iole/cutter,,138,,3,,24.26,138-BrigOf160Tons.jpg,"YAWL OR CUTTER — Grapnel-rope, cabled",,,160,160
1748,Brig 160t,YAWL OR CUTTER,Painter,IOLE / CUTTER — Barbetta della iole/cutter,,138,,3,,24.26,138-BrigOf160Tons.jpg,YAWL OR CUTTER — Painter,,,160,160
1749,Ketch 150t,BOWSPRIT,Strap,,,145,,2.50,,20.21,145-KetchOf150Tons.jpg,,,,150,150
1750,Ketch 150t,BOWSPRIT,Gammoning,,,145,,3.50,,28.30,145-KetchOf150Tons.jpg,,,,150,150
1751,Ketch 150t,BOWSPRIT,"Shrouds, fine, 1 Pair",,,145,,3.50,,28.30,145-KetchOf150Tons.jpg,,,,150,150
1752,Ketch 150t,BOWSPRIT,"Lanyards, fine, 2",,,145,,1,,8.09,145-KetchOf150Tons.jpg,,,,150,150
1753,Ketch 150t,BOWSPRIT,"Bobstay cabled, fine, 2 Pair",,,145,,3,,24.26,145-KetchOf150Tons.jpg,,,,150,150
1754,Ketch 150t,BOWSPRIT,"Collars, fine, 2",,,145,,2.50,,20.21,145-KetchOf150Tons.jpg,,,,150,150
1755,Ketch 150t,BOWSPRIT,"Lanyards, fine, 2",,,145,,1.50,,12.13,145-KetchOf150Tons.jpg,,,,150,150
1756,Ketch 150t,BOWSPRIT,"Horses, 2",,,145,,3,,24.26,145-KetchOf150Tons.jpg,,,,150,150
1757,Ketch 150t,BOWSPRIT,"Lanyards, 2",,,145,,1.50,,12.13,145-KetchOf150Tons.jpg,,,,150,150
1758,Ketch 150t,BOWSPRIT,Sheets cabled,,,145,,2,,16.17,145-KetchOf150Tons.jpg,,,,150,150
1759,Ketch 150t,BOWSPRIT,Ropebands and Earings,,,145,,1,,8.09,145-KetchOf150Tons.jpg,,,,150,150
1760,Ketch 150t,BOWSPRIT,Halyards,,,145,,2.50,,20.21,145-KetchOf150Tons.jpg,,,,150,150
1761,Ketch 150t,JIBB,"Stay cabled, 4 Strands",,,145,,4.50,,36.38,145-KetchOf150Tons.jpg,,,,150,150
1762,Ketch 150t,JIBB,"Sheets, 2",,,145,,4.50,,36.38,145-KetchOf150Tons.jpg,,,,150,150
1763,Ketch 150t,JIBB,Tack,,,145,,2,,16.17,145-KetchOf150Tons.jpg,,,,150,150
1764,Ketch 150t,JIBB,Halyard,,,145,,2,,16.17,145-KetchOf150Tons.jpg,,,,150,150
1765,Ketch 150t,JIBB,"Halyard, second",,,145,,1.50,,12.13,145-KetchOf150Tons.jpg,,,,150,150
1766,Ketch 150t,JIBB,Downhaller,,,145,,2,,16.17,145-KetchOf150Tons.jpg,,,,150,150
1767,Ketch 150t,JIBB,"Brails, 2",,,145,,1.50,,12.13,145-KetchOf150Tons.jpg,,,,150,150
1768,Ketch 150t,JIBB,"Lanyards, 2",,,145,,1.50,,12.13,145-KetchOf150Tons.jpg,,,,150,150
1769,Ketch 150t,JIBB,Boom Halyards,,,145,,2,,16.17,145-KetchOf150Tons.jpg,,,,150,150
1770,Ketch 150t,JIBB,Inhaller,,,145,,1.50,,12.13,145-KetchOf150Tons.jpg,,,,150,150
1771,Ketch 150t,FORE-SAIL,Halyard,,,145,,2.50,,20.21,145-KetchOf150Tons.jpg,,,,150,150
1772,Ketch 150t,FORE-SAIL,Downhaller,,,145,,1.50,,12.13,145-KetchOf150Tons.jpg,,,,150,150
1773,Ketch 150t,FORE-SAIL,Bowline,,,145,,2,,16.17,145-KetchOf150Tons.jpg,,,,150,150
1774,Ketch 150t,FORE-SAIL,"Sheets tapered and cabled, 2",,,145,,2.50,,20.21,145-KetchOf150Tons.jpg,,,,150,150
1775,Ketch 150t,MAIN-MAST,"Girdlines, 2",,,145,,2.50,,20.21,145-KetchOf150Tons.jpg,,,,150,150
1776,Ketch 150t,MAIN-MAST,"Lashings, 2",,,145,,1,,8.09,145-KetchOf150Tons.jpg,,,,150,150
1777,Ketch 150t,MAIN-MAST,"Pendants of Tackles cab. fine, 2",,,145,,4,,32.34,145-KetchOf150Tons.jpg,,,,150,150
1778,Ketch 150t,MAIN-MAST,"Seizings, 2",,,145,,0.50,,4.04,145-KetchOf150Tons.jpg,,,,150,150
1779,Ketch 150t,MAIN-MAST,"Runners of Tackles, 2",,,145,,3.50,,28.30,145-KetchOf150Tons.jpg,,,,150,150
1780,Ketch 150t,MAIN-MAST,"Falls, 2",,,145,,2,,16.17,145-KetchOf150Tons.jpg,,,,150,150
1781,Ketch 150t,MAIN-MAST,"Shrouds cabled, fine, 6 Pair",,,145,,6,,48.51,145-KetchOf150Tons.jpg,,,,150,150
1782,Ketch 150t,MAIN-MAST,Ratling,,,145,,1,,8.09,145-KetchOf150Tons.jpg,,,,150,150
1783,Ketch 150t,MAIN-MAST,"Stay cabled, 4 Strands, fine",,,145,,10,,80.85,145-KetchOf150Tons.jpg,,,,150,150
1784,Ketch 150t,MAIN-MAST,"Catharpin Legs, 3",,,145,,1.50,,12.13,145-KetchOf150Tons.jpg,,,,150,150
1785,Ketch 150t,MAIN-MAST,"Burton Tackle Runners, 2",,,145,,3.50,,28.30,145-KetchOf150Tons.jpg,,,,150,150
1786,Ketch 150t,MAIN-MAST,Crowfoot for the Top,,,145,,1,,8.09,145-KetchOf150Tons.jpg,,,,150,150
1787,Ketch 150t,MAIN-MAST,Jeers Tye,,,145,,4.50,,36.38,145-KetchOf150Tons.jpg,,,,150,150
1788,Ketch 150t,MAIN-MAST,"Braces, 2",,,145,,2.50,,20.21,145-KetchOf150Tons.jpg,,,,150,150
1789,Ketch 150t,MAIN-MAST,"Pendants, 2",,,145,,3,,24.26,145-KetchOf150Tons.jpg,,,,150,150
1790,Ketch 150t,MAIN-MAST,"Lifts, 2",,,145,,2.50,,20.21,145-KetchOf150Tons.jpg,,,,150,150
1791,Ketch 150t,MAIN-MAST,"Parrel Ropes, 2",,,145,,3,,24.26,145-KetchOf150Tons.jpg,,,,150,150
1792,Ketch 150t,MAIN-MAST,"Clew-garnets, 2",,,145,,2.50,,20.21,145-KetchOf150Tons.jpg,,,,150,150
1793,Ketch 150t,MAIN-MAST,"Buntline Legs Falls, 2 Pair",,,145,,2,,16.17,145-KetchOf150Tons.jpg,,,,150,150
1794,Ketch 150t,MAIN-MAST,"Leechline Legs Falls, 2",,,146,,2,,16.17,146-KetchOf150Tons.jpg,,,,150,150
1795,Ketch 150t,MAIN-MAST,"Bowlines, 2",,,146,,4,,32.34,146-KetchOf150Tons.jpg,,,,150,150
1796,Ketch 150t,MAIN-MAST,"Bridles, 4",,,146,,4,,32.34,146-KetchOf150Tons.jpg,,,,150,150
1797,Ketch 150t,MAIN-MAST,"Sheets tapered and cab., 2",,,146,,4.50,,36.38,146-KetchOf150Tons.jpg,,,,150,150
1798,Ketch 150t,MAIN-MAST,"Tacks tapered and cabled, 2",,,146,,5.50,,44.47,146-KetchOf150Tons.jpg,,,,150,150
1799,Ketch 150t,MAIN-TOP-MAST,"Shrouds, fine, 3 Pair",,,146,,3.50,,28.30,146-KetchOf150Tons.jpg,,,,150,150
1800,Ketch 150t,MAIN-TOP-MAST,Ratling,,,146,,1,,8.09,146-KetchOf150Tons.jpg,,,,150,150
1801,Ketch 150t,MAIN-TOP-MAST,"Standing Backstays, fine, 2 Pr.",,,146,,3.50,,28.30,146-KetchOf150Tons.jpg,,,,150,150
1802,Ketch 150t,MAIN-TOP-MAST,"Stay cabled, 4 Strands, fine",,,146,,3.50,,28.30,146-KetchOf150Tons.jpg,,,,150,150
1803,Ketch 150t,MAIN-TOP-MAST,"Runners, fine",,,146,,3.50,,28.30,146-KetchOf150Tons.jpg,,,,150,150
1804,Ketch 150t,MAIN-TOP-MAST,"Shifting Backstays, fine, 1 Pair",,,146,,3.50,,28.30,146-KetchOf150Tons.jpg,,,,150,150
1805,Ketch 150t,MAIN-TOP-MAST,"Futtock Shrouds, fine, 4 Pair",,,146,,3.50,,28.30,146-KetchOf150Tons.jpg,,,,150,150
1806,Ketch 150t,MAIN-TOP-MAST,"Top Rope Pendant, fine",,,146,,4.50,,36.38,146-KetchOf150Tons.jpg,,,,150,150
1807,Ketch 150t,MAIN-TOP-MAST,Tye,,,146,,3.50,,28.30,146-KetchOf150Tons.jpg,,,,150,150
1808,Ketch 150t,MAIN-TOP-MAST,Halyard,,,146,,2,,16.17,146-KetchOf150Tons.jpg,,,,150,150
1809,Ketch 150t,MAIN-TOP-MAST,"Braces, 2",,,146,,2,,16.17,146-KetchOf150Tons.jpg,,,,150,150
1810,Ketch 150t,MAIN-TOP-MAST,"Lifts, 2",,,146,,2,,16.17,146-KetchOf150Tons.jpg,,,,150,150
1811,Ketch 150t,MAIN-TOP-MAST,"Parrel Ropes, 2",,,146,,2,,16.17,146-KetchOf150Tons.jpg,,,,150,150
1812,Ketch 150t,MIZEN-MAST,"Girdlines, 2",,,146,,2,,16.17,146-KetchOf150Tons.jpg,,,,150,150
1813,Ketch 150t,MIZEN-MAST,"Lashings, 2",,,146,,1,,8.09,146-KetchOf150Tons.jpg,,,,150,150
1814,Ketch 150t,MIZEN-MAST,"Shrouds, fine, 3 Pair",,,146,,3,,24.26,146-KetchOf150Tons.jpg,,,,150,150
1815,Ketch 150t,MIZEN-MAST,Ratling,,,146,,1,,8.09,146-KetchOf150Tons.jpg,,,,150,150
1816,Ketch 150t,MIZEN-MAST,"Stay cabled, 4 Strands, fine",,,146,,3.50,,28.30,146-KetchOf150Tons.jpg,,,,150,150
1817,Ketch 150t,MIZEN-MAST,Halyard and Strap,,,146,,1.50,,12.13,146-KetchOf150Tons.jpg,,,,150,150
1818,Ketch 150t,MIZEN-MAST,Jeers,,,146,,2,,16.17,146-KetchOf150Tons.jpg,,,,150,150
1819,Ketch 150t,MIZEN-MAST,"Backstays, 1 Pair",,,146,,2.50,,20.21,146-KetchOf150Tons.jpg,,,,150,150
1820,Ketch 150t,MIZEN-MAST,Sheet,,,146,,2,,16.17,146-KetchOf150Tons.jpg,,,,150,150
1821,Ketch 150t,CROSS-JACK-YARD,"Braces, 2",,,146,,1.50,,12.13,146-KetchOf150Tons.jpg,,,,150,150
1822,Ketch 150t,CROSS-JACK-YARD,"Lifts Standing, 2",,,146,,1.50,,12.13,146-KetchOf150Tons.jpg,,,,150,150
1823,Ketch 150t,MIZEN-TOP-MAST,"Shrouds, fine, 2 Pair",,,147,,2,,16.17,147-KetchOf150Tons.jpg,,,,150,150
1824,Ketch 150t,MIZEN-TOP-MAST,Ratling,,,147,,0.50,,4.04,147-KetchOf150Tons.jpg,,,,150,150
1825,Ketch 150t,MIZEN-TOP-MAST,"Standing Backstays, fine, 1 Pair",,,147,,1.50,,12.13,147-KetchOf150Tons.jpg,,,,150,150
1826,Ketch 150t,MIZEN-TOP-MAST,"Stay cabled, 4 Strands, fine",,,147,,1,,8.09,147-KetchOf150Tons.jpg,,,,150,150
1827,Ketch 150t,MIZEN-TOP-MAST,Tye,,,147,,1.50,,12.13,147-KetchOf150Tons.jpg,,,,150,150
1828,Ketch 150t,NECESSARY ROPES,"Cat Falls, 2",,,147,,2.50,,20.21,147-KetchOf150Tons.jpg,,,,150,150
1829,Ketch 150t,NECESSARY ROPES,Fish Tackle Pendant,,,147,,4,,32.34,147-KetchOf150Tons.jpg,,,,150,150
1830,Ketch 150t,NECESSARY ROPES,"Stoppers, Sheet Anchor",,,147,,3,,24.26,147-KetchOf150Tons.jpg,,,,150,150
1831,Ketch 150t,NECESSARY ROPES,Best Bower,,,147,,3,,24.26,147-KetchOf150Tons.jpg,,,,150,150
1832,Ketch 150t,NECESSARY ROPES,Small Ditto,,,147,,3,,24.26,147-KetchOf150Tons.jpg,,,,150,150
1833,Ketch 150t,NECESSARY ROPES,Deck and Bit cabled,,,147,,5,,40.43,147-KetchOf150Tons.jpg,,,,150,150
1834,Sloop 130t,BOWSPRIT,Gammoning,,,143,,3.50,,28.30,143-SloopOf130Tons.jpg,,,,130,130
1835,Sloop 130t,BOWSPRIT,Lanyards,,,143,,2.50,,20.21,143-SloopOf130Tons.jpg,,,,130,130
1836,Sloop 130t,BOWSPRIT,"Shrouds, 1 Pair",,,143,,3.50,,28.30,143-SloopOf130Tons.jpg,,,,130,130
1837,Sloop 130t,BOWSPRIT,"Tackle Falls, 2",,,143,,2,,16.17,143-SloopOf130Tons.jpg,,,,130,130
1838,Sloop 130t,BOWSPRIT,Horses,,,143,,3,,24.26,143-SloopOf130Tons.jpg,,,,130,130
1839,Sloop 130t,BOWSPRIT,Lanyards,,,143,,1,,8.09,143-SloopOf130Tons.jpg,,,,130,130
1840,Sloop 130t,BOWSPRIT,Strap,,,143,,2.50,,20.21,143-SloopOf130Tons.jpg,,,,130,130
1841,Sloop 130t,JIBB,"Stay cabled, 4 strands, fine",,,143,,4.50,,36.38,143-SloopOf130Tons.jpg,,,,130,130
1842,Sloop 130t,JIBB,Halyard,,,143,,2.50,,20.21,143-SloopOf130Tons.jpg,,,,130,130
1843,Sloop 130t,JIBB,"Sheets cable laid, 2",,,143,,3.50,,28.30,143-SloopOf130Tons.jpg,,,,130,130
1844,Sloop 130t,JIBB,Downhaller,,,143,,1.50,,12.13,143-SloopOf130Tons.jpg,,,,130,130
1845,Sloop 130t,FORE-MAST,Sail Halyards,,,143,,2.50,,20.21,143-SloopOf130Tons.jpg,,,,130,130
1846,Sloop 130t,FORE-MAST,Downhaller,,,143,,1.50,,12.13,143-SloopOf130Tons.jpg,,,,130,130
1847,Sloop 130t,FORE-MAST,Jack Tackle,,,143,,1,,8.09,143-SloopOf130Tons.jpg,,,,130,130
1848,Sloop 130t,FORE-MAST,Bowline,,,143,,3,,24.26,143-SloopOf130Tons.jpg,,,,130,130
1849,Sloop 130t,FORE-MAST,Bridles,,,143,,3,,24.26,143-SloopOf130Tons.jpg,,,,130,130
1850,Sloop 130t,FORE-MAST,Sheets,,,143,,3,,24.26,143-SloopOf130Tons.jpg,,,,130,130
1851,Sloop 130t,FORE-MAST,"Fore Burton Pendants, 1 Pair",,,143,,3,,24.26,143-SloopOf130Tons.jpg,,,,130,130
1852,Sloop 130t,FORE-MAST,"Falls, 2",,,143,,2.50,,20.21,143-SloopOf130Tons.jpg,,,,130,130
1853,Sloop 130t,MAIN-MAST,"Girdlines, 2",,,143,,2.50,,20.21,143-SloopOf130Tons.jpg,,,,130,130
1854,Sloop 130t,MAIN-MAST,"Lashings, 2",,,143,,1,,8.09,143-SloopOf130Tons.jpg,,,,130,130
1855,Sloop 130t,MAIN-MAST,"Pendants of Tackles, 2",,,143,,4.50,,36.38,143-SloopOf130Tons.jpg,,,,130,130
1856,Sloop 130t,MAIN-MAST,"Runners of Tackles, 2",,,143,,4.50,,36.38,143-SloopOf130Tons.jpg,,,,130,130
1857,Sloop 130t,MAIN-MAST,"Falls, 2",,,143,,2.50,,20.21,143-SloopOf130Tons.jpg,,,,130,130
1858,Sloop 130t,MAIN-MAST,"Shrouds cabled fine, 4 Pair",,,143,,6,,48.51,143-SloopOf130Tons.jpg,,,,130,130
1859,Sloop 130t,MAIN-MAST,Ratling,,,143,,1,,8.09,143-SloopOf130Tons.jpg,,,,130,130
1860,Sloop 130t,MAIN-MAST,"Stay cabled, 4 Strands, fine",,,143,,9,,72.77,143-SloopOf130Tons.jpg,,,,130,130
1861,Sloop 130t,MAIN-MAST,Boom Topping Lift,,,143,,3.50,,28.30,143-SloopOf130Tons.jpg,,,,130,130
1862,Sloop 130t,MAIN-MAST,Runner,,,143,,3,,24.26,143-SloopOf130Tons.jpg,,,,130,130
1863,Sloop 130t,MAIN-MAST,Fall,,,143,,2,,16.17,143-SloopOf130Tons.jpg,,,,130,130
1864,Sloop 130t,MAIN-MAST,Guy Pendant,,,143,,4.50,,36.38,143-SloopOf130Tons.jpg,,,,130,130
1865,Sloop 130t,MAIN-MAST,Tackle Fall,,,143,,2.50,,20.21,143-SloopOf130Tons.jpg,,,,130,130
1866,Sloop 130t,MAIN-MAST,Gaff Span,,,143,,4.50,,36.38,143-SloopOf130Tons.jpg,,,,130,130
1867,Sloop 130t,MAIN-MAST,Inner Tye,,,143,,4.50,,36.38,143-SloopOf130Tons.jpg,,,,130,130
1868,Sloop 130t,MAIN-MAST,Inner Tye Halyard,,,143,,2.50,,20.21,143-SloopOf130Tons.jpg,,,,130,130
1869,Sloop 130t,MAIN-MAST,Outer Tye,,,143,,4.50,,36.38,143-SloopOf130Tons.jpg,,,,130,130
1870,Sloop 130t,MAIN-MAST,Outer Tye Halyard,,,143,,2.50,,20.21,143-SloopOf130Tons.jpg,,,,130,130
1871,Sloop 130t,MAIN-MAST,Sheet,,,143,,3,,24.26,143-SloopOf130Tons.jpg,,,,130,130
1872,Sloop 130t,NECESSARY ROPES,"Cat Falls, 2",,,144,,3.50,,28.30,144-SloopOf130Tons.jpg,,,,130,130
1873,Sloop 130t,NECESSARY ROPES,Fish Tackle Pendant,,,144,,3.50,,28.30,144-SloopOf130Tons.jpg,,,,130,130
1874,Sloop 130t,NECESSARY ROPES,Sheet Bower,,,144,,3,,24.26,144-SloopOf130Tons.jpg,,,,130,130
1875,Sloop 130t,NECESSARY ROPES,Small Bower,,,144,,3,,24.26,144-SloopOf130Tons.jpg,,,,130,130
1876,Sloop 130t,NECESSARY ROPES,Stream Anchor,,,144,,3,,24.26,144-SloopOf130Tons.jpg,,,,130,130
1877,Sloop 130t,NECESSARY ROPES,Kedge,,,144,,3,,24.26,144-SloopOf130Tons.jpg,,,,130,130
1878,Sloop 130t,NECESSARY ROPES,"Deck and Bit, cabled",,,144,,3,,24.26,144-SloopOf130Tons.jpg,,,,130,130
#end
